{"platform": {"All_Weights": {"Bias_Weight": 1341.6284603718657, "Categorical_Variables": {}, "Numerical_Variables": {"bpf_cpu_time_us": {"scale": 91498.0, "mean": 0, "variance": 0, "weight": -131.34188944995918}, "cache_miss": {"scale": 1726446003.6666667, "mean": 0, "variance": 0, "weight": 94.14423556493482}, "cgroupfs_cpu_usage_us": {"scale": 12701836.666666666, "mean": 0, "variance": 0, "weight": 15.534671714590386}, "cgroupfs_memory_usage_bytes": {"scale": 4781397.333333334, "mean": 0, "variance": 0, "weight": -101.79410187056868}, "cgroupfs_system_cpu_usage_us": {"scale": 2793123.3333333335, "mean": 0, "variance": 0, "weight": 26.465515537873053}, "cgroupfs_user_cpu_usage_us": {"scale": 9953209.0, "mean": 0, "variance": 0, "weight": 12.397550956728633}, "cpu_cycles": {"scale": 149306295734.0, "mean": 0, "variance": 0, "weight": 356.4396688551116}, "cpu_instructions": {"scale": 214099185926.3333, "mean": 0, "variance": 0, "weight": 73.31840200701009}, "kubelet_cpu_usage": {"scale": 604.6666666666666, "mean": 0, "variance": 0, "weight": -80.13531290247944}, "kubelet_memory_bytes": {"scale": 14456564394.666668, "mean": 0, "variance": 0, "weight": -158.88476603754114}}}}}