{"model_name": "XgboostFitTrainer_1", "model_class": "xgboost", "model_file": "XgboostFitTrainer_1.json", "features": ["cache_miss", "cpu_cycles", "cpu_instructions"], "fe_files": [], "output_type": "AbsPower", "mae": 4.068664756238685, "mape": 1.9672522803720565, "package_mae": 4.068664756238685, "core_mae": 1.3356274394027423e-05, "uncore_mae": 1.3356274394027423e-05, "dram_mae": 1.1197200204926603, "package_mape": 4.4663234993542185, "core_mape": 0, "uncore_mape": 0, "dram_mape": 1.9672522803720565}