{"package": {"model_file": "package.pkl", "features": ["cgroupfs_cpu_usage_us", "cgroupfs_memory_usage_bytes", "cgroupfs_system_cpu_usage_us", "cgroupfs_user_cpu_usage_us"], "fe_files": ["scaler.pkl", "poly_scaler.pkl"]}, "core": {"model_file": "core.pkl", "features": ["cgroupfs_cpu_usage_us", "cgroupfs_memory_usage_bytes", "cgroupfs_system_cpu_usage_us", "cgroupfs_user_cpu_usage_us"], "fe_files": ["scaler.pkl", "poly_scaler.pkl"]}, "uncore": {"model_file": "uncore.pkl", "features": ["cgroupfs_cpu_usage_us", "cgroupfs_memory_usage_bytes", "cgroupfs_system_cpu_usage_us", "cgroupfs_user_cpu_usage_us"], "fe_files": ["scaler.pkl", "poly_scaler.pkl"]}, "dram": {"model_file": "dram.pkl", "features": ["cgroupfs_cpu_usage_us", "cgroupfs_memory_usage_bytes", "cgroupfs_system_cpu_usage_us", "cgroupfs_user_cpu_usage_us"], "fe_files": ["scaler.pkl", "poly_scaler.pkl"]}}