{"package": {"All_Weights": {"Bias_Weight": 107.23613274710367, "Categorical_Variables": {}, "Numerical_Variables": {"bpf_cpu_time_us": {"scale": 91498.0, "mean": 0, "variance": 0, "weight": -150.30482561046304}, "cache_miss": {"scale": 1726446003.6666667, "mean": 0, "variance": 0, "weight": 45.9345499987754}, "cgroupfs_cpu_usage_us": {"scale": 12701836.666666666, "mean": 0, "variance": 0, "weight": -4.716235371012269}, "cgroupfs_memory_usage_bytes": {"scale": 4781397.333333334, "mean": 0, "variance": 0, "weight": -14.850382955342608}, "cgroupfs_system_cpu_usage_us": {"scale": 2793123.3333333335, "mean": 0, "variance": 0, "weight": -1.9438688403376383}, "cgroupfs_user_cpu_usage_us": {"scale": 9953209.0, "mean": 0, "variance": 0, "weight": -5.473083028925597}, "cpu_cycles": {"scale": 149306295734.0, "mean": 0, "variance": 0, "weight": 397.21079414788375}, "cpu_instructions": {"scale": 214099185926.3333, "mean": 0, "variance": 0, "weight": 96.15133349070481}, "kubelet_cpu_usage": {"scale": 604.6666666666666, "mean": 0, "variance": 0, "weight": -0.2083396945378856}, "kubelet_memory_bytes": {"scale": 14456564394.666668, "mean": 0, "variance": 0, "weight": 16.67931911824907}}}}, "core": {"All_Weights": {"Bias_Weight": 0.0, "Categorical_Variables": {}, "Numerical_Variables": {"bpf_cpu_time_us": {"scale": 91498.0, "mean": 0, "variance": 0, "weight": 0.0}, "cache_miss": {"scale": 1726446003.6666667, "mean": 0, "variance": 0, "weight": 0.0}, "cgroupfs_cpu_usage_us": {"scale": 12701836.666666666, "mean": 0, "variance": 0, "weight": 0.0}, "cgroupfs_memory_usage_bytes": {"scale": 4781397.333333334, "mean": 0, "variance": 0, "weight": 0.0}, "cgroupfs_system_cpu_usage_us": {"scale": 2793123.3333333335, "mean": 0, "variance": 0, "weight": 0.0}, "cgroupfs_user_cpu_usage_us": {"scale": 9953209.0, "mean": 0, "variance": 0, "weight": 0.0}, "cpu_cycles": {"scale": 149306295734.0, "mean": 0, "variance": 0, "weight": 0.0}, "cpu_instructions": {"scale": 214099185926.3333, "mean": 0, "variance": 0, "weight": 0.0}, "kubelet_cpu_usage": {"scale": 604.6666666666666, "mean": 0, "variance": 0, "weight": 0.0}, "kubelet_memory_bytes": {"scale": 14456564394.666668, "mean": 0, "variance": 0, "weight": 0.0}}}}, "uncore": {"All_Weights": {"Bias_Weight": 0.0, "Categorical_Variables": {}, "Numerical_Variables": {"bpf_cpu_time_us": {"scale": 91498.0, "mean": 0, "variance": 0, "weight": 0.0}, "cache_miss": {"scale": 1726446003.6666667, "mean": 0, "variance": 0, "weight": 0.0}, "cgroupfs_cpu_usage_us": {"scale": 12701836.666666666, "mean": 0, "variance": 0, "weight": 0.0}, "cgroupfs_memory_usage_bytes": {"scale": 4781397.333333334, "mean": 0, "variance": 0, "weight": 0.0}, "cgroupfs_system_cpu_usage_us": {"scale": 2793123.3333333335, "mean": 0, "variance": 0, "weight": 0.0}, "cgroupfs_user_cpu_usage_us": {"scale": 9953209.0, "mean": 0, "variance": 0, "weight": 0.0}, "cpu_cycles": {"scale": 149306295734.0, "mean": 0, "variance": 0, "weight": 0.0}, "cpu_instructions": {"scale": 214099185926.3333, "mean": 0, "variance": 0, "weight": 0.0}, "kubelet_cpu_usage": {"scale": 604.6666666666666, "mean": 0, "variance": 0, "weight": 0.0}, "kubelet_memory_bytes": {"scale": 14456564394.666668, "mean": 0, "variance": 0, "weight": 0.0}}}}, "dram": {"All_Weights": {"Bias_Weight": 50.221364691080204, "Categorical_Variables": {}, "Numerical_Variables": {"bpf_cpu_time_us": {"scale": 91498.0, "mean": 0, "variance": 0, "weight": 1.8522657690912114}, "cache_miss": {"scale": 1726446003.6666667, "mean": 0, "variance": 0, "weight": 50.213764398771396}, "cgroupfs_cpu_usage_us": {"scale": 12701836.666666666, "mean": 0, "variance": 0, "weight": -0.5710359396440124}, "cgroupfs_memory_usage_bytes": {"scale": 4781397.333333334, "mean": 0, "variance": 0, "weight": 0.9953140619796671}, "cgroupfs_system_cpu_usage_us": {"scale": 2793123.3333333335, "mean": 0, "variance": 0, "weight": -0.4111063390458442}, "cgroupfs_user_cpu_usage_us": {"scale": 9953209.0, "mean": 0, "variance": 0, "weight": -0.6133625637744243}, "cpu_cycles": {"scale": 149306295734.0, "mean": 0, "variance": 0, "weight": 10.353030419115077}, "cpu_instructions": {"scale": 214099185926.3333, "mean": 0, "variance": 0, "weight": -13.41044147209432}, "kubelet_cpu_usage": {"scale": 604.6666666666666, "mean": 0, "variance": 0, "weight": -0.8868465273495542}, "kubelet_memory_bytes": {"scale": 14456564394.666668, "mean": 0, "variance": 0, "weight": 9.030350392579114}}}}}