{"platform": {"All_Weights": {"Bias_Weight": 1293.5986724750721, "Categorical_Variables": {}, "Numerical_Variables": {"bpf_block_irq": {"scale": 21.666666666666668, "mean": 0, "variance": 0, "weight": 324.50948049785853}, "bpf_cpu_time_us": {"scale": 91498.0, "mean": 0, "variance": 0, "weight": 227.51355951527242}, "bpf_net_rx_irq": {"scale": 12680.666666666668, "mean": 0, "variance": 0, "weight": 1412.1047979414725}, "bpf_net_tx_irq": {"scale": 1.6666666666666667, "mean": 0, "variance": 0, "weight": 88.4173291756259}}}}}