{"model_name": "GradientBoostingRegressorTrainer_1", "model_class": "scikit", "model_file": "GradientBoostingRegressorTrainer_1.json", "features": ["bpf_cpu_time_us", "bpf_page_cache_hit", "cache_miss", "cgroupfs_cpu_usage_us", "cgroupfs_memory_usage_bytes", "cgroupfs_system_cpu_usage_us", "cgroupfs_user_cpu_usage_us", "cpu_cycles", "cpu_instructions", "kubelet_cpu_usage", "kubelet_memory_bytes"], "fe_files": [], "output_type": "DynPower", "mae": 3.5191258482033048, "mape": 65959980516322.94, "package_mae": 3.5191258482033048, "core_mae": 0.0, "uncore_mae": 0.0, "dram_mae": 0.763784450290648, "package_mape": 43.076921893849686, "core_mape": 0, "uncore_mape": 0, "dram_mape": 65959980516322.94}