{"platform": {"All_Weights": {"Bias_Weight": 881.7675937936319, "Categorical_Variables": {}, "Numerical_Variables": {"bpf_block_irq": {"scale": 3.3333333333333335, "mean": 0, "variance": 0, "weight": 5.041008436660128}, "bpf_net_rx_irq": {"scale": 122.33333333333333, "mean": 0, "variance": 0, "weight": -34.61838616666963}, "bpf_net_tx_irq": {"scale": 0.6666666666666666, "mean": 0, "variance": 0, "weight": 41.461010900140906}, "cache_miss": {"scale": 1721389657.0, "mean": 0, "variance": 0, "weight": 98.38245138509113}, "cpu_cycles": {"scale": 148099636063.0, "mean": 0, "variance": 0, "weight": 219.07495842622748}, "cpu_instructions": {"scale": 213934713999.66666, "mean": 0, "variance": 0, "weight": 85.65135164048192}}}}}