{"model_name": "LinearRegressionTrainer_1", "model_class": "scikit", "model_file": "LinearRegressionTrainer_1.json", "features": ["bpf_block_irq", "bpf_net_rx_irq", "bpf_net_tx_irq", "cache_miss", "cpu_cycles", "cpu_instructions"], "fe_files": [], "output_type": "DynPower", "mae": 10.41390715027108, "mape": 88.05505057056753, "package_mae": 10.41390715027108, "core_mae": 0.0, "uncore_mae": 0.0, "dram_mae": 2.6294791759773566, "package_mape": 115.8987958287276, "core_mape": 0, "uncore_mape": 0, "dram_mape": 88.05505057056753}