{"package": {"All_Weights": {"Bias_Weight": -796082911.1938242, "Categorical_Variables": {}, "Numerical_Variables": {"cgroupfs_cpu_usage_us": {"mean": 0.0, "variance": 0.0, "weight": 14951934512165.064}, "cgroupfs_memory_usage_bytes": {"mean": 0.0, "variance": 0.0, "weight": 10800055393643.303}, "cgroupfs_system_cpu_usage_us": {"mean": 0.0, "variance": 0.0, "weight": -2811472466322.3223}, "cgroupfs_user_cpu_usage_us": {"mean": 0.0, "variance": 0.0, "weight": -1745375290550.278}}}}, "core": {"All_Weights": {"Bias_Weight": 0.0, "Categorical_Variables": {}, "Numerical_Variables": {"cgroupfs_cpu_usage_us": {"mean": 0.0, "variance": 0.0, "weight": 0.0}, "cgroupfs_memory_usage_bytes": {"mean": 0.0, "variance": 0.0, "weight": 0.0}, "cgroupfs_system_cpu_usage_us": {"mean": 0.0, "variance": 0.0, "weight": 0.0}, "cgroupfs_user_cpu_usage_us": {"mean": 0.0, "variance": 0.0, "weight": 0.0}}}}, "uncore": {"All_Weights": {"Bias_Weight": 0.0, "Categorical_Variables": {}, "Numerical_Variables": {"cgroupfs_cpu_usage_us": {"mean": 0.0, "variance": 0.0, "weight": 0.0}, "cgroupfs_memory_usage_bytes": {"mean": 0.0, "variance": 0.0, "weight": 0.0}, "cgroupfs_system_cpu_usage_us": {"mean": 0.0, "variance": 0.0, "weight": 0.0}, "cgroupfs_user_cpu_usage_us": {"mean": 0.0, "variance": 0.0, "weight": 0.0}}}}, "dram": {"All_Weights": {"Bias_Weight": -1851386111.8193827, "Categorical_Variables": {}, "Numerical_Variables": {"cgroupfs_cpu_usage_us": {"mean": 0.0, "variance": 0.0, "weight": -8936334908686.617}, "cgroupfs_memory_usage_bytes": {"mean": 0.0, "variance": 0.0, "weight": 7535017882738.574}, "cgroupfs_system_cpu_usage_us": {"mean": 0.0, "variance": 0.0, "weight": -7701540489804.915}, "cgroupfs_user_cpu_usage_us": {"mean": 0.0, "variance": 0.0, "weight": 16291672608706.488}}}}}