{"model_name": "PolynomialRegressionTrainer_1", "model_class": "scikit", "model_file": "PolynomialRegressionTrainer_1.json", "features": ["bpf_block_irq", "bpf_cpu_time_us", "bpf_net_rx_irq", "bpf_net_tx_irq", "bpf_page_cache_hit"], "fe_files": ["poly_scaler.pkl"], "output_type": "AbsPower", "mae": 17.20891694900432, "mape": 8.185648398906256, "package_mae": 17.20891694900432, "core_mae": 0.0, "uncore_mae": 0.0, "dram_mae": 4.576939929096051, "package_mape": 17.075445205934532, "core_mape": 0, "uncore_mape": 0, "dram_mape": 8.185648398906256}