{"package": {"All_Weights": {"Bias_Weight": 372.6973267093022, "Categorical_Variables": {}, "Numerical_Variables": {"cgroupfs_cpu_usage_us": {"mean": 0.0, "variance": 0.0, "weight": 0.0}, "cgroupfs_memory_usage_bytes": {"mean": 0.0, "variance": 0.0, "weight": 0.0}, "cgroupfs_system_cpu_usage_us": {"mean": 0.0, "variance": 0.0, "weight": 0.0}, "cgroupfs_user_cpu_usage_us": {"mean": 0.0, "variance": 0.0, "weight": 0.0}}}}, "core": {"All_Weights": {"Bias_Weight": 0.0, "Categorical_Variables": {}, "Numerical_Variables": {"cgroupfs_cpu_usage_us": {"mean": 0.0, "variance": 0.0, "weight": 0.0}, "cgroupfs_memory_usage_bytes": {"mean": 0.0, "variance": 0.0, "weight": 0.0}, "cgroupfs_system_cpu_usage_us": {"mean": 0.0, "variance": 0.0, "weight": 0.0}, "cgroupfs_user_cpu_usage_us": {"mean": 0.0, "variance": 0.0, "weight": 0.0}}}}, "uncore": {"All_Weights": {"Bias_Weight": 0.0, "Categorical_Variables": {}, "Numerical_Variables": {"cgroupfs_cpu_usage_us": {"mean": 0.0, "variance": 0.0, "weight": 0.0}, "cgroupfs_memory_usage_bytes": {"mean": 0.0, "variance": 0.0, "weight": 0.0}, "cgroupfs_system_cpu_usage_us": {"mean": 0.0, "variance": 0.0, "weight": 0.0}, "cgroupfs_user_cpu_usage_us": {"mean": 0.0, "variance": 0.0, "weight": 0.0}}}}, "dram": {"All_Weights": {"Bias_Weight": 139.1196183333664, "Categorical_Variables": {}, "Numerical_Variables": {"cgroupfs_cpu_usage_us": {"mean": 0.0, "variance": 0.0, "weight": 0.0}, "cgroupfs_memory_usage_bytes": {"mean": 0.0, "variance": 0.0, "weight": 0.0}, "cgroupfs_system_cpu_usage_us": {"mean": 0.0, "variance": 0.0, "weight": 0.0}, "cgroupfs_user_cpu_usage_us": {"mean": 0.0, "variance": 0.0, "weight": 0.0}}}}}