{"model_name": "GradientBoostingRegressorTrainer_1", "model_class": "scikit", "model_file": "GradientBoostingRegressorTrainer_1.json", "features": ["bpf_block_irq", "bpf_cpu_time_us", "bpf_net_rx_irq", "bpf_net_tx_irq", "bpf_page_cache_hit"], "fe_files": [], "output_type": "AbsPower", "mae": 12.378657410611419, "mape": 3.8133097377246514, "package_mae": 12.378657410611419, "core_mae": 0.0, "uncore_mae": 0.0, "dram_mae": 2.2033467561817783, "package_mape": 11.800402768742691, "core_mape": 0, "uncore_mape": 0, "dram_mape": 3.8133097377246514}