{"model_name": "PolynomialRegressionTrainer_1", "model_class": "scikit", "model_file": "PolynomialRegressionTrainer_1.json", "features": ["kubelet_cpu_usage", "kubelet_memory_bytes"], "fe_files": ["poly_scaler.pkl"], "output_type": "DynPower", "mae": 28.774298993777283, "mape": 1080789058949.192, "package_mae": 28.774298993777283, "core_mae": 0.0, "uncore_mae": 0.0, "dram_mae": 5.260911238528731, "package_mape": 639.7451492736292, "core_mape": 0, "uncore_mape": 0, "dram_mape": 1080789058949.192}