{"model_name": "SVRRegressorTrainer_1", "model_class": "scikit", "model_file": "SVRRegressorTrainer_1.json", "features": ["bpf_block_irq", "bpf_net_rx_irq", "bpf_net_tx_irq", "cache_miss", "cpu_cycles", "cpu_instructions"], "fe_files": [], "output_type": "DynPower", "mae": 7.954681650095069, "mape": 114744600440424.14, "package_mae": 7.954681650095069, "core_mae": 0.0, "uncore_mae": 0.0, "dram_mae": 1.5424395129173207, "package_mape": 36.90864663166154, "core_mape": 0, "uncore_mape": 0, "dram_mape": 114744600440424.14}