{"learner":{"attributes":{"best_iteration":"99","best_ntree_limit":"100","scikit_learn":"{\"n_estimators\": 100, \"objective\": \"reg:squarederror\", \"max_depth\": null, \"max_leaves\": null, \"max_bin\": null, \"grow_policy\": null, \"learning_rate\": 0.1, \"verbosity\": null, \"booster\": null, \"tree_method\": null, \"gamma\": null, \"min_child_weight\": null, \"max_delta_step\": null, \"subsample\": null, \"sampling_method\": null, \"colsample_bytree\": null, \"colsample_bylevel\": null, \"colsample_bynode\": null, \"reg_alpha\": null, \"reg_lambda\": null, \"scale_pos_weight\": null, \"base_score\": null, \"missing\": NaN, \"num_parallel_tree\": null, \"random_state\": null, \"n_jobs\": null, \"monotone_constraints\": null, \"interaction_constraints\": null, \"importance_type\": null, \"gpu_id\": null, \"validate_parameters\": null, \"predictor\": null, \"enable_categorical\": false, \"max_cat_to_onehot\": null, \"eval_metric\": null, \"early_stopping_rounds\": null, \"callbacks\": null, \"_estimator_type\": \"regressor\"}"},"feature_names":[],"feature_types":[],"gradient_booster":{"model":{"gbtree_model_param":{"num_parallel_tree":"1","num_trees":"100","size_leaf_vector":"0"},"tree_info":[0,0,0,0,0,0,0,0,0,0,0,0,0,0,0,0,0,0,0,0,0,0,0,0,0,0,0,0,0,0,0,0,0,0,0,0,0,0,0,0,0,0,0,0,0,0,0,0,0,0,0,0,0,0,0,0,0,0,0,0,0,0,0,0,0,0,0,0,0,0,0,0,0,0,0,0,0,0,0,0,0,0,0,0,0,0,0,0,0,0,0,0,0,0,0,0,0,0,0,0],"trees":[{"base_weights":[-4.9974462E-1],"categories":[],"categories_nodes":[],"categories_segments":[],"categories_sizes":[],"default_left":[0],"id":0,"left_children":[-1],"loss_changes":[0E0],"parents":[2147483647],"right_children":[-1],"split_conditions":[-4.9974464E-2],"split_indices":[0],"split_type":[0],"sum_hessian":[1.957E3],"tree_param":{"num_deleted":"0","num_feature":"11","num_nodes":"1","size_leaf_vector":"0"}},{"base_weights":[-4.497957E-1],"categories":[],"categories_nodes":[],"categories_segments":[],"categories_sizes":[],"default_left":[0],"id":1,"left_children":[-1],"loss_changes":[0E0],"parents":[2147483647],"right_children":[-1],"split_conditions":[-4.497957E-2],"split_indices":[0],"split_type":[0],"sum_hessian":[1.957E3],"tree_param":{"num_deleted":"0","num_feature":"11","num_nodes":"1","size_leaf_vector":"0"}},{"base_weights":[-4.048391E-1],"categories":[],"categories_nodes":[],"categories_segments":[],"categories_sizes":[],"default_left":[0],"id":2,"left_children":[-1],"loss_changes":[0E0],"parents":[2147483647],"right_children":[-1],"split_conditions":[-4.048391E-2],"split_indices":[0],"split_type":[0],"sum_hessian":[1.957E3],"tree_param":{"num_deleted":"0","num_feature":"11","num_nodes":"1","size_leaf_vector":"0"}},{"base_weights":[-3.6437583E-1],"categories":[],"categories_nodes":[],"categories_segments":[],"categories_sizes":[],"default_left":[0],"id":3,"left_children":[-1],"loss_changes":[0E0],"parents":[2147483647],"right_children":[-1],"split_conditions":[-3.6437582E-2],"split_indices":[0],"split_type":[0],"sum_hessian":[1.957E3],"tree_param":{"num_deleted":"0","num_feature":"11","num_nodes":"1","size_leaf_vector":"0"}},{"base_weights":[-3.279569E-1],"categories":[],"categories_nodes":[],"categories_segments":[],"categories_sizes":[],"default_left":[0],"id":4,"left_children":[-1],"loss_changes":[0E0],"parents":[2147483647],"right_children":[-1],"split_conditions":[-3.279569E-2],"split_indices":[0],"split_type":[0],"sum_hessian":[1.957E3],"tree_param":{"num_deleted":"0","num_feature":"11","num_nodes":"1","size_leaf_vector":"0"}},{"base_weights":[-2.9517794E-1],"categories":[],"categories_nodes":[],"categories_segments":[],"categories_sizes":[],"default_left":[0],"id":5,"left_children":[-1],"loss_changes":[0E0],"parents":[2147483647],"right_children":[-1],"split_conditions":[-2.9517794E-2],"split_indices":[0],"split_type":[0],"sum_hessian":[1.957E3],"tree_param":{"num_deleted":"0","num_feature":"11","num_nodes":"1","size_leaf_vector":"0"}},{"base_weights":[-2.6567522E-1],"categories":[],"categories_nodes":[],"categories_segments":[],"categories_sizes":[],"default_left":[0],"id":6,"left_children":[-1],"loss_changes":[0E0],"parents":[2147483647],"right_children":[-1],"split_conditions":[-2.6567522E-2],"split_indices":[0],"split_type":[0],"sum_hessian":[1.957E3],"tree_param":{"num_deleted":"0","num_feature":"11","num_nodes":"1","size_leaf_vector":"0"}},{"base_weights":[-2.3912126E-1],"categories":[],"categories_nodes":[],"categories_segments":[],"categories_sizes":[],"default_left":[0],"id":7,"left_children":[-1],"loss_changes":[0E0],"parents":[2147483647],"right_children":[-1],"split_conditions":[-2.3912126E-2],"split_indices":[0],"split_type":[0],"sum_hessian":[1.957E3],"tree_param":{"num_deleted":"0","num_feature":"11","num_nodes":"1","size_leaf_vector":"0"}},{"base_weights":[-2.1522135E-1],"categories":[],"categories_nodes":[],"categories_segments":[],"categories_sizes":[],"default_left":[0],"id":8,"left_children":[-1],"loss_changes":[0E0],"parents":[2147483647],"right_children":[-1],"split_conditions":[-2.1522135E-2],"split_indices":[0],"split_type":[0],"sum_hessian":[1.957E3],"tree_param":{"num_deleted":"0","num_feature":"11","num_nodes":"1","size_leaf_vector":"0"}},{"base_weights":[-1.937102E-1],"categories":[],"categories_nodes":[],"categories_segments":[],"categories_sizes":[],"default_left":[0],"id":9,"left_children":[-1],"loss_changes":[0E0],"parents":[2147483647],"right_children":[-1],"split_conditions":[-1.937102E-2],"split_indices":[0],"split_type":[0],"sum_hessian":[1.957E3],"tree_param":{"num_deleted":"0","num_feature":"11","num_nodes":"1","size_leaf_vector":"0"}},{"base_weights":[-1.7434907E-1],"categories":[],"categories_nodes":[],"categories_segments":[],"categories_sizes":[],"default_left":[0],"id":10,"left_children":[-1],"loss_changes":[0E0],"parents":[2147483647],"right_children":[-1],"split_conditions":[-1.7434908E-2],"split_indices":[0],"split_type":[0],"sum_hessian":[1.957E3],"tree_param":{"num_deleted":"0","num_feature":"11","num_nodes":"1","size_leaf_vector":"0"}},{"base_weights":[-1.5692307E-1],"categories":[],"categories_nodes":[],"categories_segments":[],"categories_sizes":[],"default_left":[0],"id":11,"left_children":[-1],"loss_changes":[0E0],"parents":[2147483647],"right_children":[-1],"split_conditions":[-1.5692307E-2],"split_indices":[0],"split_type":[0],"sum_hessian":[1.957E3],"tree_param":{"num_deleted":"0","num_feature":"11","num_nodes":"1","size_leaf_vector":"0"}},{"base_weights":[-1.4123878E-1],"categories":[],"categories_nodes":[],"categories_segments":[],"categories_sizes":[],"default_left":[0],"id":12,"left_children":[-1],"loss_changes":[0E0],"parents":[2147483647],"right_children":[-1],"split_conditions":[-1.4123878E-2],"split_indices":[0],"split_type":[0],"sum_hessian":[1.957E3],"tree_param":{"num_deleted":"0","num_feature":"11","num_nodes":"1","size_leaf_vector":"0"}},{"base_weights":[-1.2712212E-1],"categories":[],"categories_nodes":[],"categories_segments":[],"categories_sizes":[],"default_left":[0],"id":13,"left_children":[-1],"loss_changes":[0E0],"parents":[2147483647],"right_children":[-1],"split_conditions":[-1.2712212E-2],"split_indices":[0],"split_type":[0],"sum_hessian":[1.957E3],"tree_param":{"num_deleted":"0","num_feature":"11","num_nodes":"1","size_leaf_vector":"0"}},{"base_weights":[-1.144164E-1],"categories":[],"categories_nodes":[],"categories_segments":[],"categories_sizes":[],"default_left":[0],"id":14,"left_children":[-1],"loss_changes":[0E0],"parents":[2147483647],"right_children":[-1],"split_conditions":[-1.144164E-2],"split_indices":[0],"split_type":[0],"sum_hessian":[1.957E3],"tree_param":{"num_deleted":"0","num_feature":"11","num_nodes":"1","size_leaf_vector":"0"}},{"base_weights":[-1.029806E-1],"categories":[],"categories_nodes":[],"categories_segments":[],"categories_sizes":[],"default_left":[0],"id":15,"left_children":[-1],"loss_changes":[0E0],"parents":[2147483647],"right_children":[-1],"split_conditions":[-1.029806E-2],"split_indices":[0],"split_type":[0],"sum_hessian":[1.957E3],"tree_param":{"num_deleted":"0","num_feature":"11","num_nodes":"1","size_leaf_vector":"0"}},{"base_weights":[-9.26878E-2],"categories":[],"categories_nodes":[],"categories_segments":[],"categories_sizes":[],"default_left":[0],"id":16,"left_children":[-1],"loss_changes":[0E0],"parents":[2147483647],"right_children":[-1],"split_conditions":[-9.26878E-3],"split_indices":[0],"split_type":[0],"sum_hessian":[1.957E3],"tree_param":{"num_deleted":"0","num_feature":"11","num_nodes":"1","size_leaf_vector":"0"}},{"base_weights":[-8.3423756E-2],"categories":[],"categories_nodes":[],"categories_segments":[],"categories_sizes":[],"default_left":[0],"id":17,"left_children":[-1],"loss_changes":[0E0],"parents":[2147483647],"right_children":[-1],"split_conditions":[-8.342376E-3],"split_indices":[0],"split_type":[0],"sum_hessian":[1.957E3],"tree_param":{"num_deleted":"0","num_feature":"11","num_nodes":"1","size_leaf_vector":"0"}},{"base_weights":[-7.508563E-2],"categories":[],"categories_nodes":[],"categories_segments":[],"categories_sizes":[],"default_left":[0],"id":18,"left_children":[-1],"loss_changes":[0E0],"parents":[2147483647],"right_children":[-1],"split_conditions":[-7.5085633E-3],"split_indices":[0],"split_type":[0],"sum_hessian":[1.957E3],"tree_param":{"num_deleted":"0","num_feature":"11","num_nodes":"1","size_leaf_vector":"0"}},{"base_weights":[-6.758091E-2],"categories":[],"categories_nodes":[],"categories_segments":[],"categories_sizes":[],"default_left":[0],"id":19,"left_children":[-1],"loss_changes":[0E0],"parents":[2147483647],"right_children":[-1],"split_conditions":[-6.758091E-3],"split_indices":[0],"split_type":[0],"sum_hessian":[1.957E3],"tree_param":{"num_deleted":"0","num_feature":"11","num_nodes":"1","size_leaf_vector":"0"}},{"base_weights":[-6.082627E-2],"categories":[],"categories_nodes":[],"categories_segments":[],"categories_sizes":[],"default_left":[0],"id":20,"left_children":[-1],"loss_changes":[0E0],"parents":[2147483647],"right_children":[-1],"split_conditions":[-6.0826275E-3],"split_indices":[0],"split_type":[0],"sum_hessian":[1.957E3],"tree_param":{"num_deleted":"0","num_feature":"11","num_nodes":"1","size_leaf_vector":"0"}},{"base_weights":[-5.474675E-2],"categories":[],"categories_nodes":[],"categories_segments":[],"categories_sizes":[],"default_left":[0],"id":21,"left_children":[-1],"loss_changes":[0E0],"parents":[2147483647],"right_children":[-1],"split_conditions":[-5.474675E-3],"split_indices":[0],"split_type":[0],"sum_hessian":[1.957E3],"tree_param":{"num_deleted":"0","num_feature":"11","num_nodes":"1","size_leaf_vector":"0"}},{"base_weights":[-4.927487E-2],"categories":[],"categories_nodes":[],"categories_segments":[],"categories_sizes":[],"default_left":[0],"id":22,"left_children":[-1],"loss_changes":[0E0],"parents":[2147483647],"right_children":[-1],"split_conditions":[-4.927487E-3],"split_indices":[0],"split_type":[0],"sum_hessian":[1.957E3],"tree_param":{"num_deleted":"0","num_feature":"11","num_nodes":"1","size_leaf_vector":"0"}},{"base_weights":[-4.43499E-2],"categories":[],"categories_nodes":[],"categories_segments":[],"categories_sizes":[],"default_left":[0],"id":23,"left_children":[-1],"loss_changes":[0E0],"parents":[2147483647],"right_children":[-1],"split_conditions":[-4.43499E-3],"split_indices":[0],"split_type":[0],"sum_hessian":[1.957E3],"tree_param":{"num_deleted":"0","num_feature":"11","num_nodes":"1","size_leaf_vector":"0"}},{"base_weights":[-3.9917175E-2],"categories":[],"categories_nodes":[],"categories_segments":[],"categories_sizes":[],"default_left":[0],"id":24,"left_children":[-1],"loss_changes":[0E0],"parents":[2147483647],"right_children":[-1],"split_conditions":[-3.9917175E-3],"split_indices":[0],"split_type":[0],"sum_hessian":[1.957E3],"tree_param":{"num_deleted":"0","num_feature":"11","num_nodes":"1","size_leaf_vector":"0"}},{"base_weights":[-3.5927497E-2],"categories":[],"categories_nodes":[],"categories_segments":[],"categories_sizes":[],"default_left":[0],"id":25,"left_children":[-1],"loss_changes":[0E0],"parents":[2147483647],"right_children":[-1],"split_conditions":[-3.5927498E-3],"split_indices":[0],"split_type":[0],"sum_hessian":[1.957E3],"tree_param":{"num_deleted":"0","num_feature":"11","num_nodes":"1","size_leaf_vector":"0"}},{"base_weights":[-3.233658E-2],"categories":[],"categories_nodes":[],"categories_segments":[],"categories_sizes":[],"default_left":[0],"id":26,"left_children":[-1],"loss_changes":[0E0],"parents":[2147483647],"right_children":[-1],"split_conditions":[-3.2336581E-3],"split_indices":[0],"split_type":[0],"sum_hessian":[1.957E3],"tree_param":{"num_deleted":"0","num_feature":"11","num_nodes":"1","size_leaf_vector":"0"}},{"base_weights":[-2.9104577E-2],"categories":[],"categories_nodes":[],"categories_segments":[],"categories_sizes":[],"default_left":[0],"id":27,"left_children":[-1],"loss_changes":[0E0],"parents":[2147483647],"right_children":[-1],"split_conditions":[-2.9104578E-3],"split_indices":[0],"split_type":[0],"sum_hessian":[1.957E3],"tree_param":{"num_deleted":"0","num_feature":"11","num_nodes":"1","size_leaf_vector":"0"}},{"base_weights":[-2.6195606E-2],"categories":[],"categories_nodes":[],"categories_segments":[],"categories_sizes":[],"default_left":[0],"id":28,"left_children":[-1],"loss_changes":[0E0],"parents":[2147483647],"right_children":[-1],"split_conditions":[-2.6195606E-3],"split_indices":[0],"split_type":[0],"sum_hessian":[1.957E3],"tree_param":{"num_deleted":"0","num_feature":"11","num_nodes":"1","size_leaf_vector":"0"}},{"base_weights":[-2.3577383E-2],"categories":[],"categories_nodes":[],"categories_segments":[],"categories_sizes":[],"default_left":[0],"id":29,"left_children":[-1],"loss_changes":[0E0],"parents":[2147483647],"right_children":[-1],"split_conditions":[-2.3577383E-3],"split_indices":[0],"split_type":[0],"sum_hessian":[1.957E3],"tree_param":{"num_deleted":"0","num_feature":"11","num_nodes":"1","size_leaf_vector":"0"}},{"base_weights":[-2.1220848E-2],"categories":[],"categories_nodes":[],"categories_segments":[],"categories_sizes":[],"default_left":[0],"id":30,"left_children":[-1],"loss_changes":[0E0],"parents":[2147483647],"right_children":[-1],"split_conditions":[-2.1220848E-3],"split_indices":[0],"split_type":[0],"sum_hessian":[1.957E3],"tree_param":{"num_deleted":"0","num_feature":"11","num_nodes":"1","size_leaf_vector":"0"}},{"base_weights":[-1.9099846E-2],"categories":[],"categories_nodes":[],"categories_segments":[],"categories_sizes":[],"default_left":[0],"id":31,"left_children":[-1],"loss_changes":[0E0],"parents":[2147483647],"right_children":[-1],"split_conditions":[-1.9099846E-3],"split_indices":[0],"split_type":[0],"sum_hessian":[1.957E3],"tree_param":{"num_deleted":"0","num_feature":"11","num_nodes":"1","size_leaf_vector":"0"}},{"base_weights":[-1.7190838E-2],"categories":[],"categories_nodes":[],"categories_segments":[],"categories_sizes":[],"default_left":[0],"id":32,"left_children":[-1],"loss_changes":[0E0],"parents":[2147483647],"right_children":[-1],"split_conditions":[-1.7190839E-3],"split_indices":[0],"split_type":[0],"sum_hessian":[1.957E3],"tree_param":{"num_deleted":"0","num_feature":"11","num_nodes":"1","size_leaf_vector":"0"}},{"base_weights":[-1.5472633E-2],"categories":[],"categories_nodes":[],"categories_segments":[],"categories_sizes":[],"default_left":[0],"id":33,"left_children":[-1],"loss_changes":[0E0],"parents":[2147483647],"right_children":[-1],"split_conditions":[-1.5472634E-3],"split_indices":[0],"split_type":[0],"sum_hessian":[1.957E3],"tree_param":{"num_deleted":"0","num_feature":"11","num_nodes":"1","size_leaf_vector":"0"}},{"base_weights":[-1.392616E-2],"categories":[],"categories_nodes":[],"categories_segments":[],"categories_sizes":[],"default_left":[0],"id":34,"left_children":[-1],"loss_changes":[0E0],"parents":[2147483647],"right_children":[-1],"split_conditions":[-1.392616E-3],"split_indices":[0],"split_type":[0],"sum_hessian":[1.957E3],"tree_param":{"num_deleted":"0","num_feature":"11","num_nodes":"1","size_leaf_vector":"0"}},{"base_weights":[-1.2534255E-2],"categories":[],"categories_nodes":[],"categories_segments":[],"categories_sizes":[],"default_left":[0],"id":35,"left_children":[-1],"loss_changes":[0E0],"parents":[2147483647],"right_children":[-1],"split_conditions":[-1.2534255E-3],"split_indices":[0],"split_type":[0],"sum_hessian":[1.957E3],"tree_param":{"num_deleted":"0","num_feature":"11","num_nodes":"1","size_leaf_vector":"0"}},{"base_weights":[-1.128147E-2],"categories":[],"categories_nodes":[],"categories_segments":[],"categories_sizes":[],"default_left":[0],"id":36,"left_children":[-1],"loss_changes":[0E0],"parents":[2147483647],"right_children":[-1],"split_conditions":[-1.128147E-3],"split_indices":[0],"split_type":[0],"sum_hessian":[1.957E3],"tree_param":{"num_deleted":"0","num_feature":"11","num_nodes":"1","size_leaf_vector":"0"}},{"base_weights":[-1.0153899E-2],"categories":[],"categories_nodes":[],"categories_segments":[],"categories_sizes":[],"default_left":[0],"id":37,"left_children":[-1],"loss_changes":[0E0],"parents":[2147483647],"right_children":[-1],"split_conditions":[-1.0153899E-3],"split_indices":[0],"split_type":[0],"sum_hessian":[1.957E3],"tree_param":{"num_deleted":"0","num_feature":"11","num_nodes":"1","size_leaf_vector":"0"}},{"base_weights":[-9.139027E-3],"categories":[],"categories_nodes":[],"categories_segments":[],"categories_sizes":[],"default_left":[0],"id":38,"left_children":[-1],"loss_changes":[0E0],"parents":[2147483647],"right_children":[-1],"split_conditions":[-9.1390277E-4],"split_indices":[0],"split_type":[0],"sum_hessian":[1.957E3],"tree_param":{"num_deleted":"0","num_feature":"11","num_nodes":"1","size_leaf_vector":"0"}},{"base_weights":[-8.225591E-3],"categories":[],"categories_nodes":[],"categories_segments":[],"categories_sizes":[],"default_left":[0],"id":39,"left_children":[-1],"loss_changes":[0E0],"parents":[2147483647],"right_children":[-1],"split_conditions":[-8.225591E-4],"split_indices":[0],"split_type":[0],"sum_hessian":[1.957E3],"tree_param":{"num_deleted":"0","num_feature":"11","num_nodes":"1","size_leaf_vector":"0"}},{"base_weights":[-7.403452E-3],"categories":[],"categories_nodes":[],"categories_segments":[],"categories_sizes":[],"default_left":[0],"id":40,"left_children":[-1],"loss_changes":[0E0],"parents":[2147483647],"right_children":[-1],"split_conditions":[-7.403452E-4],"split_indices":[0],"split_type":[0],"sum_hessian":[1.957E3],"tree_param":{"num_deleted":"0","num_feature":"11","num_nodes":"1","size_leaf_vector":"0"}},{"base_weights":[-6.663485E-3],"categories":[],"categories_nodes":[],"categories_segments":[],"categories_sizes":[],"default_left":[0],"id":41,"left_children":[-1],"loss_changes":[0E0],"parents":[2147483647],"right_children":[-1],"split_conditions":[-6.663485E-4],"split_indices":[0],"split_type":[0],"sum_hessian":[1.957E3],"tree_param":{"num_deleted":"0","num_feature":"11","num_nodes":"1","size_leaf_vector":"0"}},{"base_weights":[-5.9974766E-3],"categories":[],"categories_nodes":[],"categories_segments":[],"categories_sizes":[],"default_left":[0],"id":42,"left_children":[-1],"loss_changes":[0E0],"parents":[2147483647],"right_children":[-1],"split_conditions":[-5.997477E-4],"split_indices":[0],"split_type":[0],"sum_hessian":[1.957E3],"tree_param":{"num_deleted":"0","num_feature":"11","num_nodes":"1","size_leaf_vector":"0"}},{"base_weights":[-5.3980355E-3],"categories":[],"categories_nodes":[],"categories_segments":[],"categories_sizes":[],"default_left":[0],"id":43,"left_children":[-1],"loss_changes":[0E0],"parents":[2147483647],"right_children":[-1],"split_conditions":[-5.398036E-4],"split_indices":[0],"split_type":[0],"sum_hessian":[1.957E3],"tree_param":{"num_deleted":"0","num_feature":"11","num_nodes":"1","size_leaf_vector":"0"}},{"base_weights":[-4.858508E-3],"categories":[],"categories_nodes":[],"categories_segments":[],"categories_sizes":[],"default_left":[0],"id":44,"left_children":[-1],"loss_changes":[0E0],"parents":[2147483647],"right_children":[-1],"split_conditions":[-4.858508E-4],"split_indices":[0],"split_type":[0],"sum_hessian":[1.957E3],"tree_param":{"num_deleted":"0","num_feature":"11","num_nodes":"1","size_leaf_vector":"0"}},{"base_weights":[-4.3729045E-3],"categories":[],"categories_nodes":[],"categories_segments":[],"categories_sizes":[],"default_left":[0],"id":45,"left_children":[-1],"loss_changes":[0E0],"parents":[2147483647],"right_children":[-1],"split_conditions":[-4.3729047E-4],"split_indices":[0],"split_type":[0],"sum_hessian":[1.957E3],"tree_param":{"num_deleted":"0","num_feature":"11","num_nodes":"1","size_leaf_vector":"0"}},{"base_weights":[-3.9358377E-3],"categories":[],"categories_nodes":[],"categories_segments":[],"categories_sizes":[],"default_left":[0],"id":46,"left_children":[-1],"loss_changes":[0E0],"parents":[2147483647],"right_children":[-1],"split_conditions":[-3.9358376E-4],"split_indices":[0],"split_type":[0],"sum_hessian":[1.957E3],"tree_param":{"num_deleted":"0","num_feature":"11","num_nodes":"1","size_leaf_vector":"0"}},{"base_weights":[-3.542455E-3],"categories":[],"categories_nodes":[],"categories_segments":[],"categories_sizes":[],"default_left":[0],"id":47,"left_children":[-1],"loss_changes":[0E0],"parents":[2147483647],"right_children":[-1],"split_conditions":[-3.542455E-4],"split_indices":[0],"split_type":[0],"sum_hessian":[1.957E3],"tree_param":{"num_deleted":"0","num_feature":"11","num_nodes":"1","size_leaf_vector":"0"}},{"base_weights":[-3.1883905E-3],"categories":[],"categories_nodes":[],"categories_segments":[],"categories_sizes":[],"default_left":[0],"id":48,"left_children":[-1],"loss_changes":[0E0],"parents":[2147483647],"right_children":[-1],"split_conditions":[-3.1883907E-4],"split_indices":[0],"split_type":[0],"sum_hessian":[1.957E3],"tree_param":{"num_deleted":"0","num_feature":"11","num_nodes":"1","size_leaf_vector":"0"}},{"base_weights":[-2.8697143E-3],"categories":[],"categories_nodes":[],"categories_segments":[],"categories_sizes":[],"default_left":[0],"id":49,"left_children":[-1],"loss_changes":[0E0],"parents":[2147483647],"right_children":[-1],"split_conditions":[-2.8697142E-4],"split_indices":[0],"split_type":[0],"sum_hessian":[1.957E3],"tree_param":{"num_deleted":"0","num_feature":"11","num_nodes":"1","size_leaf_vector":"0"}},{"base_weights":[-2.5828893E-3],"categories":[],"categories_nodes":[],"categories_segments":[],"categories_sizes":[],"default_left":[0],"id":50,"left_children":[-1],"loss_changes":[0E0],"parents":[2147483647],"right_children":[-1],"split_conditions":[-2.5828893E-4],"split_indices":[0],"split_type":[0],"sum_hessian":[1.957E3],"tree_param":{"num_deleted":"0","num_feature":"11","num_nodes":"1","size_leaf_vector":"0"}},{"base_weights":[-2.3247325E-3],"categories":[],"categories_nodes":[],"categories_segments":[],"categories_sizes":[],"default_left":[0],"id":51,"left_children":[-1],"loss_changes":[0E0],"parents":[2147483647],"right_children":[-1],"split_conditions":[-2.3247325E-4],"split_indices":[0],"split_type":[0],"sum_hessian":[1.957E3],"tree_param":{"num_deleted":"0","num_feature":"11","num_nodes":"1","size_leaf_vector":"0"}},{"base_weights":[-2.092378E-3],"categories":[],"categories_nodes":[],"categories_segments":[],"categories_sizes":[],"default_left":[0],"id":52,"left_children":[-1],"loss_changes":[0E0],"parents":[2147483647],"right_children":[-1],"split_conditions":[-2.092378E-4],"split_indices":[0],"split_type":[0],"sum_hessian":[1.957E3],"tree_param":{"num_deleted":"0","num_feature":"11","num_nodes":"1","size_leaf_vector":"0"}},{"base_weights":[-1.883247E-3],"categories":[],"categories_nodes":[],"categories_segments":[],"categories_sizes":[],"default_left":[0],"id":53,"left_children":[-1],"loss_changes":[0E0],"parents":[2147483647],"right_children":[-1],"split_conditions":[-1.883247E-4],"split_indices":[0],"split_type":[0],"sum_hessian":[1.957E3],"tree_param":{"num_deleted":"0","num_feature":"11","num_nodes":"1","size_leaf_vector":"0"}},{"base_weights":[-1.6950185E-3],"categories":[],"categories_nodes":[],"categories_segments":[],"categories_sizes":[],"default_left":[0],"id":54,"left_children":[-1],"loss_changes":[0E0],"parents":[2147483647],"right_children":[-1],"split_conditions":[-1.6950186E-4],"split_indices":[0],"split_type":[0],"sum_hessian":[1.957E3],"tree_param":{"num_deleted":"0","num_feature":"11","num_nodes":"1","size_leaf_vector":"0"}},{"base_weights":[-1.5256032E-3],"categories":[],"categories_nodes":[],"categories_segments":[],"categories_sizes":[],"default_left":[0],"id":55,"left_children":[-1],"loss_changes":[0E0],"parents":[2147483647],"right_children":[-1],"split_conditions":[-1.5256033E-4],"split_indices":[0],"split_type":[0],"sum_hessian":[1.957E3],"tree_param":{"num_deleted":"0","num_feature":"11","num_nodes":"1","size_leaf_vector":"0"}},{"base_weights":[-1.3731208E-3],"categories":[],"categories_nodes":[],"categories_segments":[],"categories_sizes":[],"default_left":[0],"id":56,"left_children":[-1],"loss_changes":[0E0],"parents":[2147483647],"right_children":[-1],"split_conditions":[-1.3731209E-4],"split_indices":[0],"split_type":[0],"sum_hessian":[1.957E3],"tree_param":{"num_deleted":"0","num_feature":"11","num_nodes":"1","size_leaf_vector":"0"}},{"base_weights":[-1.2358788E-3],"categories":[],"categories_nodes":[],"categories_segments":[],"categories_sizes":[],"default_left":[0],"id":57,"left_children":[-1],"loss_changes":[0E0],"parents":[2147483647],"right_children":[-1],"split_conditions":[-1.2358789E-4],"split_indices":[0],"split_type":[0],"sum_hessian":[1.957E3],"tree_param":{"num_deleted":"0","num_feature":"11","num_nodes":"1","size_leaf_vector":"0"}},{"base_weights":[-1.1123541E-3],"categories":[],"categories_nodes":[],"categories_segments":[],"categories_sizes":[],"default_left":[0],"id":58,"left_children":[-1],"loss_changes":[0E0],"parents":[2147483647],"right_children":[-1],"split_conditions":[-1.11235415E-4],"split_indices":[0],"split_type":[0],"sum_hessian":[1.957E3],"tree_param":{"num_deleted":"0","num_feature":"11","num_nodes":"1","size_leaf_vector":"0"}},{"base_weights":[-1.0011755E-3],"categories":[],"categories_nodes":[],"categories_segments":[],"categories_sizes":[],"default_left":[0],"id":59,"left_children":[-1],"loss_changes":[0E0],"parents":[2147483647],"right_children":[-1],"split_conditions":[-1.0011755E-4],"split_indices":[0],"split_type":[0],"sum_hessian":[1.957E3],"tree_param":{"num_deleted":"0","num_feature":"11","num_nodes":"1","size_leaf_vector":"0"}},{"base_weights":[-9.01109E-4],"categories":[],"categories_nodes":[],"categories_segments":[],"categories_sizes":[],"default_left":[0],"id":60,"left_children":[-1],"loss_changes":[0E0],"parents":[2147483647],"right_children":[-1],"split_conditions":[-9.01109E-5],"split_indices":[0],"split_type":[0],"sum_hessian":[1.957E3],"tree_param":{"num_deleted":"0","num_feature":"11","num_nodes":"1","size_leaf_vector":"0"}},{"base_weights":[-8.110441E-4],"categories":[],"categories_nodes":[],"categories_segments":[],"categories_sizes":[],"default_left":[0],"id":61,"left_children":[-1],"loss_changes":[0E0],"parents":[2147483647],"right_children":[-1],"split_conditions":[-8.1104416E-5],"split_indices":[0],"split_type":[0],"sum_hessian":[1.957E3],"tree_param":{"num_deleted":"0","num_feature":"11","num_nodes":"1","size_leaf_vector":"0"}},{"base_weights":[-7.2998117E-4],"categories":[],"categories_nodes":[],"categories_segments":[],"categories_sizes":[],"default_left":[0],"id":62,"left_children":[-1],"loss_changes":[0E0],"parents":[2147483647],"right_children":[-1],"split_conditions":[-7.299812E-5],"split_indices":[0],"split_type":[0],"sum_hessian":[1.957E3],"tree_param":{"num_deleted":"0","num_feature":"11","num_nodes":"1","size_leaf_vector":"0"}},{"base_weights":[-6.570203E-4],"categories":[],"categories_nodes":[],"categories_segments":[],"categories_sizes":[],"default_left":[0],"id":63,"left_children":[-1],"loss_changes":[0E0],"parents":[2147483647],"right_children":[-1],"split_conditions":[-6.5702035E-5],"split_indices":[0],"split_type":[0],"sum_hessian":[1.957E3],"tree_param":{"num_deleted":"0","num_feature":"11","num_nodes":"1","size_leaf_vector":"0"}},{"base_weights":[-5.913519E-4],"categories":[],"categories_nodes":[],"categories_segments":[],"categories_sizes":[],"default_left":[0],"id":64,"left_children":[-1],"loss_changes":[0E0],"parents":[2147483647],"right_children":[-1],"split_conditions":[-5.913519E-5],"split_indices":[0],"split_type":[0],"sum_hessian":[1.957E3],"tree_param":{"num_deleted":"0","num_feature":"11","num_nodes":"1","size_leaf_vector":"0"}},{"base_weights":[-5.322469E-4],"categories":[],"categories_nodes":[],"categories_segments":[],"categories_sizes":[],"default_left":[0],"id":65,"left_children":[-1],"loss_changes":[0E0],"parents":[2147483647],"right_children":[-1],"split_conditions":[-5.322469E-5],"split_indices":[0],"split_type":[0],"sum_hessian":[1.957E3],"tree_param":{"num_deleted":"0","num_feature":"11","num_nodes":"1","size_leaf_vector":"0"}},{"base_weights":[-4.7904937E-4],"categories":[],"categories_nodes":[],"categories_segments":[],"categories_sizes":[],"default_left":[0],"id":66,"left_children":[-1],"loss_changes":[0E0],"parents":[2147483647],"right_children":[-1],"split_conditions":[-4.7904938E-5],"split_indices":[0],"split_type":[0],"sum_hessian":[1.957E3],"tree_param":{"num_deleted":"0","num_feature":"11","num_nodes":"1","size_leaf_vector":"0"}},{"base_weights":[-4.311689E-4],"categories":[],"categories_nodes":[],"categories_segments":[],"categories_sizes":[],"default_left":[0],"id":67,"left_children":[-1],"loss_changes":[0E0],"parents":[2147483647],"right_children":[-1],"split_conditions":[-4.3116892E-5],"split_indices":[0],"split_type":[0],"sum_hessian":[1.957E3],"tree_param":{"num_deleted":"0","num_feature":"11","num_nodes":"1","size_leaf_vector":"0"}},{"base_weights":[-3.8807403E-4],"categories":[],"categories_nodes":[],"categories_segments":[],"categories_sizes":[],"default_left":[0],"id":68,"left_children":[-1],"loss_changes":[0E0],"parents":[2147483647],"right_children":[-1],"split_conditions":[-3.8807404E-5],"split_indices":[0],"split_type":[0],"sum_hessian":[1.957E3],"tree_param":{"num_deleted":"0","num_feature":"11","num_nodes":"1","size_leaf_vector":"0"}},{"base_weights":[-3.4928645E-4],"categories":[],"categories_nodes":[],"categories_segments":[],"categories_sizes":[],"default_left":[0],"id":69,"left_children":[-1],"loss_changes":[0E0],"parents":[2147483647],"right_children":[-1],"split_conditions":[-3.4928646E-5],"split_indices":[0],"split_type":[0],"sum_hessian":[1.957E3],"tree_param":{"num_deleted":"0","num_feature":"11","num_nodes":"1","size_leaf_vector":"0"}},{"base_weights":[-3.1437565E-4],"categories":[],"categories_nodes":[],"categories_segments":[],"categories_sizes":[],"default_left":[0],"id":70,"left_children":[-1],"loss_changes":[0E0],"parents":[2147483647],"right_children":[-1],"split_conditions":[-3.1437565E-5],"split_indices":[0],"split_type":[0],"sum_hessian":[1.957E3],"tree_param":{"num_deleted":"0","num_feature":"11","num_nodes":"1","size_leaf_vector":"0"}},{"base_weights":[-2.8295413E-4],"categories":[],"categories_nodes":[],"categories_segments":[],"categories_sizes":[],"default_left":[0],"id":71,"left_children":[-1],"loss_changes":[0E0],"parents":[2147483647],"right_children":[-1],"split_conditions":[-2.8295413E-5],"split_indices":[0],"split_type":[0],"sum_hessian":[1.957E3],"tree_param":{"num_deleted":"0","num_feature":"11","num_nodes":"1","size_leaf_vector":"0"}},{"base_weights":[-2.5467318E-4],"categories":[],"categories_nodes":[],"categories_segments":[],"categories_sizes":[],"default_left":[0],"id":72,"left_children":[-1],"loss_changes":[0E0],"parents":[2147483647],"right_children":[-1],"split_conditions":[-2.546732E-5],"split_indices":[0],"split_type":[0],"sum_hessian":[1.957E3],"tree_param":{"num_deleted":"0","num_feature":"11","num_nodes":"1","size_leaf_vector":"0"}},{"base_weights":[-2.2921886E-4],"categories":[],"categories_nodes":[],"categories_segments":[],"categories_sizes":[],"default_left":[0],"id":73,"left_children":[-1],"loss_changes":[0E0],"parents":[2147483647],"right_children":[-1],"split_conditions":[-2.2921886E-5],"split_indices":[0],"split_type":[0],"sum_hessian":[1.957E3],"tree_param":{"num_deleted":"0","num_feature":"11","num_nodes":"1","size_leaf_vector":"0"}},{"base_weights":[-2.0630869E-4],"categories":[],"categories_nodes":[],"categories_segments":[],"categories_sizes":[],"default_left":[0],"id":74,"left_children":[-1],"loss_changes":[0E0],"parents":[2147483647],"right_children":[-1],"split_conditions":[-2.0630869E-5],"split_indices":[0],"split_type":[0],"sum_hessian":[1.957E3],"tree_param":{"num_deleted":"0","num_feature":"11","num_nodes":"1","size_leaf_vector":"0"}},{"base_weights":[-1.8568835E-4],"categories":[],"categories_nodes":[],"categories_segments":[],"categories_sizes":[],"default_left":[0],"id":75,"left_children":[-1],"loss_changes":[0E0],"parents":[2147483647],"right_children":[-1],"split_conditions":[-1.8568835E-5],"split_indices":[0],"split_type":[0],"sum_hessian":[1.957E3],"tree_param":{"num_deleted":"0","num_feature":"11","num_nodes":"1","size_leaf_vector":"0"}},{"base_weights":[-1.6712898E-4],"categories":[],"categories_nodes":[],"categories_segments":[],"categories_sizes":[],"default_left":[0],"id":76,"left_children":[-1],"loss_changes":[0E0],"parents":[2147483647],"right_children":[-1],"split_conditions":[-1.6712898E-5],"split_indices":[0],"split_type":[0],"sum_hessian":[1.957E3],"tree_param":{"num_deleted":"0","num_feature":"11","num_nodes":"1","size_leaf_vector":"0"}},{"base_weights":[-1.5042462E-4],"categories":[],"categories_nodes":[],"categories_segments":[],"categories_sizes":[],"default_left":[0],"id":77,"left_children":[-1],"loss_changes":[0E0],"parents":[2147483647],"right_children":[-1],"split_conditions":[-1.5042462E-5],"split_indices":[0],"split_type":[0],"sum_hessian":[1.957E3],"tree_param":{"num_deleted":"0","num_feature":"11","num_nodes":"1","size_leaf_vector":"0"}},{"base_weights":[-1.3538984E-4],"categories":[],"categories_nodes":[],"categories_segments":[],"categories_sizes":[],"default_left":[0],"id":78,"left_children":[-1],"loss_changes":[0E0],"parents":[2147483647],"right_children":[-1],"split_conditions":[-1.3538985E-5],"split_indices":[0],"split_type":[0],"sum_hessian":[1.957E3],"tree_param":{"num_deleted":"0","num_feature":"11","num_nodes":"1","size_leaf_vector":"0"}},{"base_weights":[-1.2185777E-4],"categories":[],"categories_nodes":[],"categories_segments":[],"categories_sizes":[],"default_left":[0],"id":79,"left_children":[-1],"loss_changes":[0E0],"parents":[2147483647],"right_children":[-1],"split_conditions":[-1.21857765E-5],"split_indices":[0],"split_type":[0],"sum_hessian":[1.957E3],"tree_param":{"num_deleted":"0","num_feature":"11","num_nodes":"1","size_leaf_vector":"0"}},{"base_weights":[-1.09678214E-4],"categories":[],"categories_nodes":[],"categories_segments":[],"categories_sizes":[],"default_left":[0],"id":80,"left_children":[-1],"loss_changes":[0E0],"parents":[2147483647],"right_children":[-1],"split_conditions":[-1.0967821E-5],"split_indices":[0],"split_type":[0],"sum_hessian":[1.957E3],"tree_param":{"num_deleted":"0","num_feature":"11","num_nodes":"1","size_leaf_vector":"0"}},{"base_weights":[-9.8715995E-5],"categories":[],"categories_nodes":[],"categories_segments":[],"categories_sizes":[],"default_left":[0],"id":81,"left_children":[-1],"loss_changes":[0E0],"parents":[2147483647],"right_children":[-1],"split_conditions":[-9.8716E-6],"split_indices":[0],"split_type":[0],"sum_hessian":[1.957E3],"tree_param":{"num_deleted":"0","num_feature":"11","num_nodes":"1","size_leaf_vector":"0"}},{"base_weights":[-8.884944E-5],"categories":[],"categories_nodes":[],"categories_segments":[],"categories_sizes":[],"default_left":[0],"id":82,"left_children":[-1],"loss_changes":[0E0],"parents":[2147483647],"right_children":[-1],"split_conditions":[-8.884944E-6],"split_indices":[0],"split_type":[0],"sum_hessian":[1.957E3],"tree_param":{"num_deleted":"0","num_feature":"11","num_nodes":"1","size_leaf_vector":"0"}},{"base_weights":[-7.996904E-5],"categories":[],"categories_nodes":[],"categories_segments":[],"categories_sizes":[],"default_left":[0],"id":83,"left_children":[-1],"loss_changes":[0E0],"parents":[2147483647],"right_children":[-1],"split_conditions":[-7.996904E-6],"split_indices":[0],"split_type":[0],"sum_hessian":[1.957E3],"tree_param":{"num_deleted":"0","num_feature":"11","num_nodes":"1","size_leaf_vector":"0"}},{"base_weights":[-7.197622E-5],"categories":[],"categories_nodes":[],"categories_segments":[],"categories_sizes":[],"default_left":[0],"id":84,"left_children":[-1],"loss_changes":[0E0],"parents":[2147483647],"right_children":[-1],"split_conditions":[-7.197622E-6],"split_indices":[0],"split_type":[0],"sum_hessian":[1.957E3],"tree_param":{"num_deleted":"0","num_feature":"11","num_nodes":"1","size_leaf_vector":"0"}},{"base_weights":[-6.478227E-5],"categories":[],"categories_nodes":[],"categories_segments":[],"categories_sizes":[],"default_left":[0],"id":85,"left_children":[-1],"loss_changes":[0E0],"parents":[2147483647],"right_children":[-1],"split_conditions":[-6.4782266E-6],"split_indices":[0],"split_type":[0],"sum_hessian":[1.957E3],"tree_param":{"num_deleted":"0","num_feature":"11","num_nodes":"1","size_leaf_vector":"0"}},{"base_weights":[-5.8307352E-5],"categories":[],"categories_nodes":[],"categories_segments":[],"categories_sizes":[],"default_left":[0],"id":86,"left_children":[-1],"loss_changes":[0E0],"parents":[2147483647],"right_children":[-1],"split_conditions":[-5.8307355E-6],"split_indices":[0],"split_type":[0],"sum_hessian":[1.957E3],"tree_param":{"num_deleted":"0","num_feature":"11","num_nodes":"1","size_leaf_vector":"0"}},{"base_weights":[-5.2479598E-5],"categories":[],"categories_nodes":[],"categories_segments":[],"categories_sizes":[],"default_left":[0],"id":87,"left_children":[-1],"loss_changes":[0E0],"parents":[2147483647],"right_children":[-1],"split_conditions":[-5.24796E-6],"split_indices":[0],"split_type":[0],"sum_hessian":[1.957E3],"tree_param":{"num_deleted":"0","num_feature":"11","num_nodes":"1","size_leaf_vector":"0"}},{"base_weights":[-4.723432E-5],"categories":[],"categories_nodes":[],"categories_segments":[],"categories_sizes":[],"default_left":[0],"id":88,"left_children":[-1],"loss_changes":[0E0],"parents":[2147483647],"right_children":[-1],"split_conditions":[-4.723432E-6],"split_indices":[0],"split_type":[0],"sum_hessian":[1.957E3],"tree_param":{"num_deleted":"0","num_feature":"11","num_nodes":"1","size_leaf_vector":"0"}},{"base_weights":[-4.25133E-5],"categories":[],"categories_nodes":[],"categories_segments":[],"categories_sizes":[],"default_left":[0],"id":89,"left_children":[-1],"loss_changes":[0E0],"parents":[2147483647],"right_children":[-1],"split_conditions":[-4.25133E-6],"split_indices":[0],"split_type":[0],"sum_hessian":[1.957E3],"tree_param":{"num_deleted":"0","num_feature":"11","num_nodes":"1","size_leaf_vector":"0"}},{"base_weights":[-3.8264137E-5],"categories":[],"categories_nodes":[],"categories_segments":[],"categories_sizes":[],"default_left":[0],"id":90,"left_children":[-1],"loss_changes":[0E0],"parents":[2147483647],"right_children":[-1],"split_conditions":[-3.826414E-6],"split_indices":[0],"split_type":[0],"sum_hessian":[1.957E3],"tree_param":{"num_deleted":"0","num_feature":"11","num_nodes":"1","size_leaf_vector":"0"}},{"base_weights":[-3.443968E-5],"categories":[],"categories_nodes":[],"categories_segments":[],"categories_sizes":[],"default_left":[0],"id":91,"left_children":[-1],"loss_changes":[0E0],"parents":[2147483647],"right_children":[-1],"split_conditions":[-3.443968E-6],"split_indices":[0],"split_type":[0],"sum_hessian":[1.957E3],"tree_param":{"num_deleted":"0","num_feature":"11","num_nodes":"1","size_leaf_vector":"0"}},{"base_weights":[-3.0997468E-5],"categories":[],"categories_nodes":[],"categories_segments":[],"categories_sizes":[],"default_left":[0],"id":92,"left_children":[-1],"loss_changes":[0E0],"parents":[2147483647],"right_children":[-1],"split_conditions":[-3.099747E-6],"split_indices":[0],"split_type":[0],"sum_hessian":[1.957E3],"tree_param":{"num_deleted":"0","num_feature":"11","num_nodes":"1","size_leaf_vector":"0"}},{"base_weights":[-2.7899305E-5],"categories":[],"categories_nodes":[],"categories_segments":[],"categories_sizes":[],"default_left":[0],"id":93,"left_children":[-1],"loss_changes":[0E0],"parents":[2147483647],"right_children":[-1],"split_conditions":[-2.7899305E-6],"split_indices":[0],"split_type":[0],"sum_hessian":[1.957E3],"tree_param":{"num_deleted":"0","num_feature":"11","num_nodes":"1","size_leaf_vector":"0"}},{"base_weights":[-2.51108E-5],"categories":[],"categories_nodes":[],"categories_segments":[],"categories_sizes":[],"default_left":[0],"id":94,"left_children":[-1],"loss_changes":[0E0],"parents":[2147483647],"right_children":[-1],"split_conditions":[-2.51108E-6],"split_indices":[0],"split_type":[0],"sum_hessian":[1.957E3],"tree_param":{"num_deleted":"0","num_feature":"11","num_nodes":"1","size_leaf_vector":"0"}},{"base_weights":[-2.2601002E-5],"categories":[],"categories_nodes":[],"categories_segments":[],"categories_sizes":[],"default_left":[0],"id":95,"left_children":[-1],"loss_changes":[0E0],"parents":[2147483647],"right_children":[-1],"split_conditions":[-2.2601002E-6],"split_indices":[0],"split_type":[0],"sum_hessian":[1.957E3],"tree_param":{"num_deleted":"0","num_feature":"11","num_nodes":"1","size_leaf_vector":"0"}},{"base_weights":[-2.0342057E-5],"categories":[],"categories_nodes":[],"categories_segments":[],"categories_sizes":[],"default_left":[0],"id":96,"left_children":[-1],"loss_changes":[0E0],"parents":[2147483647],"right_children":[-1],"split_conditions":[-2.0342056E-6],"split_indices":[0],"split_type":[0],"sum_hessian":[1.957E3],"tree_param":{"num_deleted":"0","num_feature":"11","num_nodes":"1","size_leaf_vector":"0"}},{"base_weights":[-1.830889E-5],"categories":[],"categories_nodes":[],"categories_segments":[],"categories_sizes":[],"default_left":[0],"id":97,"left_children":[-1],"loss_changes":[0E0],"parents":[2147483647],"right_children":[-1],"split_conditions":[-1.8308891E-6],"split_indices":[0],"split_type":[0],"sum_hessian":[1.957E3],"tree_param":{"num_deleted":"0","num_feature":"11","num_nodes":"1","size_leaf_vector":"0"}},{"base_weights":[-1.6478936E-5],"categories":[],"categories_nodes":[],"categories_segments":[],"categories_sizes":[],"default_left":[0],"id":98,"left_children":[-1],"loss_changes":[0E0],"parents":[2147483647],"right_children":[-1],"split_conditions":[-1.6478937E-6],"split_indices":[0],"split_type":[0],"sum_hessian":[1.957E3],"tree_param":{"num_deleted":"0","num_feature":"11","num_nodes":"1","size_leaf_vector":"0"}},{"base_weights":[-1.4831884E-5],"categories":[],"categories_nodes":[],"categories_segments":[],"categories_sizes":[],"default_left":[0],"id":99,"left_children":[-1],"loss_changes":[0E0],"parents":[2147483647],"right_children":[-1],"split_conditions":[-1.4831884E-6],"split_indices":[0],"split_type":[0],"sum_hessian":[1.957E3],"tree_param":{"num_deleted":"0","num_feature":"11","num_nodes":"1","size_leaf_vector":"0"}}]},"name":"gbtree"},"learner_model_param":{"base_score":"5E-1","num_class":"0","num_feature":"11","num_target":"1"},"objective":{"name":"reg:squarederror","reg_loss_param":{"scale_pos_weight":"1"}}},"version":[1,6,2]}