timestamp,cgroupfs_cpu_usage_us,cgroupfs_memory_usage_bytes,cgroupfs_system_cpu_usage_us,cgroupfs_user_cpu_usage_us,platform_power,node_type
1699526909,0.0,0.0,0.0,0.0,224.0,1
1699526912,350052.0,614400.0,155496.0,194556.0,216.0,1
1699526915,0.0,0.0,0.0,0.0,210.0,1
1699526918,0.0,0.0,0.0,0.0,204.0,1
1699526921,0.0,0.0,0.0,0.0,205.0,1
1699526924,66636.0,0.0,3684.0,62952.0,201.0,1
1699526927,160488.0,0.0,41262.0,119226.0,205.0,1
1699526930,0.0,0.0,0.0,0.0,203.0,1
1699526933,0.0,0.0,0.0,0.0,203.0,1
1699526936,0.0,0.0,0.0,0.0,204.0,1
1699526939,0.0,0.0,0.0,0.0,203.0,1
1699526942,65526.0,0.0,47886.0,17640.0,203.0,1
1699526945,13493672.0,3988138.6666666665,3035112.333333333,10458559.666666666,202.0,1
1699526948,0.0,0.0,0.0,0.0,203.0,1
1699526951,0.0,0.0,0.0,0.0,202.0,1
1699526954,33269.0,139264.0,2136.3333333333335,31127.0,204.0,1
1699526957,13663130.333333334,4487850.666666667,3064469.3333333335,10598660.666666668,231.0,1
1699526960,18753.0,0.0,0.0,18753.0,235.0,1
1699526963,0.0,0.0,0.0,0.0,228.0,1
1699526966,0.0,0.0,0.0,0.0,244.0,1
1699526969,0.0,0.0,0.0,0.0,235.0,1
1699526972,0.0,0.0,0.0,0.0,234.0,1
1699526975,0.0,0.0,0.0,0.0,239.0,1
1699526978,0.0,0.0,0.0,0.0,236.0,1
1699526981,0.0,0.0,0.0,0.0,233.0,1
1699526984,0.0,0.0,0.0,0.0,240.0,1
1699526987,206124.0,172032.0,0.0,206130.0,221.0,1
1699526990,8724.0,172032.0,1698.0,7026.0,205.0,1
1699526993,0.0,0.0,0.0,0.0,201.0,1
1699526996,0.0,0.0,0.0,0.0,202.0,1
1699526999,385716.0,638976.0,127362.0,258348.0,205.0,1
1699527002,0.0,0.0,0.0,0.0,244.0,1
1699527005,0.0,0.0,0.0,0.0,244.0,1
1699527008,0.0,0.0,0.0,0.0,242.0,1
1699527011,0.0,0.0,0.0,0.0,242.0,1
1699527014,0.0,0.0,0.0,0.0,246.0,1
1699527017,0.0,0.0,0.0,0.0,243.0,1
1699527020,17088.0,0.0,0.0,17088.0,246.0,1
1699527023,0.0,0.0,0.0,0.0,244.0,1
1699527026,0.0,0.0,0.0,0.0,244.0,1
1699527029,0.0,0.0,0.0,0.0,243.0,1
1699527032,194871.0,0.0,36436.66666666667,158440.0,210.0,1
1699527035,0.0,0.0,0.0,0.0,203.0,1
1699527038,0.0,0.0,0.0,0.0,204.0,1
1699527041,0.0,0.0,0.0,0.0,204.0,1
1699527044,321402.0,533845.3333333334,102872.66666666666,218529.3333333333,209.0,1
1699527047,0.0,0.0,0.0,0.0,224.0,1
1699527050,0.0,0.0,0.0,0.0,228.0,1
1699527053,0.0,0.0,0.0,0.0,226.0,1
1699527056,0.0,0.0,0.0,0.0,236.0,1
1699527059,0.0,0.0,0.0,0.0,228.0,1
1699527062,0.0,0.0,0.0,0.0,229.0,1
1699527065,0.0,0.0,0.0,0.0,233.0,1
1699527068,0.0,0.0,0.0,0.0,227.0,1
1699527071,0.0,0.0,0.0,0.0,232.0,1
1699527074,67070.0,0.0,0.0,67070.0,229.0,1
1699527077,142452.0,0.0,76320.0,66132.0,201.0,1
1699527080,13638.0,0.0,13638.0,0.0,206.0,1
1699527083,0.0,0.0,0.0,0.0,204.0,1
1699527086,0.0,0.0,0.0,0.0,202.0,1
1699527089,342546.0,614400.0,82188.0,260352.0,219.0,1
1699527092,0.0,0.0,0.0,0.0,237.0,1
1699527095,0.0,0.0,0.0,0.0,234.0,1
1699527098,0.0,0.0,0.0,0.0,234.0,1
1699527101,0.0,0.0,0.0,0.0,237.0,1
1699527104,0.0,0.0,0.0,0.0,236.0,1
1699527107,0.0,0.0,0.0,0.0,237.0,1
1699527110,0.0,0.0,0.0,0.0,234.0,1
1699527113,0.0,0.0,0.0,0.0,235.0,1
1699527116,0.0,0.0,0.0,0.0,235.0,1
1699527119,63073.666666666664,0.0,34523.0,28550.666666666668,233.0,1
1699527122,164318.33333333334,0.0,1330.0,162988.33333333334,205.0,1
1699527125,1121.0,0.0,253.33333333333334,874.0,205.0,1
1699527128,0.0,0.0,0.0,0.0,202.0,1
1699527131,364831.6666666667,752298.6666666666,116242.0,248583.33333333334,202.0,1
1699527134,13534527.666666668,4777301.333333333,2997643.0,10536891.333333332,245.0,1
1699527137,0.0,0.0,0.0,0.0,252.0,1
1699527140,16800.0,57344.0,3262.0,13538.0,250.0,1
1699527143,0.0,0.0,0.0,0.0,248.0,1
1699527146,0.0,0.0,0.0,0.0,249.0,1
1699527149,0.0,0.0,0.0,0.0,249.0,1
1699527152,0.0,0.0,0.0,0.0,247.0,1
1699527155,0.0,0.0,0.0,0.0,248.0,1
1699527158,0.0,0.0,0.0,0.0,249.0,1
1699527161,0.0,0.0,0.0,0.0,250.0,1
1699527164,189011.6666666667,0.0,0.0,189011.6666666667,223.0,1
1699527167,13101.333333333332,0.0,0.0,13101.333333333332,201.0,1
1699527170,0.0,0.0,0.0,0.0,204.0,1
1699527173,0.0,0.0,0.0,0.0,204.0,1
1699527176,350494.6666666666,603477.3333333333,125414.66666666666,225080.0,207.0,1
1699527179,0.0,0.0,0.0,0.0,256.0,1
1699527182,0.0,0.0,0.0,0.0,260.0,1
1699527185,0.0,0.0,0.0,0.0,257.0,1
1699527188,0.0,0.0,0.0,0.0,258.0,1
1699527191,0.0,0.0,0.0,0.0,259.0,1
1699527194,0.0,0.0,0.0,0.0,260.0,1
1699527197,0.0,0.0,0.0,0.0,258.0,1
1699527200,13762.333333333334,0.0,3052.6666666666665,10709.666666666666,259.0,1
1699527203,0.0,0.0,0.0,0.0,259.0,1
1699527206,0.0,0.0,0.0,0.0,259.0,1
1699527209,216426.0,122880.0,73110.0,143316.0,221.0,1
1699527212,13992.0,122880.0,3102.0,10884.0,204.0,1
1699527215,0.0,0.0,0.0,0.0,202.0,1
1699527218,0.0,0.0,0.0,0.0,202.0,1
1699527221,394674.0,663552.0,109932.0,284742.0,203.0,1
1699527224,0.0,0.0,0.0,0.0,230.0,1
1699527227,0.0,0.0,0.0,0.0,244.0,1
1699527230,0.0,0.0,0.0,0.0,245.0,1
1699527233,0.0,0.0,0.0,0.0,247.0,1
1699527236,0.0,0.0,0.0,0.0,247.0,1
1699527239,0.0,0.0,0.0,0.0,245.0,1
1699527242,0.0,0.0,0.0,0.0,247.0,1
1699527245,0.0,0.0,0.0,0.0,244.0,1
1699527248,0.0,0.0,0.0,0.0,245.0,1
1699527251,0.0,0.0,0.0,0.0,245.0,1
1699527254,231933.0,0.0,0.0,231933.0,230.0,1
1699527257,23091.333333333332,0.0,23097.666666666668,0.0,204.0,1
1699527260,15668.666666666666,778240.0,15668.666666666666,0.0,202.0,1
1699527263,0.0,778240.0,0.0,0.0,203.0,1
1699527266,396549.0,622592.0,241515.33333333334,155027.3333333333,204.0,1
1699527269,0.0,0.0,0.0,0.0,245.0,1
1699527272,0.0,0.0,0.0,0.0,250.0,1
1699527275,0.0,0.0,0.0,0.0,246.0,1
1699527278,0.0,0.0,0.0,0.0,245.0,1
1699527281,0.0,0.0,0.0,0.0,247.0,1
1699527284,0.0,0.0,0.0,0.0,245.0,1
1699527287,0.0,0.0,0.0,0.0,246.0,1
1699527290,0.0,0.0,0.0,0.0,244.0,1
1699527293,0.0,0.0,0.0,0.0,245.0,1
1699527296,0.0,0.0,0.0,0.0,245.0,1
1699527299,176046.3333333333,0.0,62724.33333333333,113322.0,205.0,1
1699527302,33546.666666666664,0.0,20570.0,12982.333333333332,203.0,1
1699527305,0.0,0.0,0.0,0.0,203.0,1
1699527308,0.0,0.0,0.0,0.0,203.0,1
1699527311,364735.0,649898.6666666667,49566.33333333333,315168.6666666666,203.0,1
1699527314,0.0,0.0,0.0,0.0,217.0,1
1699527317,0.0,0.0,0.0,0.0,240.0,1
1699527320,17638.333333333336,0.0,3926.6666666666665,13705.333333333334,239.0,1
1699527323,0.0,0.0,0.0,0.0,239.0,1
1699527326,0.0,0.0,0.0,0.0,237.0,1
1699527329,0.0,0.0,0.0,0.0,238.0,1
1699527332,0.0,0.0,0.0,0.0,238.0,1
1699527335,0.0,0.0,0.0,0.0,239.0,1
1699527338,0.0,0.0,0.0,0.0,242.0,1
1699527341,0.0,0.0,0.0,0.0,240.0,1
1699527344,212874.0,0.0,66738.0,146136.0,201.0,1
1699527347,0.0,0.0,0.0,0.0,203.0,1
1699527350,0.0,0.0,0.0,0.0,201.0,1
1699527353,0.0,0.0,0.0,0.0,202.0,1
1699527356,363822.0,638976.0,47508.0,316320.0,208.0,1
1699527359,0.0,0.0,0.0,0.0,256.0,1
1699527362,0.0,0.0,0.0,0.0,255.0,1
1699527365,0.0,0.0,0.0,0.0,255.0,1
1699527368,0.0,0.0,0.0,0.0,255.0,1
1699527371,0.0,0.0,0.0,0.0,254.0,1
1699527374,0.0,0.0,0.0,0.0,257.0,1
1699527377,0.0,0.0,0.0,0.0,259.0,1
1699527380,19720.0,0.0,0.0,19713.333333333332,257.0,1
1699527383,0.0,0.0,0.0,0.0,257.0,1
1699527386,84846.66666666666,0.0,0.0,84853.33333333334,255.0,1
1699527389,159220.0,0.0,57462.333333333336,101751.33333333333,204.0,1
1699527392,1095.6666666666665,0.0,247.0,855.0,203.0,1
1699527395,0.0,0.0,0.0,0.0,203.0,1
1699527398,0.0,0.0,0.0,0.0,202.0,1
1699527401,349099.6666666667,726357.3333333334,118661.33333333333,230432.0,219.0,1
1699527404,0.0,0.0,0.0,0.0,286.0,1
1699527407,0.0,0.0,0.0,0.0,287.0,1
1699527410,0.0,0.0,0.0,0.0,288.0,1
1699527413,0.0,0.0,0.0,0.0,289.0,1
1699527416,0.0,0.0,0.0,0.0,282.0,1
1699527419,0.0,0.0,0.0,0.0,288.0,1
1699527422,0.0,0.0,0.0,0.0,288.0,1
1699527425,0.0,0.0,0.0,0.0,290.0,1
1699527428,0.0,0.0,0.0,0.0,289.0,1
1699527431,58374.0,0.0,1866.0,56514.0,266.0,1
1699527434,163693.0,0.0,65229.0,98458.33333333334,205.0,1
1699527437,0.0,0.0,0.0,0.0,206.0,1
1699527440,14495.333333333332,0.0,0.0,14495.333333333332,203.0,1
1699527443,0.0,0.0,0.0,0.0,204.0,1
1699527446,350052.6666666666,603477.3333333333,36419.66666666667,313638.6666666666,208.0,1
1699527449,0.0,0.0,0.0,0.0,302.0,1
1699527452,0.0,0.0,0.0,0.0,301.0,1
1699527455,0.0,0.0,0.0,0.0,302.0,1
1699527458,0.0,0.0,0.0,0.0,303.0,1
1699527461,0.0,0.0,0.0,0.0,302.0,1
1699527464,0.0,0.0,0.0,0.0,303.0,1
1699527467,0.0,0.0,0.0,0.0,299.0,1
1699527470,0.0,0.0,0.0,0.0,303.0,1
1699527473,0.0,0.0,0.0,0.0,295.0,1
1699527476,69736.33333333334,0.0,3768.3333333333335,65961.66666666666,296.0,1
1699527479,152814.0,0.0,39498.0,113316.0,202.0,1
1699527482,1296.0,0.0,288.0,1008.0,203.0,1
1699527485,0.0,0.0,0.0,0.0,205.0,1
1699527488,0.0,0.0,0.0,0.0,202.0,1
1699527491,372252.0,638976.0,43812.0,328440.0,236.0,1
1699527494,0.0,0.0,0.0,0.0,296.0,1
1699527497,0.0,0.0,0.0,0.0,298.0,1
1699527500,16000.0,81920.0,0.0,16006.666666666668,298.0,1
1699527503,0.0,81920.0,0.0,0.0,296.0,1
1699527506,0.0,0.0,0.0,0.0,296.0,1
1699527509,0.0,0.0,0.0,0.0,298.0,1
1699527512,0.0,0.0,0.0,0.0,296.0,1
1699527515,0.0,0.0,0.0,0.0,294.0,1
1699527518,0.0,0.0,0.0,0.0,294.0,1
1699527521,69946.66666666667,0.0,16000.0,53946.66666666667,296.0,1
1699527524,162855.33333333334,0.0,33262.66666666667,129586.33333333333,204.0,1
1699527527,0.0,0.0,0.0,0.0,204.0,1
1699527530,0.0,0.0,0.0,0.0,203.0,1
1699527533,0.0,0.0,0.0,0.0,202.0,1
1699527536,368948.3333333333,648533.3333333334,152367.3333333333,216587.33333333334,213.0,1
1699527539,0.0,0.0,0.0,0.0,295.0,1
1699527542,0.0,0.0,0.0,0.0,297.0,1
1699527545,0.0,0.0,0.0,0.0,297.0,1
1699527548,0.0,0.0,0.0,0.0,294.0,1
1699527551,0.0,0.0,0.0,0.0,296.0,1
1699527554,0.0,0.0,0.0,0.0,297.0,1
1699527557,0.0,0.0,0.0,0.0,294.0,1
1699527560,13758.0,0.0,0.0,13758.0,295.0,1
1699527563,0.0,0.0,0.0,0.0,295.0,1
1699527566,0.0,0.0,0.0,0.0,296.0,1
1699527569,227573.3333333333,0.0,90179.33333333334,137388.33333333334,201.0,1
1699527572,852.0,0.0,192.0,660.0,205.0,1
1699527575,0.0,0.0,0.0,0.0,205.0,1
1699527578,0.0,0.0,0.0,0.0,204.0,1
1699527581,365040.0,663552.0,197790.0,167256.0,204.0,1
1699527584,0.0,0.0,0.0,0.0,260.0,1
1699527587,0.0,0.0,0.0,0.0,259.0,1
1699527590,0.0,0.0,0.0,0.0,258.0,1
1699527593,0.0,0.0,0.0,0.0,264.0,1
1699527596,0.0,0.0,0.0,0.0,261.0,1
1699527599,0.0,0.0,0.0,0.0,260.0,1
1699527602,0.0,0.0,0.0,0.0,260.0,1
1699527605,0.0,0.0,0.0,0.0,259.0,1
1699527608,0.0,0.0,0.0,0.0,260.0,1
1699527611,58878.0,0.0,26982.0,31890.0,260.0,1
1699527614,146959.3333333333,0.0,56190.66666666667,90774.33333333334,205.0,1
1699527617,0.0,0.0,0.0,0.0,203.0,1
1699527620,12784.0,0.0,2856.0,9922.333333333332,204.0,1
1699527623,36266.66666666667,255317.3333333333,26440.666666666664,9831.666666666668,205.0,1
1699527626,14156302.666666666,4382720.0,3144884.0,11011418.666666666,228.0,1
1699527629,0.0,0.0,0.0,0.0,288.0,1
1699527632,0.0,0.0,0.0,0.0,288.0,1
1699527635,0.0,0.0,0.0,0.0,293.0,1
1699527638,0.0,0.0,0.0,0.0,295.0,1
1699527641,0.0,0.0,0.0,0.0,290.0,1
1699527644,0.0,0.0,0.0,0.0,294.0,1
1699527647,0.0,0.0,0.0,0.0,289.0,1
1699527650,0.0,0.0,0.0,0.0,291.0,1
1699527653,0.0,0.0,0.0,0.0,291.0,1
1699527656,188772.0,105130.66666666667,14232.0,174534.0,283.0,1
1699527659,44328.0,105130.66666666667,44328.0,0.0,206.0,1
1699527662,0.0,0.0,0.0,0.0,201.0,1
1699527665,0.0,0.0,0.0,0.0,204.0,1
1699527668,354324.0,614400.0,149838.0,204486.0,204.0,1
1699527671,0.0,0.0,0.0,0.0,333.0,1
1699527674,0.0,0.0,0.0,0.0,351.0,1
1699527677,0.0,0.0,0.0,0.0,351.0,1
1699527680,11873.333333333332,0.0,2660.0,9220.0,353.0,1
1699527683,0.0,0.0,0.0,0.0,351.0,1
1699527686,0.0,0.0,0.0,0.0,352.0,1
1699527689,0.0,0.0,0.0,0.0,351.0,1
1699527692,0.0,0.0,0.0,0.0,355.0,1
1699527695,0.0,0.0,0.0,0.0,353.0,1
1699527698,0.0,0.0,0.0,0.0,355.0,1
1699527701,235517.66666666666,0.0,34611.66666666667,200899.66666666666,214.0,1
1699527704,0.0,0.0,0.0,0.0,208.0,1
1699527707,0.0,0.0,0.0,0.0,205.0,1
1699527710,0.0,0.0,0.0,0.0,205.0,1
1699527713,369600.6666666667,674474.6666666666,126084.0,243523.0,206.0,1
1699527716,0.0,0.0,0.0,0.0,359.0,1
1699527719,0.0,0.0,0.0,0.0,363.0,1
1699527722,0.0,0.0,0.0,0.0,359.0,1
1699527725,0.0,0.0,0.0,0.0,363.0,1
1699527728,0.0,0.0,0.0,0.0,364.0,1
1699527731,0.0,0.0,0.0,0.0,366.0,1
1699527734,0.0,0.0,0.0,0.0,365.0,1
1699527737,0.0,0.0,0.0,0.0,365.0,1
1699527740,10698.0,0.0,2394.0,8304.0,365.0,1
1699527743,55602.0,0.0,20658.0,34944.0,366.0,1
1699527746,146086.6666666667,0.0,14025.0,132056.0,211.0,1
1699527749,0.0,0.0,0.0,0.0,208.0,1
1699527752,0.0,0.0,0.0,0.0,206.0,1
1699527755,0.0,0.0,0.0,0.0,204.0,1
1699527758,350919.6666666666,603477.3333333333,46500.66666666667,304419.0,206.0,1
1699527761,0.0,0.0,0.0,0.0,313.0,1
1699527764,0.0,0.0,0.0,0.0,369.0,1
1699527767,0.0,0.0,0.0,0.0,367.0,1
1699527770,0.0,0.0,0.0,0.0,370.0,1
1699527773,0.0,0.0,0.0,0.0,373.0,1
1699527776,0.0,0.0,0.0,0.0,370.0,1
1699527779,0.0,0.0,0.0,0.0,370.0,1
1699527782,0.0,0.0,0.0,0.0,371.0,1
1699527785,0.0,0.0,0.0,0.0,370.0,1
1699527788,0.0,0.0,0.0,0.0,372.0,1
1699527791,196866.0,0.0,54894.0,141978.0,207.0,1
1699527794,14832.0,0.0,0.0,14826.0,212.0,1
1699527797,0.0,0.0,0.0,0.0,207.0,1
1699527800,13776.0,0.0,804.0,12972.0,203.0,1
1699527803,371496.0,663552.0,85404.0,286092.0,201.0,1
1699527806,0.0,0.0,0.0,0.0,369.0,1
1699527809,0.0,0.0,0.0,0.0,371.0,1
1699527812,0.0,0.0,0.0,0.0,372.0,1
1699527815,0.0,0.0,0.0,0.0,371.0,1
1699527818,0.0,0.0,0.0,0.0,371.0,1
1699527821,0.0,0.0,0.0,0.0,375.0,1
1699527824,0.0,0.0,0.0,0.0,373.0,1
1699527827,0.0,0.0,0.0,0.0,373.0,1
1699527830,0.0,0.0,0.0,0.0,374.0,1
1699527833,0.0,0.0,0.0,0.0,374.0,1
1699527836,235093.33333333334,0.0,40432.0,194667.66666666666,212.0,1
1699527839,12552.666666666666,0.0,2805.6666666666665,9740.666666666666,209.0,1
1699527842,0.0,0.0,0.0,0.0,209.0,1
1699527845,0.0,0.0,0.0,0.0,205.0,1
1699527848,337671.0,580266.6666666667,85476.0,252200.6666666667,205.0,1
1699527851,14040710.333333334,4037290.6666666665,3141142.0,10899568.333333334,224.0,1
1699527854,0.0,0.0,0.0,0.0,229.0,1
1699527857,0.0,0.0,0.0,0.0,228.0,1
1699527860,16452.0,0.0,16452.0,0.0,228.0,1
1699527863,0.0,0.0,0.0,0.0,229.0,1
1699527866,0.0,0.0,0.0,0.0,232.0,1
1699527869,0.0,0.0,0.0,0.0,232.0,1
1699527872,0.0,0.0,0.0,0.0,233.0,1
1699527875,0.0,0.0,0.0,0.0,233.0,1
1699527878,77899.0,598016.0,28850.333333333336,49046.0,231.0,1
1699527881,172001.0,565248.0,5145.666666666666,166858.0,201.0,1
1699527884,0.0,0.0,0.0,0.0,207.0,1
1699527887,0.0,0.0,0.0,0.0,203.0,1
1699527890,0.0,0.0,0.0,0.0,203.0,1
1699527893,358535.6666666666,533845.3333333334,105779.66666666666,252756.0,214.0,1
1699527896,0.0,0.0,0.0,0.0,236.0,1
1699527899,0.0,0.0,0.0,0.0,235.0,1
1699527902,0.0,0.0,0.0,0.0,235.0,1
1699527905,0.0,0.0,0.0,0.0,235.0,1
1699527908,0.0,0.0,0.0,0.0,240.0,1
1699527911,0.0,0.0,0.0,0.0,234.0,1
1699527914,0.0,0.0,0.0,0.0,236.0,1
1699527917,0.0,0.0,0.0,0.0,238.0,1
1699527920,19418.0,940714.6666666666,19411.666666666664,0.0,234.0,1
1699527923,81516.33333333333,940714.6666666666,58722.666666666664,22800.0,235.0,1
1699527926,168972.0,895658.6666666666,68046.0,100926.0,204.0,1
1699527929,0.0,0.0,0.0,0.0,201.0,1
1699527932,0.0,0.0,0.0,0.0,203.0,1
1699527935,41496.0,745472.0,23088.0,18402.0,203.0,1
1699527938,14447546.333333334,4784128.0,3279055.0,11168491.0,225.0,1
1699527941,0.0,0.0,0.0,0.0,249.0,1
1699527944,0.0,0.0,0.0,0.0,248.0,1
1699527947,0.0,0.0,0.0,0.0,247.0,1
1699527950,0.0,0.0,0.0,0.0,248.0,1
1699527953,0.0,0.0,0.0,0.0,247.0,1
1699527956,0.0,0.0,0.0,0.0,247.0,1
1699527959,0.0,0.0,0.0,0.0,248.0,1
1699527962,0.0,0.0,0.0,0.0,247.0,1
1699527965,0.0,0.0,0.0,0.0,248.0,1
1699527968,75560.0,0.0,4486.666666666667,71080.0,242.0,1
1699527971,176168.0,0.0,56784.666666666664,119383.33333333333,204.0,1
1699527974,0.0,0.0,0.0,0.0,204.0,1
1699527977,0.0,0.0,0.0,0.0,205.0,1
1699527980,51433.0,1789952.0,51433.0,0.0,203.0,1
1699527983,14493870.666666666,5829973.333333334,3263196.333333333,11230667.666666666,228.0,1
1699527986,0.0,0.0,0.0,0.0,253.0,1
1699527989,0.0,0.0,0.0,0.0,253.0,1
1699527992,0.0,0.0,0.0,0.0,254.0,1
1699527995,0.0,0.0,0.0,0.0,258.0,1
1699527998,0.0,0.0,0.0,0.0,256.0,1
1699528001,0.0,0.0,0.0,0.0,255.0,1
1699528004,0.0,0.0,0.0,0.0,251.0,1
1699528007,0.0,0.0,0.0,0.0,250.0,1
1699528010,0.0,0.0,0.0,0.0,253.0,1
1699528013,63648.0,0.0,3060.0,60588.0,251.0,1
1699528016,148942.6666666667,0.0,0.0,148942.6666666667,205.0,1
1699528019,0.0,0.0,0.0,0.0,204.0,1
1699528022,0.0,0.0,0.0,0.0,203.0,1
1699528025,0.0,0.0,0.0,0.0,208.0,1
1699528028,343252.6666666666,557056.0,117243.33333333334,226015.0,211.0,1
1699528031,0.0,0.0,0.0,0.0,244.0,1
1699528034,0.0,0.0,0.0,0.0,239.0,1
1699528037,0.0,0.0,0.0,0.0,239.0,1
1699528040,11016.0,798720.0,2474.0,8541.333333333334,240.0,1
1699528043,7084.666666666667,798720.0,1592.0,5493.333333333334,239.0,1
1699528046,0.0,0.0,0.0,0.0,238.0,1
1699528049,0.0,0.0,0.0,0.0,237.0,1
1699528052,0.0,0.0,0.0,0.0,239.0,1
1699528055,0.0,0.0,0.0,0.0,238.0,1
1699528058,79876.0,0.0,52953.0,26923.0,239.0,1
1699528061,156678.0,0.0,51504.0,105174.0,205.0,1
1699528064,0.0,0.0,0.0,0.0,201.0,1
1699528067,0.0,0.0,0.0,0.0,204.0,1
1699528070,0.0,0.0,0.0,0.0,203.0,1
1699528073,353064.0,638976.0,136962.0,216096.0,205.0,1
1699528076,0.0,0.0,0.0,0.0,238.0,1
1699528079,0.0,0.0,0.0,0.0,238.0,1
1699528082,0.0,0.0,0.0,0.0,240.0,1
1699528085,0.0,0.0,0.0,0.0,241.0,1
1699528088,0.0,0.0,0.0,0.0,236.0,1
1699528091,0.0,0.0,0.0,0.0,238.0,1
1699528094,0.0,0.0,0.0,0.0,240.0,1
1699528097,0.0,0.0,0.0,0.0,240.0,1
1699528100,9486.666666666666,819200.0,0.0,9486.666666666666,240.0,1
1699528103,76060.0,819200.0,486.66666666666663,75573.33333333333,244.0,1
1699528106,151436.3333333333,778240.0,30767.333333333332,120669.0,204.0,1
1699528109,0.0,0.0,0.0,0.0,202.0,1
1699528112,0.0,0.0,0.0,0.0,203.0,1
1699528115,0.0,0.0,0.0,0.0,205.0,1
1699528118,406948.3333333333,648533.3333333334,81662.0,325292.6666666667,220.0,1
1699528121,0.0,0.0,0.0,0.0,237.0,1
1699528124,0.0,0.0,0.0,0.0,239.0,1
1699528127,0.0,0.0,0.0,0.0,238.0,1
1699528130,0.0,0.0,0.0,0.0,245.0,1
1699528133,0.0,0.0,0.0,0.0,240.0,1
1699528136,0.0,0.0,0.0,0.0,239.0,1
1699528139,0.0,0.0,0.0,0.0,238.0,1
1699528142,0.0,0.0,0.0,0.0,238.0,1
1699528145,0.0,0.0,0.0,0.0,237.0,1
1699528148,66660.0,0.0,30286.666666666664,36373.333333333336,234.0,1
1699528151,166053.3333333333,0.0,27633.333333333336,138420.0,204.0,1
1699528154,0.0,0.0,0.0,0.0,202.0,1
1699528157,0.0,0.0,0.0,0.0,203.0,1
1699528160,143720.0,81920.0,50406.66666666667,93306.66666666666,203.0,1
1699528163,14547745.0,4588885.333333333,3248248.666666667,11299503.0,261.0,1
1699528166,0.0,0.0,0.0,0.0,256.0,1
1699528169,0.0,0.0,0.0,0.0,258.0,1
1699528172,0.0,0.0,0.0,0.0,257.0,1
1699528175,0.0,0.0,0.0,0.0,257.0,1
1699528178,0.0,0.0,0.0,0.0,257.0,1
1699528181,0.0,0.0,0.0,0.0,255.0,1
1699528184,0.0,0.0,0.0,0.0,258.0,1
1699528187,0.0,0.0,0.0,0.0,257.0,1
1699528190,0.0,0.0,0.0,0.0,257.0,1
1699528193,204697.0,0.0,45469.33333333333,159227.6666666667,225.0,1
1699528196,10472.0,0.0,2351.666666666667,8114.666666666666,204.0,1
1699528199,0.0,0.0,0.0,0.0,204.0,1
1699528202,0.0,0.0,0.0,0.0,203.0,1
1699528205,357266.3333333334,580266.6666666667,100470.0,256796.3333333333,205.0,1
1699528208,0.0,0.0,0.0,0.0,290.0,1
1699528211,0.0,0.0,0.0,0.0,286.0,1
1699528214,0.0,0.0,0.0,0.0,287.0,1
1699528217,0.0,0.0,0.0,0.0,286.0,1
1699528220,0.0,0.0,0.0,0.0,288.0,1
1699528223,15067.0,0.0,3388.3333333333335,11678.666666666666,286.0,1
1699528226,0.0,0.0,0.0,0.0,289.0,1
1699528229,0.0,0.0,0.0,0.0,289.0,1
1699528232,0.0,0.0,0.0,0.0,288.0,1
1699528235,0.0,0.0,0.0,0.0,290.0,1
1699528238,205194.0,0.0,31776.0,173424.0,211.0,1
1699528241,0.0,0.0,0.0,0.0,203.0,1
1699528244,0.0,0.0,0.0,0.0,204.0,1
1699528247,0.0,0.0,0.0,0.0,202.0,1
1699528250,381513.6666666667,674474.6666666666,134716.3333333333,246791.0,215.0,1
1699528253,0.0,0.0,0.0,0.0,293.0,1
1699528256,0.0,0.0,0.0,0.0,293.0,1
1699528259,0.0,0.0,0.0,0.0,293.0,1
1699528262,0.0,0.0,0.0,0.0,296.0,1
1699528265,0.0,0.0,0.0,0.0,294.0,1
1699528268,0.0,0.0,0.0,0.0,296.0,1
1699528271,0.0,0.0,0.0,0.0,294.0,1
1699528274,0.0,0.0,0.0,0.0,293.0,1
1699528277,0.0,0.0,0.0,0.0,292.0,1
1699528280,67270.0,0.0,18060.0,49217.0,291.0,1
1699528283,195606.6666666667,0.0,105180.0,90420.0,204.0,1
1699528286,0.0,0.0,0.0,0.0,201.0,1
1699528289,0.0,0.0,0.0,0.0,204.0,1
1699528292,0.0,0.0,0.0,0.0,202.0,1
1699528295,419846.6666666666,709973.3333333333,102833.33333333334,317020.0,205.0,1
1699528298,0.0,0.0,0.0,0.0,275.0,1
1699528301,0.0,0.0,0.0,0.0,286.0,1
1699528304,0.0,0.0,0.0,0.0,283.0,1
1699528307,0.0,0.0,0.0,0.0,278.0,1
1699528310,0.0,0.0,0.0,0.0,285.0,1
1699528313,0.0,0.0,0.0,0.0,284.0,1
1699528316,0.0,0.0,0.0,0.0,284.0,1
1699528319,0.0,0.0,0.0,0.0,283.0,1
1699528322,0.0,0.0,0.0,0.0,284.0,1
1699528325,9114.0,589824.0,0.0,9114.0,284.0,1
1699528328,202849.6666666667,557056.0,0.0,202849.6666666667,203.0,1
1699528331,0.0,0.0,0.0,0.0,203.0,1
1699528334,0.0,0.0,0.0,0.0,203.0,1
1699528337,0.0,0.0,0.0,0.0,202.0,1
1699528340,336260.0,557056.0,29846.333333333336,306413.6666666666,206.0,1
1699528343,14161.333333333334,557056.0,0.0,14161.333333333334,283.0,1
1699528346,0.0,0.0,0.0,0.0,284.0,1
1699528349,0.0,0.0,0.0,0.0,283.0,1
1699528352,0.0,0.0,0.0,0.0,282.0,1
1699528355,0.0,0.0,0.0,0.0,283.0,1
1699528358,0.0,0.0,0.0,0.0,282.0,1
1699528361,0.0,0.0,0.0,0.0,285.0,1
1699528364,0.0,0.0,0.0,0.0,284.0,1
1699528367,0.0,0.0,0.0,0.0,283.0,1
1699528370,0.0,0.0,0.0,0.0,283.0,1
1699528373,219810.0,0.0,38070.0,181734.0,220.0,1
1699528376,0.0,0.0,0.0,0.0,204.0,1
1699528379,0.0,0.0,0.0,0.0,203.0,1
1699528382,0.0,0.0,0.0,0.0,204.0,1
1699528385,383274.0,638976.0,146334.0,236940.0,203.0,1
1699528388,0.0,0.0,0.0,0.0,260.0,1
1699528391,0.0,0.0,0.0,0.0,257.0,1
1699528394,0.0,0.0,0.0,0.0,259.0,1
1699528397,0.0,0.0,0.0,0.0,261.0,1
1699528400,0.0,0.0,0.0,0.0,259.0,1
1699528403,15766.666666666668,27306.666666666664,15766.666666666668,0.0,259.0,1
1699528406,0.0,0.0,0.0,0.0,260.0,1
1699528409,0.0,0.0,0.0,0.0,261.0,1
1699528412,0.0,0.0,0.0,0.0,256.0,1
1699528415,66780.0,0.0,5586.666666666666,61200.0,267.0,1
1699528418,162785.66666666666,0.0,27379.0,135406.6666666667,206.0,1
1699528421,0.0,0.0,0.0,0.0,201.0,1
1699528424,0.0,0.0,0.0,0.0,203.0,1
1699528427,0.0,0.0,0.0,0.0,204.0,1
1699528430,393015.0,674474.6666666666,110896.66666666667,282118.3333333334,208.0,1
1699528433,0.0,0.0,0.0,0.0,290.0,1
1699528436,0.0,0.0,0.0,0.0,290.0,1
1699528439,0.0,0.0,0.0,0.0,290.0,1
1699528442,0.0,0.0,0.0,0.0,288.0,1
1699528445,0.0,0.0,0.0,0.0,292.0,1
1699528448,0.0,0.0,0.0,0.0,290.0,1
1699528451,0.0,0.0,0.0,0.0,292.0,1
1699528454,0.0,0.0,0.0,0.0,289.0,1
1699528457,0.0,0.0,0.0,0.0,292.0,1
1699528460,64806.66666666667,0.0,23613.333333333336,41186.66666666667,293.0,1
1699528463,176753.3333333333,0.0,66880.0,109880.0,206.0,1
1699528466,0.0,0.0,0.0,0.0,205.0,1
1699528469,0.0,0.0,0.0,0.0,205.0,1
1699528472,307338.3333333333,1037653.3333333333,55942.33333333333,251396.0,201.0,1
1699528475,14621142.666666666,4962986.666666667,3302521.0,11318621.666666666,342.0,1
1699528478,0.0,0.0,0.0,0.0,352.0,1
1699528481,0.0,0.0,0.0,0.0,351.0,1
1699528484,0.0,0.0,0.0,0.0,350.0,1
1699528487,0.0,0.0,0.0,0.0,352.0,1
1699528490,0.0,0.0,0.0,0.0,353.0,1
1699528493,0.0,0.0,0.0,0.0,353.0,1
1699528496,0.0,0.0,0.0,0.0,352.0,1
1699528499,0.0,0.0,0.0,0.0,352.0,1
1699528502,0.0,0.0,0.0,0.0,354.0,1
1699528505,209117.0,208896.0,59449.0,149662.3333333333,242.0,1
1699528508,12738.666666666668,208896.0,2867.333333333333,9871.333333333332,211.0,1
1699528511,0.0,0.0,0.0,0.0,205.0,1
1699528514,0.0,0.0,0.0,0.0,204.0,1
1699528517,354138.3333333334,603477.3333333333,70816.33333333334,283322.0,205.0,1
1699528520,0.0,0.0,0.0,0.0,335.0,1
1699528523,9823.0,0.0,9823.0,0.0,354.0,1
1699528526,0.0,0.0,0.0,0.0,354.0,1
1699528529,0.0,0.0,0.0,0.0,355.0,1
1699528532,0.0,0.0,0.0,0.0,356.0,1
1699528535,0.0,0.0,0.0,0.0,351.0,1
1699528538,0.0,0.0,0.0,0.0,358.0,1
1699528541,0.0,0.0,0.0,0.0,357.0,1
1699528544,0.0,0.0,0.0,0.0,358.0,1
1699528547,0.0,0.0,0.0,0.0,359.0,1
1699528550,190752.0,0.0,65742.0,125010.0,219.0,1
1699528553,19884.0,0.0,0.0,19884.0,209.0,1
1699528556,0.0,0.0,0.0,0.0,205.0,1
1699528559,0.0,0.0,0.0,0.0,205.0,1
1699528562,360936.0,614400.0,126360.0,234576.0,210.0,1
1699528565,0.0,0.0,0.0,0.0,323.0,1
1699528568,0.0,0.0,0.0,0.0,353.0,1
1699528571,0.0,0.0,0.0,0.0,353.0,1
1699528574,0.0,0.0,0.0,0.0,355.0,1
1699528577,0.0,0.0,0.0,0.0,353.0,1
1699528580,0.0,0.0,0.0,0.0,355.0,1
1699528583,10286.666666666668,27306.666666666664,2320.0,7966.666666666666,356.0,1
1699528586,0.0,0.0,0.0,0.0,355.0,1
1699528589,0.0,0.0,0.0,0.0,356.0,1
1699528592,0.0,0.0,0.0,0.0,356.0,1
1699528595,224580.0,0.0,90782.0,133798.0,234.0,1
1699528598,13217.666666666666,0.0,0.0,13217.666666666666,208.0,1
1699528601,0.0,0.0,0.0,0.0,206.0,1
1699528604,0.0,0.0,0.0,0.0,202.0,1
1699528607,403458.6666666667,622592.0,163115.0,240350.0,204.0,1
1699528610,0.0,0.0,0.0,0.0,346.0,1
1699528613,0.0,0.0,0.0,0.0,350.0,1
1699528616,0.0,0.0,0.0,0.0,352.0,1
1699528619,0.0,0.0,0.0,0.0,351.0,1
1699528622,0.0,0.0,0.0,0.0,354.0,1
1699528625,0.0,0.0,0.0,0.0,355.0,1
1699528628,0.0,0.0,0.0,0.0,356.0,1
1699528631,0.0,0.0,0.0,0.0,356.0,1
1699528634,0.0,0.0,0.0,0.0,355.0,1
1699528637,0.0,0.0,0.0,0.0,358.0,1
1699528640,236286.6666666667,273066.6666666667,52453.33333333333,183833.3333333333,252.0,1
1699528643,45400.0,273066.6666666667,0.0,45393.33333333333,211.0,1
1699528646,0.0,0.0,0.0,0.0,206.0,1
1699528649,0.0,0.0,0.0,0.0,204.0,1
1699528652,408120.0,600746.6666666666,134693.33333333334,273426.6666666667,202.0,1
1699528655,0.0,0.0,0.0,0.0,232.0,1
1699528658,0.0,0.0,0.0,0.0,234.0,1
1699528661,0.0,0.0,0.0,0.0,226.0,1
1699528664,0.0,0.0,0.0,0.0,232.0,1
1699528667,0.0,0.0,0.0,0.0,227.0,1
1699528670,0.0,0.0,0.0,0.0,229.0,1
1699528673,0.0,0.0,0.0,0.0,227.0,1
1699528676,0.0,0.0,0.0,0.0,224.0,1
1699528679,0.0,0.0,0.0,0.0,227.0,1
1699528682,0.0,0.0,0.0,0.0,228.0,1
1699528685,234356.3333333333,0.0,23188.0,211168.3333333333,201.0,1
1699528688,0.0,0.0,0.0,0.0,202.0,1
1699528691,0.0,0.0,0.0,0.0,204.0,1
1699528694,0.0,0.0,0.0,0.0,204.0,1
1699528697,361975.3333333334,626688.0,172476.3333333333,189504.6666666667,209.0,1
1699528700,0.0,0.0,0.0,0.0,242.0,1
1699528703,18385.666666666664,0.0,4154.666666666666,14224.666666666666,236.0,1
1699528706,0.0,0.0,0.0,0.0,241.0,1
1699528709,0.0,0.0,0.0,0.0,230.0,1
1699528712,0.0,0.0,0.0,0.0,232.0,1
1699528715,0.0,0.0,0.0,0.0,235.0,1
1699528718,0.0,0.0,0.0,0.0,235.0,1
1699528721,0.0,0.0,0.0,0.0,233.0,1
1699528724,0.0,0.0,0.0,0.0,234.0,1
1699528727,59900.666666666664,0.0,16061.333333333334,43839.333333333336,238.0,1
1699528730,156066.0,0.0,51390.0,104676.0,204.0,1
1699528733,0.0,0.0,0.0,0.0,203.0,1
1699528736,0.0,0.0,0.0,0.0,203.0,1
1699528739,0.0,0.0,0.0,0.0,201.0,1
1699528742,376110.0,589824.0,150318.0,225792.0,213.0,1
1699528745,0.0,0.0,0.0,0.0,244.0,1
1699528748,0.0,0.0,0.0,0.0,246.0,1
1699528751,0.0,0.0,0.0,0.0,245.0,1
1699528754,0.0,0.0,0.0,0.0,246.0,1
1699528757,0.0,0.0,0.0,0.0,244.0,1
1699528760,0.0,0.0,0.0,0.0,246.0,1
1699528763,21713.333333333336,27306.666666666664,4920.0,16793.333333333332,246.0,1
1699528766,0.0,0.0,0.0,0.0,244.0,1
1699528769,0.0,0.0,0.0,0.0,247.0,1
1699528772,66300.0,0.0,51733.33333333333,14566.666666666668,227.0,1
1699528775,158415.66666666666,0.0,5966.0,152449.6666666667,202.0,1
1699528778,0.0,0.0,0.0,0.0,202.0,1
1699528781,0.0,0.0,0.0,0.0,203.0,1
1699528784,0.0,0.0,0.0,0.0,204.0,1
1699528787,389582.3333333333,648533.3333333334,195402.33333333334,194180.0,210.0,1
1699528790,0.0,0.0,0.0,0.0,254.0,1
1699528793,0.0,0.0,0.0,0.0,250.0,1
1699528796,0.0,0.0,0.0,0.0,253.0,1
1699528799,0.0,0.0,0.0,0.0,253.0,1
1699528802,0.0,0.0,0.0,0.0,255.0,1
1699528805,0.0,0.0,0.0,0.0,255.0,1
1699528808,0.0,0.0,0.0,0.0,255.0,1
1699528811,0.0,0.0,0.0,0.0,254.0,1
1699528814,0.0,0.0,0.0,0.0,253.0,1
1699528817,63945.0,0.0,7882.0,56063.0,263.0,1
1699528820,173066.6666666667,0.0,50720.0,122346.66666666666,204.0,1
1699528823,14833.333333333332,0.0,14840.0,0.0,206.0,1
1699528826,0.0,0.0,0.0,0.0,204.0,1
1699528829,0.0,0.0,0.0,0.0,203.0,1
1699528832,408000.0,682666.6666666667,131826.66666666666,276166.6666666667,228.0,1
1699528835,0.0,0.0,0.0,0.0,238.0,1
1699528838,0.0,0.0,0.0,0.0,243.0,1
1699528841,0.0,0.0,0.0,0.0,239.0,1
1699528844,0.0,0.0,0.0,0.0,240.0,1
1699528847,0.0,0.0,0.0,0.0,240.0,1
1699528850,0.0,0.0,0.0,0.0,240.0,1
1699528853,0.0,0.0,0.0,0.0,238.0,1
1699528856,0.0,0.0,0.0,0.0,240.0,1
1699528859,0.0,0.0,0.0,0.0,242.0,1
1699528862,80490.0,0.0,1224.0,79272.0,241.0,1
1699528865,161981.6666666667,0.0,41117.33333333333,120858.66666666666,203.0,1
1699528868,0.0,0.0,0.0,0.0,201.0,1
1699528871,0.0,0.0,0.0,0.0,203.0,1
1699528874,0.0,0.0,0.0,0.0,201.0,1
1699528877,355368.0,557056.0,152773.3333333333,202594.6666666667,213.0,1
1699528880,0.0,0.0,0.0,0.0,245.0,1
1699528883,16061.333333333334,0.0,3654.3333333333335,12407.0,241.0,1
1699528886,0.0,0.0,0.0,0.0,241.0,1
1699528889,0.0,0.0,0.0,0.0,240.0,1
1699528892,0.0,0.0,0.0,0.0,241.0,1
1699528895,0.0,0.0,0.0,0.0,240.0,1
1699528898,0.0,0.0,0.0,0.0,241.0,1
1699528901,0.0,0.0,0.0,0.0,238.0,1
1699528904,0.0,0.0,0.0,0.0,240.0,1
1699528907,89312.66666666667,0.0,0.0,89319.0,242.0,1
1699528910,159660.0,0.0,4296.0,155364.0,201.0,1
1699528913,0.0,0.0,0.0,0.0,201.0,1
1699528916,0.0,0.0,0.0,0.0,201.0,1
1699528919,0.0,0.0,0.0,0.0,203.0,1
1699528922,362196.0,614400.0,139242.0,222954.0,207.0,1
1699528925,0.0,0.0,0.0,0.0,236.0,1
1699528928,0.0,0.0,0.0,0.0,242.0,1
1699528931,0.0,0.0,0.0,0.0,235.0,1
1699528934,0.0,0.0,0.0,0.0,238.0,1
1699528937,0.0,0.0,0.0,0.0,238.0,1
1699528940,0.0,0.0,0.0,0.0,242.0,1
1699528943,21380.0,27306.666666666664,4860.0,16520.0,240.0,1
1699528946,0.0,0.0,0.0,0.0,234.0,1
1699528949,0.0,0.0,0.0,0.0,236.0,1
1699528952,88646.66666666666,0.0,7500.0,81146.66666666667,241.0,1
1699528955,172855.66666666666,0.0,23655.0,149194.3333333333,206.0,1
1699528958,0.0,0.0,0.0,0.0,204.0,1
1699528961,0.0,0.0,0.0,0.0,202.0,1
1699528964,37119.66666666667,285354.6666666666,8442.333333333332,28683.666666666668,203.0,1
1699528967,15276635.0,4445525.333333334,3467595.6666666665,11809039.333333334,228.0,1
1699528970,0.0,0.0,0.0,0.0,255.0,1
1699528973,0.0,0.0,0.0,0.0,254.0,1
1699528976,0.0,0.0,0.0,0.0,252.0,1
1699528979,0.0,0.0,0.0,0.0,255.0,1
1699528982,0.0,0.0,0.0,0.0,255.0,1
1699528985,0.0,0.0,0.0,0.0,256.0,1
1699528988,0.0,0.0,0.0,0.0,253.0,1
1699528991,0.0,0.0,0.0,0.0,254.0,1
1699528994,0.0,0.0,0.0,0.0,254.0,1
1699528997,206520.0,0.0,0.0,206520.0,246.0,1
1699529000,35986.666666666664,0.0,0.0,35980.0,205.0,1
1699529003,15226.666666666668,0.0,1626.6666666666665,13600.0,201.0,1
1699529006,0.0,0.0,0.0,0.0,203.0,1
1699529009,408433.3333333334,737280.0,143446.66666666666,264986.6666666667,202.0,1
1699529012,0.0,0.0,0.0,0.0,282.0,1
1699529015,0.0,0.0,0.0,0.0,281.0,1
1699529018,0.0,0.0,0.0,0.0,284.0,1
1699529021,918.0,0.0,210.0,714.0,281.0,1
1699529024,0.0,0.0,0.0,0.0,282.0,1
1699529027,0.0,0.0,0.0,0.0,277.0,1
1699529030,0.0,0.0,0.0,0.0,283.0,1
1699529033,0.0,0.0,0.0,0.0,282.0,1
1699529036,0.0,0.0,0.0,0.0,281.0,1
1699529039,0.0,0.0,0.0,0.0,283.0,1
1699529042,196911.0,0.0,20009.0,176896.3333333333,202.0,1
1699529045,0.0,0.0,0.0,0.0,204.0,1
1699529048,0.0,0.0,0.0,0.0,204.0,1
1699529051,0.0,0.0,0.0,0.0,203.0,1
1699529054,368322.0,603477.3333333333,66487.0,301835.0,206.0,1
1699529057,0.0,0.0,0.0,0.0,292.0,1
1699529060,0.0,0.0,0.0,0.0,293.0,1
1699529063,11672.333333333334,0.0,0.0,11672.333333333334,290.0,1
1699529066,0.0,0.0,0.0,0.0,292.0,1
1699529069,0.0,0.0,0.0,0.0,287.0,1
1699529072,0.0,0.0,0.0,0.0,287.0,1
1699529075,0.0,0.0,0.0,0.0,288.0,1
1699529078,0.0,0.0,0.0,0.0,296.0,1
1699529081,0.0,0.0,0.0,0.0,287.0,1
1699529084,67735.0,466944.0,0.0,67735.0,291.0,1
1699529087,169638.0,466944.0,0.0,169638.0,204.0,1
1699529090,0.0,466944.0,0.0,0.0,203.0,1
1699529093,0.0,0.0,0.0,0.0,203.0,1
1699529096,0.0,0.0,0.0,0.0,203.0,1
1699529099,354042.0,589824.0,113346.0,240702.0,208.0,1
1699529102,0.0,0.0,0.0,0.0,284.0,1
1699529105,0.0,0.0,0.0,0.0,287.0,1
1699529108,0.0,0.0,0.0,0.0,287.0,1
1699529111,0.0,0.0,0.0,0.0,288.0,1
1699529114,0.0,0.0,0.0,0.0,287.0,1
1699529117,0.0,0.0,0.0,0.0,286.0,1
1699529120,0.0,0.0,0.0,0.0,287.0,1
1699529123,15520.0,0.0,3520.0,11993.333333333332,289.0,1
1699529126,0.0,0.0,0.0,0.0,286.0,1
1699529129,0.0,0.0,0.0,0.0,286.0,1
1699529132,231040.0,0.0,51306.333333333336,179733.66666666666,204.0,1
1699529135,15706.666666666666,0.0,3572.0,12141.0,205.0,1
1699529138,0.0,0.0,0.0,0.0,205.0,1
1699529141,0.0,0.0,0.0,0.0,204.0,1
1699529144,367194.0,700416.0,96665.66666666667,270528.3333333334,201.0,1
1699529147,0.0,0.0,0.0,0.0,288.0,1
1699529150,0.0,0.0,0.0,0.0,286.0,1
1699529153,0.0,0.0,0.0,0.0,286.0,1
1699529156,0.0,0.0,0.0,0.0,285.0,1
1699529159,0.0,0.0,0.0,0.0,285.0,1
1699529162,0.0,0.0,0.0,0.0,287.0,1
1699529165,0.0,0.0,0.0,0.0,287.0,1
1699529168,0.0,0.0,0.0,0.0,286.0,1
1699529171,0.0,0.0,0.0,0.0,289.0,1
1699529174,0.0,0.0,0.0,0.0,287.0,1
1699529177,228146.6666666667,0.0,63240.0,164906.6666666667,201.0,1
1699529180,12173.333333333332,0.0,0.0,12166.666666666668,204.0,1
1699529183,13580.0,0.0,0.0,13586.666666666668,204.0,1
1699529186,0.0,0.0,0.0,0.0,203.0,1
1699529189,398533.3333333334,709973.3333333333,85026.66666666666,313500.0,202.0,1
1699529192,0.0,0.0,0.0,0.0,258.0,1
1699529195,0.0,0.0,0.0,0.0,257.0,1
1699529198,0.0,0.0,0.0,0.0,256.0,1
1699529201,1338.0,0.0,306.0,1038.0,258.0,1
1699529204,0.0,0.0,0.0,0.0,255.0,1
1699529207,0.0,0.0,0.0,0.0,256.0,1
1699529210,0.0,0.0,0.0,0.0,257.0,1
1699529213,0.0,0.0,0.0,0.0,257.0,1
1699529216,0.0,0.0,0.0,0.0,255.0,1
1699529219,0.0,0.0,0.0,0.0,258.0,1
1699529222,199432.6666666667,0.0,13016.333333333332,186416.3333333333,202.0,1
1699529225,0.0,0.0,0.0,0.0,203.0,1
1699529228,0.0,0.0,0.0,0.0,201.0,1
1699529231,0.0,0.0,0.0,0.0,204.0,1
1699529234,376302.0,614400.0,131118.0,245184.0,210.0,1
1699529237,0.0,0.0,0.0,0.0,286.0,1
1699529240,0.0,0.0,0.0,0.0,285.0,1
1699529243,19286.666666666668,0.0,19286.666666666668,0.0,287.0,1
1699529246,0.0,0.0,0.0,0.0,288.0,1
1699529249,0.0,0.0,0.0,0.0,284.0,1
1699529252,0.0,0.0,0.0,0.0,284.0,1
1699529255,0.0,0.0,0.0,0.0,291.0,1
1699529258,0.0,0.0,0.0,0.0,286.0,1
1699529261,0.0,0.0,0.0,0.0,286.0,1
1699529264,67153.33333333333,0.0,37093.333333333336,30060.0,289.0,1
1699529267,161544.33333333334,0.0,47544.333333333336,114000.0,205.0,1
1699529270,0.0,0.0,0.0,0.0,204.0,1
1699529273,0.0,0.0,0.0,0.0,205.0,1
1699529276,44181.333333333336,674474.6666666666,30495.0,13680.0,203.0,1
1699529279,15478147.666666668,4852394.666666666,3556887.6666666665,11921266.333333334,274.0,1
1699529282,0.0,0.0,0.0,0.0,338.0,1
1699529285,0.0,0.0,0.0,0.0,345.0,1
1699529288,0.0,0.0,0.0,0.0,345.0,1
1699529291,0.0,0.0,0.0,0.0,344.0,1
1699529294,0.0,0.0,0.0,0.0,343.0,1
1699529297,0.0,0.0,0.0,0.0,344.0,1
1699529300,0.0,0.0,0.0,0.0,344.0,1
1699529303,9570.0,0.0,0.0,9570.0,346.0,1
1699529306,0.0,0.0,0.0,0.0,347.0,1
1699529309,200673.6666666667,0.0,59488.66666666667,141179.3333333333,302.0,1
1699529312,18813.333333333336,0.0,18813.333333333336,0.0,207.0,1
1699529315,0.0,0.0,0.0,0.0,206.0,1
1699529318,0.0,0.0,0.0,0.0,206.0,1
1699529321,334673.3333333334,557056.0,104584.0,230095.0,204.0,1
1699529324,0.0,0.0,0.0,0.0,346.0,1
1699529327,0.0,0.0,0.0,0.0,351.0,1
1699529330,0.0,0.0,0.0,0.0,351.0,1
1699529333,0.0,0.0,0.0,0.0,350.0,1
1699529336,0.0,0.0,0.0,0.0,353.0,1
1699529339,0.0,0.0,0.0,0.0,356.0,1
1699529342,0.0,0.0,0.0,0.0,353.0,1
1699529345,0.0,0.0,0.0,0.0,355.0,1
1699529348,0.0,0.0,0.0,0.0,356.0,1
1699529351,0.0,0.0,0.0,0.0,351.0,1
1699529354,203394.0,270336.0,62202.0,141186.0,246.0,1
1699529357,16734.0,270336.0,3810.0,12924.0,208.0,1
1699529360,0.0,0.0,0.0,0.0,204.0,1
1699529363,12072.0,0.0,2754.0,9324.0,204.0,1
1699529366,376764.0,638976.0,111876.0,264888.0,203.0,1
1699529369,0.0,0.0,0.0,0.0,319.0,1
1699529372,0.0,0.0,0.0,0.0,357.0,1
1699529375,0.0,0.0,0.0,0.0,357.0,1
1699529378,0.0,0.0,0.0,0.0,357.0,1
1699529381,920.0,0.0,206.66666666666669,713.3333333333333,358.0,1
1699529384,0.0,0.0,0.0,0.0,357.0,1
1699529387,0.0,0.0,0.0,0.0,359.0,1
1699529390,0.0,0.0,0.0,0.0,359.0,1
1699529393,0.0,0.0,0.0,0.0,358.0,1
1699529396,0.0,0.0,0.0,0.0,361.0,1
1699529399,175344.66666666666,0.0,18170.333333333336,157174.33333333334,213.0,1
1699529402,42914.666666666664,0.0,0.0,42914.666666666664,212.0,1
1699529405,0.0,0.0,0.0,0.0,208.0,1
1699529408,0.0,0.0,0.0,0.0,204.0,1
1699529411,393065.6666666667,596650.6666666667,108718.0,284341.3333333334,204.0,1
1699529414,0.0,0.0,0.0,0.0,324.0,1
1699529417,0.0,0.0,0.0,0.0,358.0,1
1699529420,0.0,0.0,0.0,0.0,356.0,1
1699529423,9877.0,860160.0,2254.0,7630.0,360.0,1
1699529426,0.0,860160.0,0.0,0.0,357.0,1
1699529429,0.0,0.0,0.0,0.0,358.0,1
1699529432,0.0,0.0,0.0,0.0,362.0,1
1699529435,0.0,0.0,0.0,0.0,360.0,1
1699529438,0.0,0.0,0.0,0.0,358.0,1
1699529441,0.0,0.0,0.0,0.0,358.0,1
1699529444,163064.0,0.0,35955.0,127103.33333333334,217.0,1
1699529447,67110.33333333333,0.0,28180.333333333336,38930.0,206.0,1
1699529450,0.0,0.0,0.0,0.0,208.0,1
1699529453,0.0,0.0,0.0,0.0,205.0,1
1699529456,348528.3333333334,1206954.6666666665,69518.66666666667,279009.6666666666,201.0,1
1699529459,9177.0,1206954.6666666665,0.0,9183.333333333332,225.0,1
1699529462,0.0,0.0,0.0,0.0,230.0,1
1699529465,0.0,0.0,0.0,0.0,229.0,1
1699529468,0.0,0.0,0.0,0.0,226.0,1
1699529471,0.0,0.0,0.0,0.0,228.0,1
1699529474,0.0,0.0,0.0,0.0,230.0,1
1699529477,0.0,0.0,0.0,0.0,230.0,1
1699529480,0.0,0.0,0.0,0.0,227.0,1
1699529483,19234.333333333336,25941.333333333332,19234.333333333336,0.0,227.0,1
1699529486,1368.0,25941.333333333332,1368.0,0.0,229.0,1
1699529489,65958.0,24576.0,4164.0,61794.0,212.0,1
1699529492,160920.0,24576.0,21744.0,139170.0,206.0,1
1699529495,0.0,0.0,0.0,0.0,204.0,1
1699529498,0.0,0.0,0.0,0.0,203.0,1
1699529501,366858.0,576170.6666666666,73116.0,293748.0,204.0,1
1699529504,15311986.0,4251648.0,3481372.0,11830614.0,236.0,1
1699529507,0.0,0.0,0.0,0.0,235.0,1
1699529510,0.0,0.0,0.0,0.0,239.0,1
1699529513,0.0,0.0,0.0,0.0,235.0,1
1699529516,0.0,0.0,0.0,0.0,240.0,1
1699529519,0.0,0.0,0.0,0.0,234.0,1
1699529522,0.0,0.0,0.0,0.0,236.0,1
1699529525,0.0,0.0,0.0,0.0,236.0,1
1699529528,0.0,0.0,0.0,0.0,235.0,1
1699529531,0.0,0.0,0.0,0.0,237.0,1
1699529534,62757.0,0.0,15820.666666666666,46930.0,221.0,1
1699529537,163710.33333333334,0.0,27588.0,136122.3333333333,205.0,1
1699529540,0.0,0.0,0.0,0.0,203.0,1
1699529543,14680.666666666666,0.0,14680.666666666666,0.0,205.0,1
1699529546,244472.0,1426773.3333333333,89928.33333333333,154550.0,204.0,1
1699529549,15476136.0,5492736.0,3535198.6666666665,11940930.333333334,251.0,1
1699529552,0.0,0.0,0.0,0.0,248.0,1
1699529555,0.0,0.0,0.0,0.0,251.0,1
1699529558,0.0,0.0,0.0,0.0,251.0,1
1699529561,1122.0,0.0,258.0,870.0,250.0,1
1699529564,0.0,0.0,0.0,0.0,248.0,1
1699529567,0.0,0.0,0.0,0.0,251.0,1
1699529570,0.0,0.0,0.0,0.0,250.0,1
1699529573,0.0,0.0,0.0,0.0,250.0,1
1699529576,0.0,0.0,0.0,0.0,249.0,1
1699529579,55017.66666666667,0.0,20026.0,34986.0,243.0,1
1699529582,145746.6666666667,0.0,29914.333333333336,115838.0,204.0,1
1699529585,0.0,0.0,0.0,0.0,203.0,1
1699529588,0.0,0.0,0.0,0.0,202.0,1
1699529591,62344.66666666667,882005.3333333333,3411.333333333333,58927.66666666667,203.0,1
1699529594,15641513.333333334,4949333.333333333,3639863.333333333,12001649.666666668,237.0,1
1699529597,0.0,0.0,0.0,0.0,252.0,1
1699529600,0.0,0.0,0.0,0.0,252.0,1
1699529603,15941.0,0.0,15941.0,0.0,250.0,1
1699529606,0.0,0.0,0.0,0.0,255.0,1
1699529609,0.0,0.0,0.0,0.0,250.0,1
1699529612,0.0,0.0,0.0,0.0,256.0,1
1699529615,0.0,0.0,0.0,0.0,255.0,1
1699529618,0.0,0.0,0.0,0.0,255.0,1
1699529621,0.0,0.0,0.0,0.0,256.0,1
1699529624,63472.666666666664,0.0,4490.333333333334,58988.666666666664,268.0,1
1699529627,144534.0,0.0,54522.0,90006.0,204.0,1
1699529630,0.0,0.0,0.0,0.0,202.0,1
1699529633,0.0,0.0,0.0,0.0,204.0,1
1699529636,38184.0,211626.6666666667,2994.0,35196.0,204.0,1
1699529639,15733620.0,4470101.333333333,3550041.0,12183579.0,233.0,1
1699529642,0.0,0.0,0.0,0.0,237.0,1
1699529645,0.0,0.0,0.0,0.0,234.0,1
1699529648,0.0,0.0,0.0,0.0,236.0,1
1699529651,0.0,0.0,0.0,0.0,236.0,1
1699529654,0.0,0.0,0.0,0.0,238.0,1
1699529657,0.0,0.0,0.0,0.0,238.0,1
1699529660,1653.3333333333335,873813.3333333333,373.33333333333337,1273.3333333333333,237.0,1
1699529663,19233.333333333332,873813.3333333333,19233.333333333332,0.0,239.0,1
1699529666,0.0,873813.3333333333,0.0,0.0,238.0,1
1699529669,71653.33333333333,518826.6666666666,25453.333333333336,46206.66666666667,273.0,1
1699529672,169461.0,492885.3333333333,128750.33333333333,40704.333333333336,205.0,1
1699529675,0.0,0.0,0.0,0.0,201.0,1
1699529678,0.0,0.0,0.0,0.0,205.0,1
1699529681,0.0,0.0,0.0,0.0,205.0,1
1699529684,412819.3333333333,622592.0,168485.66666666666,244333.66666666666,215.0,1
1699529687,0.0,0.0,0.0,0.0,237.0,1
1699529690,0.0,0.0,0.0,0.0,237.0,1
1699529693,0.0,0.0,0.0,0.0,238.0,1
1699529696,0.0,0.0,0.0,0.0,236.0,1
1699529699,0.0,0.0,0.0,0.0,237.0,1
1699529702,0.0,0.0,0.0,0.0,235.0,1
1699529705,0.0,0.0,0.0,0.0,238.0,1
1699529708,0.0,0.0,0.0,0.0,235.0,1
1699529711,0.0,0.0,0.0,0.0,236.0,1
1699529714,0.0,0.0,0.0,0.0,236.0,1
1699529717,288920.0,0.0,0.0,288920.0,201.0,1
1699529720,0.0,0.0,0.0,0.0,205.0,1
1699529723,16840.0,0.0,0.0,16846.666666666668,203.0,1
1699529726,0.0,0.0,0.0,0.0,203.0,1
1699529729,443613.3333333334,682666.6666666667,151386.66666666666,292226.6666666667,206.0,1
1699529732,0.0,0.0,0.0,0.0,242.0,1
1699529735,0.0,0.0,0.0,0.0,240.0,1
1699529738,0.0,0.0,0.0,0.0,242.0,1
1699529741,1344.0,0.0,306.0,1032.0,245.0,1
1699529744,0.0,0.0,0.0,0.0,241.0,1
1699529747,0.0,0.0,0.0,0.0,239.0,1
1699529750,0.0,0.0,0.0,0.0,239.0,1
1699529753,0.0,0.0,0.0,0.0,238.0,1
1699529756,0.0,0.0,0.0,0.0,241.0,1
1699529759,62790.0,0.0,47322.0,15474.0,240.0,1
1699529762,144607.6666666667,0.0,37105.33333333333,107496.66666666666,201.0,1
1699529765,0.0,0.0,0.0,0.0,204.0,1
1699529768,0.0,0.0,0.0,0.0,204.0,1
1699529771,0.0,0.0,0.0,0.0,203.0,1
1699529774,342261.0,557056.0,66062.0,276204.6666666667,209.0,1
1699529777,0.0,0.0,0.0,0.0,259.0,1
1699529780,0.0,0.0,0.0,0.0,264.0,1
1699529783,18664.333333333336,25941.333333333332,18664.333333333336,0.0,261.0,1
1699529786,0.0,0.0,0.0,0.0,257.0,1
1699529789,0.0,0.0,0.0,0.0,259.0,1
1699529792,0.0,0.0,0.0,0.0,258.0,1
1699529795,0.0,0.0,0.0,0.0,259.0,1
1699529798,0.0,0.0,0.0,0.0,261.0,1
1699529801,0.0,0.0,0.0,0.0,263.0,1
1699529804,64194.666666666664,0.0,49444.333333333336,14750.333333333334,260.0,1
1699529807,161046.0,245760.0,21756.0,139290.0,203.0,1
1699529810,0.0,245760.0,0.0,0.0,204.0,1
1699529813,0.0,0.0,0.0,0.0,204.0,1
1699529816,0.0,0.0,0.0,0.0,204.0,1
1699529819,369282.0,614400.0,110220.0,259056.0,206.0,1
1699529822,0.0,0.0,0.0,0.0,295.0,1
1699529825,0.0,0.0,0.0,0.0,288.0,1
1699529828,0.0,0.0,0.0,0.0,289.0,1
1699529831,0.0,0.0,0.0,0.0,291.0,1
1699529834,0.0,0.0,0.0,0.0,288.0,1
1699529837,0.0,0.0,0.0,0.0,290.0,1
1699529840,0.0,0.0,0.0,0.0,289.0,1
1699529843,13673.333333333332,0.0,13673.333333333332,0.0,288.0,1
1699529846,1006.6666666666667,0.0,1006.6666666666667,0.0,287.0,1
1699529849,0.0,0.0,0.0,0.0,290.0,1
1699529852,212375.66666666666,0.0,36271.0,176111.0,203.0,1
1699529855,20716.333333333332,0.0,20716.333333333332,0.0,205.0,1
1699529858,0.0,0.0,0.0,0.0,205.0,1
1699529861,0.0,0.0,0.0,0.0,203.0,1
1699529864,394725.0,622592.0,115862.0,278856.6666666666,209.0,1
1699529867,0.0,0.0,0.0,0.0,269.0,1
1699529870,0.0,0.0,0.0,0.0,289.0,1
1699529873,0.0,0.0,0.0,0.0,296.0,1
1699529876,0.0,0.0,0.0,0.0,295.0,1
1699529879,0.0,0.0,0.0,0.0,294.0,1
1699529882,0.0,0.0,0.0,0.0,295.0,1
1699529885,0.0,0.0,0.0,0.0,295.0,1
1699529888,0.0,0.0,0.0,0.0,291.0,1
1699529891,0.0,0.0,0.0,0.0,295.0,1
1699529894,0.0,0.0,0.0,0.0,295.0,1
1699529897,235813.3333333333,0.0,45913.33333333333,189900.0,207.0,1
1699529900,7653.333333333334,0.0,1753.3333333333335,5900.0,204.0,1
1699529903,13353.333333333332,0.0,3060.0,10300.0,205.0,1
1699529906,0.0,0.0,0.0,0.0,204.0,1
1699529909,421506.6666666666,737280.0,69286.66666666667,352220.0,203.0,1
1699529912,0.0,0.0,0.0,0.0,277.0,1
1699529915,0.0,0.0,0.0,0.0,279.0,1
1699529918,0.0,0.0,0.0,0.0,280.0,1
1699529921,1128.0,0.0,258.0,870.0,280.0,1
1699529924,0.0,0.0,0.0,0.0,274.0,1
1699529927,0.0,0.0,0.0,0.0,280.0,1
1699529930,0.0,0.0,0.0,0.0,279.0,1
1699529933,0.0,0.0,0.0,0.0,278.0,1
1699529936,0.0,0.0,0.0,0.0,273.0,1
1699529939,0.0,0.0,0.0,0.0,279.0,1
1699529942,198169.0,0.0,31087.333333333336,167076.0,211.0,1
1699529945,18756.666666666664,0.0,18756.666666666664,0.0,207.0,1
1699529948,0.0,0.0,0.0,0.0,207.0,1
1699529951,0.0,0.0,0.0,0.0,204.0,1
1699529954,377332.0,603477.3333333333,50784.66666666667,326553.0,204.0,1
1699529957,0.0,0.0,0.0,0.0,283.0,1
1699529960,0.0,0.0,0.0,0.0,277.0,1
1699529963,13870.0,778240.0,0.0,13870.0,277.0,1
1699529966,0.0,778240.0,0.0,0.0,280.0,1
1699529969,0.0,0.0,0.0,0.0,278.0,1
1699529972,0.0,0.0,0.0,0.0,277.0,1
1699529975,0.0,0.0,0.0,0.0,277.0,1
1699529978,0.0,0.0,0.0,0.0,279.0,1
1699529981,0.0,0.0,0.0,0.0,279.0,1
1699529984,0.0,0.0,0.0,0.0,278.0,1
1699529987,85132.66666666667,0.0,18835.333333333336,66291.0,246.0,1
1699529990,180198.0,0.0,39744.0,140454.0,205.0,1
1699529993,0.0,0.0,0.0,0.0,204.0,1
1699529996,0.0,0.0,0.0,0.0,205.0,1
1699529999,38556.0,245760.0,22434.0,16128.0,203.0,1
1699530002,16020009.0,4537002.666666667,3660356.6666666665,12359646.0,229.0,1
1699530005,0.0,0.0,0.0,0.0,260.0,1
1699530008,0.0,0.0,0.0,0.0,262.0,1
1699530011,0.0,0.0,0.0,0.0,261.0,1
1699530014,0.0,0.0,0.0,0.0,262.0,1
1699530017,0.0,0.0,0.0,0.0,259.0,1
1699530020,0.0,0.0,0.0,0.0,266.0,1
1699530023,19613.333333333332,27306.666666666664,19620.0,0.0,261.0,1
1699530026,0.0,0.0,0.0,0.0,260.0,1
1699530029,0.0,0.0,0.0,0.0,263.0,1
1699530032,66040.0,573440.0,30213.333333333336,35820.0,260.0,1
1699530035,167605.33333333334,544768.0,48899.666666666664,118712.0,208.0,1
1699530038,0.0,0.0,0.0,0.0,205.0,1
1699530041,0.0,0.0,0.0,0.0,205.0,1
1699530044,5044.0,593920.0,1151.3333333333333,3886.666666666667,201.0,1
1699530047,16078085.666666668,4803242.666666667,3681537.3333333335,12396554.333333332,237.0,1
1699530050,0.0,0.0,0.0,0.0,290.0,1
1699530053,0.0,0.0,0.0,0.0,292.0,1
1699530056,0.0,0.0,0.0,0.0,291.0,1
1699530059,0.0,0.0,0.0,0.0,291.0,1
1699530062,0.0,0.0,0.0,0.0,292.0,1
1699530065,0.0,0.0,0.0,0.0,295.0,1
1699530068,0.0,0.0,0.0,0.0,293.0,1
1699530071,0.0,0.0,0.0,0.0,290.0,1
1699530074,0.0,0.0,0.0,0.0,293.0,1
1699530077,69573.0,0.0,2520.0,67046.0,293.0,1
1699530080,175980.0,0.0,38613.333333333336,137373.33333333334,206.0,1
1699530083,15440.0,0.0,3533.333333333333,11906.666666666668,204.0,1
1699530086,0.0,0.0,0.0,0.0,205.0,1
1699530089,0.0,0.0,0.0,0.0,206.0,1
1699530092,365906.6666666666,709973.3333333333,152940.0,212960.0,237.0,1
1699530095,0.0,0.0,0.0,0.0,352.0,1
1699530098,0.0,0.0,0.0,0.0,357.0,1
1699530101,0.0,0.0,0.0,0.0,359.0,1
1699530104,0.0,0.0,0.0,0.0,356.0,1
1699530107,0.0,0.0,0.0,0.0,361.0,1
1699530110,0.0,0.0,0.0,0.0,361.0,1
1699530113,0.0,0.0,0.0,0.0,361.0,1
1699530116,0.0,0.0,0.0,0.0,360.0,1
1699530119,0.0,0.0,0.0,0.0,359.0,1
1699530122,68094.0,0.0,4110.0,63990.0,362.0,1
1699530125,155164.6666666667,0.0,2975.0,152189.6666666667,206.0,1
1699530128,0.0,0.0,0.0,0.0,207.0,1
1699530131,0.0,0.0,0.0,0.0,207.0,1
1699530134,0.0,0.0,0.0,0.0,202.0,1
1699530137,349049.6666666666,580266.6666666667,27653.333333333336,321396.3333333334,209.0,1
1699530140,0.0,0.0,0.0,0.0,351.0,1
1699530143,10551.333333333334,25941.333333333332,0.0,10551.333333333334,349.0,1
1699530146,0.0,0.0,0.0,0.0,351.0,1
1699530149,0.0,0.0,0.0,0.0,354.0,1
1699530152,0.0,0.0,0.0,0.0,350.0,1
1699530155,0.0,0.0,0.0,0.0,357.0,1
1699530158,0.0,0.0,0.0,0.0,355.0,1
1699530161,0.0,0.0,0.0,0.0,355.0,1
1699530164,0.0,0.0,0.0,0.0,356.0,1
1699530167,62016.0,0.0,0.0,62016.0,357.0,1
1699530170,153576.0,0.0,43638.0,109932.0,211.0,1
1699530173,0.0,0.0,0.0,0.0,206.0,1
1699530176,0.0,0.0,0.0,0.0,206.0,1
1699530179,0.0,0.0,0.0,0.0,204.0,1
1699530182,359682.0,589824.0,119514.0,240174.0,284.0,1
1699530185,0.0,0.0,0.0,0.0,345.0,1
1699530188,0.0,0.0,0.0,0.0,345.0,1
1699530191,0.0,0.0,0.0,0.0,343.0,1
1699530194,0.0,0.0,0.0,0.0,344.0,1
1699530197,0.0,0.0,0.0,0.0,345.0,1
1699530200,0.0,0.0,0.0,0.0,341.0,1
1699530203,11466.666666666668,0.0,2626.666666666667,8840.0,347.0,1
1699530206,873.3333333333333,0.0,200.0,673.3333333333333,347.0,1
1699530209,0.0,0.0,0.0,0.0,348.0,1
1699530212,67413.33333333333,0.0,24166.666666666664,43246.66666666667,342.0,1
1699530215,166066.33333333334,0.0,48551.333333333336,117515.0,208.0,1
1699530218,0.0,0.0,0.0,0.0,207.0,1
1699530221,0.0,0.0,0.0,0.0,201.0,1
1699530224,0.0,0.0,0.0,0.0,205.0,1
1699530227,415460.3333333333,700416.0,142664.6666666667,272795.6666666666,225.0,1
1699530230,0.0,0.0,0.0,0.0,349.0,1
1699530233,0.0,0.0,0.0,0.0,345.0,1
1699530236,0.0,0.0,0.0,0.0,349.0,1
1699530239,0.0,0.0,0.0,0.0,347.0,1
1699530242,0.0,0.0,0.0,0.0,345.0,1
1699530245,0.0,0.0,0.0,0.0,342.0,1
1699530248,0.0,0.0,0.0,0.0,347.0,1
1699530251,0.0,0.0,0.0,0.0,352.0,1
1699530254,0.0,0.0,0.0,0.0,348.0,1
1699530257,66162.0,0.0,0.0,66162.0,348.0,1
1699530260,156898.6666666667,0.0,6811.333333333334,150087.3333333333,207.0,1
1699530263,14285.666666666668,0.0,3269.666666666667,11016.0,203.0,1
1699530266,0.0,0.0,0.0,0.0,206.0,1
1699530269,0.0,0.0,0.0,0.0,203.0,1
1699530272,365670.0,603477.3333333333,65988.33333333333,299676.0,211.0,1
1699530275,0.0,0.0,0.0,0.0,251.0,1
1699530278,0.0,0.0,0.0,0.0,251.0,1
1699530281,0.0,0.0,0.0,0.0,247.0,1
1699530284,0.0,0.0,0.0,0.0,252.0,1
1699530287,0.0,0.0,0.0,0.0,250.0,1
1699530290,0.0,0.0,0.0,0.0,249.0,1
1699530293,0.0,0.0,0.0,0.0,248.0,1
1699530296,0.0,0.0,0.0,0.0,248.0,1
1699530299,0.0,0.0,0.0,0.0,248.0,1
1699530302,68305.0,0.0,0.0,68305.0,248.0,1
1699530305,162174.0,0.0,25314.0,136860.0,205.0,1
1699530308,0.0,0.0,0.0,0.0,203.0,1
1699530311,0.0,0.0,0.0,0.0,204.0,1
1699530314,50898.0,712704.0,25266.0,25632.0,205.0,1
1699530317,16208082.333333334,4790954.666666666,3715312.6666666665,12492775.666666666,234.0,1
1699530320,0.0,0.0,0.0,0.0,270.0,1
1699530323,21086.666666666664,27306.666666666664,0.0,21086.666666666664,274.0,1
1699530326,0.0,0.0,0.0,0.0,271.0,1
1699530329,0.0,0.0,0.0,0.0,270.0,1
1699530332,0.0,0.0,0.0,0.0,269.0,1
1699530335,0.0,0.0,0.0,0.0,275.0,1
1699530338,0.0,0.0,0.0,0.0,270.0,1
1699530341,0.0,0.0,0.0,0.0,270.0,1
1699530344,0.0,0.0,0.0,0.0,268.0,1
1699530347,253111.66666666666,0.0,54859.333333333336,198246.0,270.0,1
1699530350,22293.333333333332,0.0,5098.333333333333,17195.0,205.0,1
1699530353,0.0,0.0,0.0,0.0,203.0,1
1699530356,0.0,0.0,0.0,0.0,207.0,1
1699530359,385491.0,648533.3333333334,127534.33333333333,257963.0,201.0,1
1699530362,0.0,580266.6666666667,0.0,0.0,305.0,1
1699530365,0.0,0.0,0.0,0.0,312.0,1
1699530368,0.0,0.0,0.0,0.0,311.0,1
1699530371,0.0,0.0,0.0,0.0,311.0,1
1699530374,0.0,0.0,0.0,0.0,311.0,1
1699530377,0.0,0.0,0.0,0.0,308.0,1
1699530380,0.0,0.0,0.0,0.0,310.0,1
1699530383,25302.0,0.0,25164.0,138.0,311.0,1
1699530386,1836.0,0.0,420.0,1410.0,308.0,1
1699530389,0.0,0.0,0.0,0.0,309.0,1
1699530392,183968.3333333333,0.0,22389.0,161585.0,208.0,1
1699530395,42777.66666666667,0.0,42777.66666666667,0.0,206.0,1
1699530398,0.0,0.0,0.0,0.0,205.0,1
1699530401,0.0,0.0,0.0,0.0,205.0,1
1699530404,374770.6666666666,622592.0,142873.6666666667,231891.3333333333,205.0,1
1699530407,0.0,589824.0,0.0,0.0,281.0,1
1699530410,0.0,0.0,0.0,0.0,315.0,1
1699530413,0.0,0.0,0.0,0.0,314.0,1
1699530416,0.0,0.0,0.0,0.0,319.0,1
1699530419,0.0,0.0,0.0,0.0,312.0,1
1699530422,0.0,0.0,0.0,0.0,314.0,1
1699530425,0.0,0.0,0.0,0.0,316.0,1
1699530428,0.0,0.0,0.0,0.0,315.0,1
1699530431,0.0,0.0,0.0,0.0,315.0,1
1699530434,0.0,0.0,0.0,0.0,313.0,1
1699530437,160968.0,0.0,33228.0,127740.0,210.0,1
1699530440,61962.0,0.0,52950.0,9018.0,208.0,1
1699530443,14706.0,0.0,3372.0,11334.0,204.0,1
1699530446,0.0,0.0,0.0,0.0,203.0,1
1699530449,355422.0,614400.0,176754.0,178662.0,205.0,1
1699530452,0.0,0.0,0.0,0.0,267.0,1
1699530455,0.0,0.0,0.0,0.0,310.0,1
1699530458,0.0,0.0,0.0,0.0,314.0,1
1699530461,2846.666666666667,0.0,653.3333333333333,2193.3333333333335,312.0,1
1699530464,0.0,0.0,0.0,0.0,310.0,1
1699530467,0.0,0.0,0.0,0.0,311.0,1
1699530470,0.0,0.0,0.0,0.0,312.0,1
1699530473,0.0,0.0,0.0,0.0,311.0,1
1699530476,0.0,0.0,0.0,0.0,311.0,1
1699530479,0.0,0.0,0.0,0.0,310.0,1
1699530482,60065.333333333336,0.0,1608.6666666666667,58463.0,287.0,1
1699530485,165623.0,0.0,48443.666666666664,117173.0,208.0,1
1699530488,0.0,0.0,0.0,0.0,204.0,1
1699530491,0.0,0.0,0.0,0.0,205.0,1
1699530494,205752.0,959829.3333333334,195963.6666666667,9788.333333333334,205.0,1
1699530497,16221618.0,5051733.333333333,3782088.333333333,12439529.333333334,289.0,1
1699530500,0.0,0.0,0.0,0.0,311.0,1
1699530503,46389.0,0.0,33257.0,13139.0,312.0,1
1699530506,0.0,0.0,0.0,0.0,311.0,1
1699530509,0.0,0.0,0.0,0.0,309.0,1
1699530512,0.0,0.0,0.0,0.0,310.0,1
1699530515,0.0,0.0,0.0,0.0,311.0,1
1699530518,0.0,0.0,0.0,0.0,312.0,1
1699530521,0.0,0.0,0.0,0.0,315.0,1
1699530524,0.0,0.0,0.0,0.0,313.0,1
1699530527,84000.0,0.0,21324.0,62676.0,315.0,1
1699530530,152195.3333333333,0.0,25987.333333333336,126202.33333333334,209.0,1
1699530533,0.0,0.0,0.0,0.0,204.0,1
1699530536,0.0,0.0,0.0,0.0,203.0,1
1699530539,0.0,0.0,0.0,0.0,203.0,1
1699530542,338237.6666666666,580266.6666666667,143786.0,194457.3333333333,208.0,1
1699530545,0.0,0.0,0.0,0.0,259.0,1
1699530548,0.0,0.0,0.0,0.0,261.0,1
1699530551,0.0,0.0,0.0,0.0,260.0,1
1699530554,0.0,0.0,0.0,0.0,262.0,1
1699530557,0.0,0.0,0.0,0.0,261.0,1
1699530560,0.0,0.0,0.0,0.0,257.0,1
1699530563,21457.333333333332,0.0,21451.0,0.0,260.0,1
1699530566,0.0,0.0,0.0,0.0,261.0,1
1699530569,0.0,0.0,0.0,0.0,260.0,1
1699530572,67830.0,0.0,1197.0,66639.33333333334,260.0,1
1699530575,150696.0,0.0,69570.0,81120.0,205.0,1
1699530578,0.0,0.0,0.0,0.0,203.0,1
1699530581,0.0,0.0,0.0,0.0,207.0,1
1699530584,39750.0,860160.0,22704.0,17052.0,204.0,1
1699530587,16479362.333333334,4943872.0,3829995.0,12649367.333333334,236.0,1
1699530590,0.0,0.0,0.0,0.0,285.0,1
1699530593,0.0,0.0,0.0,0.0,285.0,1
1699530596,0.0,0.0,0.0,0.0,283.0,1
1699530599,0.0,0.0,0.0,0.0,282.0,1
1699530602,0.0,0.0,0.0,0.0,285.0,1
1699530605,0.0,0.0,0.0,0.0,286.0,1
1699530608,0.0,0.0,0.0,0.0,280.0,1
1699530611,0.0,0.0,0.0,0.0,285.0,1
1699530614,0.0,0.0,0.0,0.0,286.0,1
1699530617,193787.33333333334,207530.66666666666,16150.0,177631.0,278.0,1
1699530620,32534.333333333332,207530.66666666666,1387.0,31147.333333333332,204.0,1
1699530623,14490.666666666666,207530.66666666666,3344.0,11146.666666666666,204.0,1
1699530626,0.0,0.0,0.0,0.0,205.0,1
1699530629,399728.3333333333,1400832.0,59596.666666666664,340138.0,203.0,1
1699530632,0.0,1400832.0,0.0,0.0,322.0,1
1699530635,0.0,0.0,0.0,0.0,340.0,1
1699530638,0.0,0.0,0.0,0.0,340.0,1
1699530641,1728.0,0.0,396.0,1326.0,338.0,1
1699530644,0.0,0.0,0.0,0.0,340.0,1
1699530647,0.0,0.0,0.0,0.0,341.0,1
1699530650,0.0,0.0,0.0,0.0,338.0,1
1699530653,0.0,0.0,0.0,0.0,339.0,1
1699530656,0.0,0.0,0.0,0.0,338.0,1
1699530659,0.0,0.0,0.0,0.0,338.0,1
1699530662,201671.0,0.0,31931.666666666664,169745.0,209.0,1
1699530665,0.0,0.0,0.0,0.0,205.0,1
1699530668,0.0,0.0,0.0,0.0,209.0,1
1699530671,0.0,0.0,0.0,0.0,201.0,1
1699530674,357765.0,580266.6666666667,119079.33333333334,238680.0,206.0,1
1699530677,0.0,0.0,0.0,0.0,343.0,1
1699530680,0.0,0.0,0.0,0.0,341.0,1
1699530683,30229.0,0.0,6973.0,23256.0,344.0,1
1699530686,0.0,0.0,0.0,0.0,345.0,1
1699530689,0.0,0.0,0.0,0.0,342.0,1
1699530692,0.0,0.0,0.0,0.0,343.0,1
1699530695,0.0,0.0,0.0,0.0,344.0,1
1699530698,0.0,0.0,0.0,0.0,343.0,1
1699530701,0.0,0.0,0.0,0.0,343.0,1
1699530704,0.0,0.0,0.0,0.0,342.0,1
1699530707,227544.0,245760.0,31242.0,196308.0,204.0,1
1699530710,0.0,245760.0,0.0,0.0,206.0,1
1699530713,0.0,0.0,0.0,0.0,203.0,1
1699530716,0.0,0.0,0.0,0.0,201.0,1
1699530719,396378.0,663552.0,143682.0,252696.0,204.0,1
1699530722,0.0,0.0,0.0,0.0,339.0,1
1699530725,0.0,0.0,0.0,0.0,340.0,1
1699530728,0.0,0.0,0.0,0.0,339.0,1
1699530731,0.0,0.0,0.0,0.0,339.0,1
1699530734,0.0,0.0,0.0,0.0,335.0,1
1699530737,0.0,0.0,0.0,0.0,338.0,1
1699530740,0.0,0.0,0.0,0.0,337.0,1
1699530743,49900.0,0.0,49900.0,0.0,338.0,1
1699530746,3466.666666666667,305834.6666666666,3460.0,0.0,338.0,1
1699530749,0.0,305834.6666666666,0.0,0.0,339.0,1
1699530752,210988.66666666666,305834.6666666666,109661.66666666667,101327.0,211.0,1
1699530755,21197.666666666668,305834.6666666666,4902.0,16302.0,206.0,1
1699530758,0.0,0.0,0.0,0.0,203.0,1
1699530761,0.0,0.0,0.0,0.0,204.0,1
1699530764,364610.3333333334,533845.3333333334,107904.66666666666,256705.6666666667,202.0,1
1699530767,0.0,0.0,0.0,0.0,339.0,1
1699530770,0.0,0.0,0.0,0.0,338.0,1
1699530773,0.0,0.0,0.0,0.0,339.0,1
1699530776,0.0,0.0,0.0,0.0,340.0,1
1699530779,0.0,0.0,0.0,0.0,337.0,1
1699530782,0.0,0.0,0.0,0.0,339.0,1
1699530785,0.0,0.0,0.0,0.0,341.0,1
1699530788,0.0,0.0,0.0,0.0,341.0,1
1699530791,0.0,0.0,0.0,0.0,340.0,1
1699530794,0.0,0.0,0.0,0.0,341.0,1
1699530797,215634.0,0.0,47820.0,167808.0,253.0,1
1699530800,13368.0,0.0,3096.0,10278.0,206.0,1
1699530803,13662.0,0.0,3156.0,10500.0,204.0,1
1699530806,0.0,0.0,0.0,0.0,204.0,1
1699530809,366558.0,663552.0,109752.0,256812.0,203.0,1
1699530812,0.0,0.0,0.0,0.0,275.0,1
1699530815,0.0,0.0,0.0,0.0,278.0,1
1699530818,0.0,0.0,0.0,0.0,278.0,1
1699530821,1433.3333333333335,0.0,326.66666666666663,1100.0,278.0,1
1699530824,0.0,0.0,0.0,0.0,279.0,1
1699530827,0.0,0.0,0.0,0.0,280.0,1
1699530830,0.0,0.0,0.0,0.0,280.0,1
1699530833,0.0,0.0,0.0,0.0,280.0,1
1699530836,0.0,0.0,0.0,0.0,279.0,1
1699530839,0.0,0.0,0.0,0.0,278.0,1
1699530842,218816.66666666666,0.0,95373.66666666667,123449.33333333333,224.0,1
1699530845,0.0,0.0,0.0,0.0,207.0,1
1699530848,0.0,0.0,0.0,0.0,201.0,1
1699530851,0.0,0.0,0.0,0.0,209.0,1
1699530854,395991.6666666667,674474.6666666666,138345.3333333333,257646.33333333334,218.0,1
1699530857,0.0,0.0,0.0,0.0,311.0,1
1699530860,0.0,0.0,0.0,0.0,308.0,1
1699530863,22967.0,28672.0,5320.0,17640.0,308.0,1
1699530866,0.0,0.0,0.0,0.0,307.0,1
1699530869,0.0,0.0,0.0,0.0,312.0,1
1699530872,0.0,0.0,0.0,0.0,314.0,1
1699530875,0.0,0.0,0.0,0.0,315.0,1
1699530878,0.0,0.0,0.0,0.0,306.0,1
1699530881,0.0,0.0,0.0,0.0,310.0,1
1699530884,68201.0,0.0,31542.0,36666.0,310.0,1
1699530887,169686.6666666667,0.0,21946.666666666664,147740.0,208.0,1
1699530890,0.0,0.0,0.0,0.0,204.0,1
1699530893,0.0,0.0,0.0,0.0,202.0,1
1699530896,0.0,0.0,0.0,0.0,202.0,1
1699530899,421713.3333333334,709973.3333333333,140293.33333333334,281420.0,252.0,1
1699530902,0.0,0.0,0.0,0.0,385.0,1
1699530905,0.0,0.0,0.0,0.0,385.0,1
1699530908,0.0,0.0,0.0,0.0,390.0,1
1699530911,0.0,0.0,0.0,0.0,386.0,1
1699530914,0.0,0.0,0.0,0.0,389.0,1
1699530917,0.0,0.0,0.0,0.0,390.0,1
1699530920,0.0,0.0,0.0,0.0,390.0,1
1699530923,25440.0,0.0,19380.0,6054.0,391.0,1
1699530926,0.0,0.0,0.0,0.0,395.0,1
1699530929,61224.0,0.0,8364.0,52860.0,391.0,1
1699530932,148704.6666666667,0.0,43429.33333333333,105275.33333333334,208.0,1
1699530935,0.0,0.0,0.0,0.0,208.0,1
1699530938,0.0,0.0,0.0,0.0,205.0,1
1699530941,0.0,0.0,0.0,0.0,204.0,1
1699530944,351815.0,510634.6666666666,33745.0,318075.6666666666,234.0,1
1699530947,0.0,0.0,0.0,0.0,383.0,1
1699530950,0.0,0.0,0.0,0.0,383.0,1
1699530953,0.0,0.0,0.0,0.0,384.0,1
1699530956,0.0,0.0,0.0,0.0,385.0,1
1699530959,0.0,0.0,0.0,0.0,384.0,1
1699530962,0.0,0.0,0.0,0.0,384.0,1
1699530965,0.0,0.0,0.0,0.0,383.0,1
1699530968,0.0,0.0,0.0,0.0,387.0,1
1699530971,0.0,0.0,0.0,0.0,385.0,1
1699530974,61053.333333333336,0.0,0.0,61047.0,386.0,1
1699530977,155694.0,0.0,66648.0,89052.0,214.0,1
1699530980,0.0,0.0,0.0,0.0,202.0,1
1699530983,12852.0,0.0,2976.0,9876.0,204.0,1
1699530986,0.0,0.0,0.0,0.0,204.0,1
1699530989,342288.0,663552.0,71340.0,270948.0,207.0,1
1699530992,0.0,0.0,0.0,0.0,376.0,1
1699530995,0.0,0.0,0.0,0.0,375.0,1
1699530998,0.0,0.0,0.0,0.0,382.0,1
1699531001,1854.0,0.0,426.0,1422.0,378.0,1
1699531004,0.0,0.0,0.0,0.0,378.0,1
1699531007,0.0,0.0,0.0,0.0,381.0,1
1699531010,0.0,0.0,0.0,0.0,381.0,1
1699531013,0.0,0.0,0.0,0.0,379.0,1
1699531016,0.0,0.0,0.0,0.0,386.0,1
1699531019,0.0,0.0,0.0,0.0,378.0,1
1699531022,215611.0,0.0,35184.33333333333,180426.6666666667,208.0,1
1699531025,0.0,0.0,0.0,0.0,208.0,1
1699531028,0.0,0.0,0.0,0.0,207.0,1
1699531031,0.0,0.0,0.0,0.0,204.0,1
1699531034,382722.0,614400.0,189000.0,193728.0,224.0,1
1699531037,0.0,0.0,0.0,0.0,378.0,1
1699531040,0.0,0.0,0.0,0.0,380.0,1
1699531043,45166.66666666667,368640.0,25460.0,19706.666666666668,380.0,1
1699531046,0.0,368640.0,0.0,0.0,379.0,1
1699531049,0.0,0.0,0.0,0.0,379.0,1
1699531052,0.0,0.0,0.0,0.0,383.0,1
1699531055,0.0,0.0,0.0,0.0,383.0,1
1699531058,0.0,0.0,0.0,0.0,374.0,1
1699531061,0.0,0.0,0.0,0.0,385.0,1
1699531064,10100.0,68266.66666666667,10093.333333333334,0.0,383.0,1
1699531067,230071.0,68266.66666666667,57905.666666666664,172171.66666666666,211.0,1
1699531070,0.0,68266.66666666667,0.0,0.0,202.0,1
1699531073,0.0,0.0,0.0,0.0,205.0,1
1699531076,0.0,0.0,0.0,0.0,207.0,1
1699531079,402426.3333333333,674474.6666666666,54067.666666666664,348352.3333333333,208.0,1
1699531082,0.0,0.0,0.0,0.0,259.0,1
1699531085,0.0,0.0,0.0,0.0,259.0,1
1699531088,0.0,0.0,0.0,0.0,260.0,1
1699531091,0.0,0.0,0.0,0.0,260.0,1
1699531094,0.0,0.0,0.0,0.0,259.0,1
1699531097,0.0,0.0,0.0,0.0,259.0,1
1699531100,0.0,0.0,0.0,0.0,262.0,1
1699531103,24870.0,761856.0,0.0,24876.0,265.0,1
1699531106,0.0,761856.0,0.0,0.0,259.0,1
1699531109,60468.0,761856.0,46764.0,13704.0,261.0,1
1699531112,167801.3333333333,719530.6666666667,18598.0,149203.3333333333,215.0,1
1699531115,0.0,0.0,0.0,0.0,205.0,1
1699531118,0.0,0.0,0.0,0.0,204.0,1
1699531121,0.0,0.0,0.0,0.0,204.0,1
1699531124,369704.6666666666,557056.0,92610.33333333334,277094.3333333333,228.0,1
1699531127,0.0,0.0,0.0,0.0,272.0,1
1699531130,0.0,0.0,0.0,0.0,271.0,1
1699531133,0.0,0.0,0.0,0.0,276.0,1
1699531136,0.0,0.0,0.0,0.0,271.0,1
1699531139,0.0,0.0,0.0,0.0,270.0,1
1699531142,0.0,0.0,0.0,0.0,269.0,1
1699531145,0.0,0.0,0.0,0.0,275.0,1
1699531148,0.0,0.0,0.0,0.0,268.0,1
1699531151,0.0,0.0,0.0,0.0,275.0,1
1699531154,86250.0,466944.0,21822.0,64428.0,266.0,1
1699531157,138768.0,466944.0,53316.0,85446.0,206.0,1
1699531160,0.0,0.0,0.0,0.0,203.0,1
1699531163,14910.0,0.0,3462.0,11448.0,201.0,1
1699531166,273236.6666666667,767317.3333333333,72066.0,201176.3333333333,203.0,1
1699531169,16653232.333333332,4765013.333333334,3880702.3333333335,12772523.666666668,252.0,1
1699531172,0.0,0.0,0.0,0.0,313.0,1
1699531175,0.0,0.0,0.0,0.0,314.0,1
1699531178,0.0,0.0,0.0,0.0,315.0,1
1699531181,2686.666666666667,0.0,626.6666666666666,2066.6666666666665,313.0,1
1699531184,0.0,0.0,0.0,0.0,313.0,1
1699531187,0.0,0.0,0.0,0.0,309.0,1
1699531190,0.0,0.0,0.0,0.0,314.0,1
1699531193,0.0,0.0,0.0,0.0,313.0,1
1699531196,0.0,0.0,0.0,0.0,308.0,1
1699531199,64815.333333333336,0.0,8879.333333333332,55929.666666666664,275.0,1
1699531202,167852.33333333334,0.0,34694.0,133158.3333333333,203.0,1
1699531205,0.0,0.0,0.0,0.0,205.0,1
1699531208,0.0,0.0,0.0,0.0,203.0,1
1699531211,132997.33333333334,1115477.3333333335,120041.66666666666,12959.333333333334,204.0,1
1699531214,16872561.0,5207381.333333334,3918633.0,12953924.0,223.0,1
1699531217,0.0,0.0,0.0,0.0,314.0,1
1699531220,0.0,0.0,0.0,0.0,314.0,1
1699531223,36393.0,28672.0,8456.0,27944.0,315.0,1
1699531226,0.0,0.0,0.0,0.0,314.0,1
1699531229,0.0,0.0,0.0,0.0,315.0,1
1699531232,0.0,0.0,0.0,0.0,315.0,1
1699531235,0.0,0.0,0.0,0.0,316.0,1
1699531238,0.0,0.0,0.0,0.0,318.0,1
1699531241,0.0,0.0,0.0,0.0,311.0,1
1699531244,64554.0,0.0,0.0,64548.0,315.0,1
1699531247,154263.6666666667,0.0,36799.33333333333,117470.0,206.0,1
1699531250,0.0,0.0,0.0,0.0,202.0,1
1699531253,0.0,0.0,0.0,0.0,207.0,1
1699531256,62701.66666666667,603477.3333333333,45537.33333333333,17164.333333333332,201.0,1
1699531259,16922469.0,4698112.0,3899903.3333333335,13022559.666666666,299.0,1
1699531262,0.0,0.0,0.0,0.0,312.0,1
1699531265,0.0,0.0,0.0,0.0,309.0,1
1699531268,0.0,0.0,0.0,0.0,311.0,1
1699531271,0.0,0.0,0.0,0.0,313.0,1
1699531274,0.0,0.0,0.0,0.0,311.0,1
1699531277,0.0,0.0,0.0,0.0,311.0,1
1699531280,0.0,0.0,0.0,0.0,313.0,1
1699531283,42078.666666666664,778240.0,3603.6666666666665,38481.33333333333,308.0,1
1699531286,0.0,0.0,0.0,0.0,314.0,1
1699531289,71326.0,0.0,45017.333333333336,26308.666666666668,318.0,1
1699531292,162870.0,0.0,41394.0,121470.0,202.0,1
1699531295,0.0,0.0,0.0,0.0,204.0,1
1699531298,0.0,0.0,0.0,0.0,205.0,1
1699531301,0.0,0.0,0.0,0.0,203.0,1
1699531304,361542.0,589824.0,58320.0,303228.0,210.0,1
1699531307,0.0,0.0,0.0,0.0,311.0,1
1699531310,0.0,0.0,0.0,0.0,310.0,1
1699531313,0.0,0.0,0.0,0.0,313.0,1
1699531316,0.0,0.0,0.0,0.0,311.0,1
1699531319,0.0,0.0,0.0,0.0,312.0,1
1699531322,0.0,0.0,0.0,0.0,314.0,1
1699531325,0.0,0.0,0.0,0.0,311.0,1
1699531328,0.0,0.0,0.0,0.0,311.0,1
1699531331,0.0,0.0,0.0,0.0,311.0,1
1699531334,0.0,0.0,0.0,0.0,312.0,1
1699531337,226486.33333333334,0.0,103334.66666666667,123145.33333333333,221.0,1
1699531340,0.0,0.0,0.0,0.0,205.0,1
1699531343,13939.666666666666,25941.333333333332,3236.3333333333335,10703.333333333334,203.0,1
1699531346,0.0,0.0,0.0,0.0,203.0,1
1699531349,405181.3333333333,700416.0,167136.66666666666,238051.0,212.0,1
1699531352,0.0,0.0,0.0,0.0,276.0,1
1699531355,0.0,0.0,0.0,0.0,272.0,1
1699531358,0.0,0.0,0.0,0.0,275.0,1
1699531361,1794.0,0.0,420.0,1368.0,272.0,1
1699531364,0.0,0.0,0.0,0.0,274.0,1
1699531367,0.0,0.0,0.0,0.0,272.0,1
1699531370,0.0,0.0,0.0,0.0,268.0,1
1699531373,0.0,0.0,0.0,0.0,270.0,1
1699531376,0.0,0.0,0.0,0.0,271.0,1
1699531379,11106.0,0.0,2580.0,8526.0,275.0,1
1699531382,195267.6666666667,0.0,24961.666666666664,170311.6666666667,207.0,1
1699531385,0.0,0.0,0.0,0.0,203.0,1
1699531388,0.0,0.0,0.0,0.0,205.0,1
1699531391,0.0,0.0,0.0,0.0,203.0,1
1699531394,322529.6666666666,557056.0,98226.0,224298.0,227.0,1
1699531397,0.0,0.0,0.0,0.0,285.0,1
1699531400,0.0,0.0,0.0,0.0,288.0,1
1699531403,26872.333333333332,778240.0,69.66666666666666,26802.666666666668,291.0,1
1699531406,0.0,778240.0,0.0,0.0,286.0,1
1699531409,0.0,0.0,0.0,0.0,286.0,1
1699531412,0.0,0.0,0.0,0.0,285.0,1
1699531415,0.0,0.0,0.0,0.0,292.0,1
1699531418,0.0,0.0,0.0,0.0,291.0,1
1699531421,0.0,0.0,0.0,0.0,283.0,1
1699531424,57612.0,0.0,26868.0,30750.0,286.0,1
1699531427,159516.0,0.0,27144.0,132372.0,205.0,1
1699531430,0.0,0.0,0.0,0.0,203.0,1
1699531433,0.0,0.0,0.0,0.0,205.0,1
1699531436,75180.0,648533.3333333334,69582.0,5598.0,205.0,1
1699531439,17055192.666666664,4987562.666666666,4042743.3333333335,13012449.333333334,285.0,1
1699531442,0.0,0.0,0.0,0.0,339.0,1
1699531445,0.0,0.0,0.0,0.0,343.0,1
1699531448,0.0,0.0,0.0,0.0,346.0,1
1699531451,0.0,0.0,0.0,0.0,343.0,1
1699531454,0.0,0.0,0.0,0.0,344.0,1
1699531457,0.0,0.0,0.0,0.0,347.0,1
1699531460,2726.666666666667,0.0,633.3333333333334,2086.6666666666665,345.0,1
1699531463,30540.0,54613.33333333333,7120.0,23426.666666666664,347.0,1
1699531466,0.0,0.0,0.0,0.0,345.0,1
1699531469,67273.33333333333,0.0,52066.66666666667,15200.0,318.0,1
1699531472,171956.33333333334,0.0,2913.3333333333335,169043.0,208.0,1
1699531475,0.0,0.0,0.0,0.0,207.0,1
1699531478,0.0,0.0,0.0,0.0,205.0,1
1699531481,42224.333333333336,907946.6666666666,3648.0,38576.33333333333,203.0,1
1699531484,17138411.0,5006677.333333333,4028149.6666666665,13110267.666666666,261.0,1
1699531487,0.0,0.0,0.0,0.0,345.0,1
1699531490,0.0,0.0,0.0,0.0,346.0,1
1699531493,0.0,0.0,0.0,0.0,346.0,1
1699531496,0.0,0.0,0.0,0.0,344.0,1
1699531499,0.0,0.0,0.0,0.0,343.0,1
1699531502,0.0,0.0,0.0,0.0,343.0,1
1699531505,0.0,0.0,0.0,0.0,345.0,1
1699531508,0.0,0.0,0.0,0.0,344.0,1
1699531511,0.0,0.0,0.0,0.0,345.0,1
1699531514,72044.0,0.0,3101.0,68943.0,343.0,1
1699531517,174606.6666666667,0.0,72453.33333333333,102146.66666666666,206.0,1
1699531520,0.0,0.0,0.0,0.0,204.0,1
1699531523,16433.333333333332,791893.3333333333,3833.333333333333,12600.0,205.0,1
1699531526,0.0,791893.3333333333,0.0,0.0,205.0,1
1699531529,412086.6666666666,709973.3333333333,82166.66666666666,329926.6666666666,229.0,1
1699531532,0.0,0.0,0.0,0.0,339.0,1
1699531535,0.0,0.0,0.0,0.0,339.0,1
1699531538,0.0,0.0,0.0,0.0,340.0,1
1699531541,2634.0,0.0,612.0,2016.0,339.0,1
1699531544,0.0,0.0,0.0,0.0,339.0,1
1699531547,0.0,0.0,0.0,0.0,339.0,1
1699531550,0.0,0.0,0.0,0.0,342.0,1
1699531553,0.0,0.0,0.0,0.0,340.0,1
1699531556,0.0,0.0,0.0,0.0,339.0,1
1699531559,62406.0,0.0,22122.0,40290.0,337.0,1
1699531562,164293.6666666667,0.0,28815.0,135473.0,205.0,1
1699531565,0.0,0.0,0.0,0.0,204.0,1
1699531568,0.0,0.0,0.0,0.0,203.0,1
1699531571,0.0,0.0,0.0,0.0,203.0,1
1699531574,361210.3333333334,557056.0,54156.33333333333,307059.6666666666,281.0,1
1699531577,0.0,0.0,0.0,0.0,344.0,1
1699531580,0.0,0.0,0.0,0.0,338.0,1
1699531583,46556.333333333336,778240.0,45422.666666666664,1127.3333333333335,339.0,1
1699531586,0.0,778240.0,0.0,0.0,336.0,1
1699531589,0.0,0.0,0.0,0.0,341.0,1
1699531592,0.0,0.0,0.0,0.0,342.0,1
1699531595,0.0,0.0,0.0,0.0,341.0,1
1699531598,0.0,0.0,0.0,0.0,341.0,1
1699531601,0.0,0.0,0.0,0.0,340.0,1
1699531604,63713.333333333336,570709.3333333333,8657.666666666668,55055.666666666664,341.0,1
1699531607,161286.0,540672.0,52740.0,108546.0,206.0,1
1699531610,0.0,0.0,0.0,0.0,206.0,1
1699531613,0.0,0.0,0.0,0.0,205.0,1
1699531616,0.0,0.0,0.0,0.0,205.0,1
1699531619,390078.0,614400.0,134676.0,255408.0,221.0,1
1699531622,0.0,0.0,0.0,0.0,288.0,1
1699531625,0.0,0.0,0.0,0.0,286.0,1
1699531628,0.0,0.0,0.0,0.0,284.0,1
1699531631,0.0,0.0,0.0,0.0,283.0,1
1699531634,0.0,0.0,0.0,0.0,287.0,1
1699531637,0.0,0.0,0.0,0.0,286.0,1
1699531640,0.0,0.0,0.0,0.0,282.0,1
1699531643,21973.333333333336,39594.666666666664,0.0,21973.333333333336,286.0,1
1699531646,0.0,39594.666666666664,0.0,0.0,281.0,1
1699531649,66106.66666666667,39594.666666666664,28946.666666666664,37153.333333333336,282.0,1
1699531652,172786.0,39594.666666666664,50065.0,122727.33333333333,206.0,1
1699531655,0.0,0.0,0.0,0.0,205.0,1
1699531658,0.0,0.0,0.0,0.0,204.0,1
1699531661,74695.33333333334,804181.3333333334,72364.66666666666,2330.666666666667,209.0,1
1699531664,17268630.666666668,4902912.0,4052221.333333333,13216402.666666666,293.0,1
1699531667,0.0,0.0,0.0,0.0,306.0,1
1699531670,0.0,0.0,0.0,0.0,310.0,1
1699531673,0.0,0.0,0.0,0.0,312.0,1
1699531676,0.0,0.0,0.0,0.0,308.0,1
1699531679,0.0,0.0,0.0,0.0,310.0,1
1699531682,0.0,0.0,0.0,0.0,310.0,1
1699531685,0.0,0.0,0.0,0.0,310.0,1
1699531688,0.0,0.0,0.0,0.0,309.0,1
1699531691,0.0,0.0,0.0,0.0,309.0,1
1699531694,257673.3333333333,1037653.3333333333,63866.66666666667,193813.3333333333,308.0,1
1699531697,20920.0,1037653.3333333333,4886.666666666667,16033.333333333332,207.0,1
1699531700,0.0,0.0,0.0,0.0,205.0,1
1699531703,16780.0,0.0,0.0,16780.0,203.0,1
1699531706,430673.3333333334,709973.3333333333,47500.0,383173.3333333334,205.0,1
1699531709,0.0,709973.3333333333,0.0,0.0,383.0,1
1699531712,0.0,0.0,0.0,0.0,385.0,1
1699531715,0.0,0.0,0.0,0.0,387.0,1
1699531718,0.0,0.0,0.0,0.0,389.0,1
1699531721,1938.0,0.0,450.0,1482.0,382.0,1
1699531724,0.0,0.0,0.0,0.0,391.0,1
1699531727,0.0,0.0,0.0,0.0,389.0,1
1699531730,0.0,0.0,0.0,0.0,386.0,1
1699531733,0.0,0.0,0.0,0.0,391.0,1
1699531736,0.0,0.0,0.0,0.0,391.0,1
1699531739,193114.3333333333,0.0,66475.66666666667,126638.66666666666,243.0,1
1699531742,26185.666666666664,0.0,6114.333333333334,20071.333333333336,209.0,1
1699531745,0.0,0.0,0.0,0.0,207.0,1
1699531748,0.0,0.0,0.0,0.0,205.0,1
1699531751,342391.3333333334,626688.0,73547.66666666666,268843.6666666667,204.0,1
1699531754,0.0,0.0,0.0,0.0,366.0,1
1699531757,0.0,0.0,0.0,0.0,383.0,1
1699531760,0.0,0.0,0.0,0.0,389.0,1
1699531763,31046.0,0.0,7251.666666666667,23794.333333333332,387.0,1
1699531766,0.0,0.0,0.0,0.0,383.0,1
1699531769,0.0,0.0,0.0,0.0,385.0,1
1699531772,0.0,0.0,0.0,0.0,388.0,1
1699531775,0.0,0.0,0.0,0.0,389.0,1
1699531778,0.0,0.0,0.0,0.0,389.0,1
1699531781,0.0,0.0,0.0,0.0,387.0,1
1699531784,150006.0,0.0,19032.0,130974.0,315.0,1
1699531787,62202.0,0.0,14526.0,47682.0,209.0,1
1699531790,0.0,0.0,0.0,0.0,205.0,1
1699531793,0.0,0.0,0.0,0.0,205.0,1
1699531796,390096.0,626688.0,159936.0,230160.0,203.0,1
1699531799,0.0,626688.0,0.0,0.0,330.0,1
1699531802,0.0,0.0,0.0,0.0,383.0,1
1699531805,0.0,0.0,0.0,0.0,382.0,1
1699531808,0.0,0.0,0.0,0.0,381.0,1
1699531811,0.0,0.0,0.0,0.0,378.0,1
1699531814,0.0,0.0,0.0,0.0,382.0,1
1699531817,0.0,0.0,0.0,0.0,385.0,1
1699531820,0.0,0.0,0.0,0.0,384.0,1
1699531823,42580.0,54613.33333333333,42580.0,0.0,384.0,1
1699531826,0.0,54613.33333333333,0.0,0.0,386.0,1
1699531829,64669.666666666664,51882.666666666664,32844.66666666667,31818.666666666668,303.0,1
1699531832,171772.66666666666,51882.666666666664,29443.666666666668,142329.0,210.0,1
1699531835,0.0,0.0,0.0,0.0,205.0,1
1699531838,0.0,0.0,0.0,0.0,204.0,1
1699531841,233700.0,1249280.0,72250.66666666666,161449.33333333334,204.0,1
1699531844,17270057.333333332,5352106.666666667,4049198.0,13220859.0,303.0,1
1699531847,0.0,0.0,0.0,0.0,381.0,1
1699531850,0.0,0.0,0.0,0.0,377.0,1
1699531853,0.0,0.0,0.0,0.0,380.0,1
1699531856,0.0,0.0,0.0,0.0,378.0,1
1699531859,0.0,0.0,0.0,0.0,381.0,1
1699531862,0.0,0.0,0.0,0.0,382.0,1
1699531865,0.0,0.0,0.0,0.0,386.0,1
1699531868,0.0,0.0,0.0,0.0,382.0,1
1699531871,0.0,0.0,0.0,0.0,384.0,1
1699531874,64776.0,0.0,3360.0,61422.0,341.0,1
1699531877,151254.6666666667,0.0,14642.666666666668,136606.33333333334,213.0,1
1699531880,0.0,0.0,0.0,0.0,209.0,1
1699531883,14064.666666666668,0.0,3286.666666666667,10778.0,205.0,1
1699531886,35048.33333333333,255317.3333333333,2629.333333333333,32419.0,207.0,1
1699531889,17425932.333333332,4429141.333333334,4123192.0,13302746.0,232.0,1
1699531892,0.0,0.0,0.0,0.0,232.0,1
1699531895,0.0,0.0,0.0,0.0,233.0,1
1699531898,0.0,0.0,0.0,0.0,235.0,1
1699531901,1817.6666666666667,25941.333333333332,424.3333333333333,1393.3333333333333,232.0,1
1699531904,0.0,25941.333333333332,0.0,0.0,231.0,1
1699531907,0.0,0.0,0.0,0.0,234.0,1
1699531910,0.0,0.0,0.0,0.0,228.0,1
1699531913,0.0,0.0,0.0,0.0,243.0,1
1699531916,0.0,0.0,0.0,0.0,244.0,1
1699531919,0.0,0.0,0.0,0.0,245.0,1
1699531922,0.0,0.0,0.0,0.0,243.0,1
1699531925,0.0,0.0,0.0,0.0,245.0,1
1699531928,0.0,0.0,0.0,0.0,232.0,1
1699531931,63871.666666666664,0.0,2489.0,61376.333333333336,231.0,1
1699531934,178074.0,0.0,89412.0,88662.0,206.0,1
1699531937,0.0,0.0,0.0,0.0,203.0,1
1699531940,0.0,0.0,0.0,0.0,206.0,1
1699531943,53112.0,811008.0,6534.0,46578.0,204.0,1
1699531946,17519637.666666668,4420949.333333334,4185126.6666666665,13334510.666666666,218.0,1
1699531949,0.0,0.0,0.0,0.0,239.0,1
1699531952,0.0,0.0,0.0,0.0,243.0,1
1699531955,0.0,0.0,0.0,0.0,247.0,1
1699531958,0.0,0.0,0.0,0.0,257.0,1
1699531961,0.0,0.0,0.0,0.0,264.0,1
1699531964,0.0,0.0,0.0,0.0,271.0,1
1699531967,0.0,0.0,0.0,0.0,259.0,1
1699531970,0.0,0.0,0.0,0.0,262.0,1
1699531973,0.0,0.0,0.0,0.0,262.0,1
1699531976,0.0,0.0,0.0,0.0,266.0,1
1699531979,0.0,0.0,0.0,0.0,261.0,1
1699531982,0.0,0.0,0.0,0.0,267.0,1
1699531985,74506.66666666667,628053.3333333334,60360.0,14153.333333333332,244.0,1
1699531988,174515.0,596650.6666666667,44225.666666666664,130289.33333333333,206.0,1
1699531991,0.0,0.0,0.0,0.0,204.0,1
1699531994,0.0,0.0,0.0,0.0,204.0,1
1699531997,0.0,0.0,0.0,0.0,202.0,1
1699532000,405162.3333333333,674474.6666666666,81237.66666666667,323918.3333333333,213.0,1
1699532003,24094.0,917504.0,0.0,24094.0,254.0,1
1699532006,0.0,917504.0,0.0,0.0,267.0,1
1699532009,0.0,0.0,0.0,0.0,286.0,1
1699532012,0.0,0.0,0.0,0.0,285.0,1
1699532015,0.0,0.0,0.0,0.0,291.0,1
1699532018,0.0,0.0,0.0,0.0,297.0,1
1699532021,0.0,0.0,0.0,0.0,304.0,1
1699532024,0.0,0.0,0.0,0.0,305.0,1
1699532027,0.0,0.0,0.0,0.0,304.0,1
1699532030,0.0,0.0,0.0,0.0,304.0,1
1699532033,0.0,0.0,0.0,0.0,297.0,1
1699532036,140403.33333333334,348160.0,49385.0,91018.33333333333,266.0,1
1699532039,66509.33333333333,348160.0,24888.0,41627.0,206.0,1
1699532042,0.0,0.0,0.0,0.0,205.0,1
1699532045,0.0,0.0,0.0,0.0,205.0,1
1699532048,336401.6666666666,1036288.0,88898.66666666666,247503.0,201.0,1
1699532051,17241436.333333332,4569770.666666667,4043024.6666666665,13198405.333333334,250.0,1
1699532054,0.0,0.0,0.0,0.0,298.0,1
1699532057,0.0,0.0,0.0,0.0,302.0,1
1699532060,0.0,0.0,0.0,0.0,307.0,1
1699532063,30045.333333333332,0.0,27423.333333333332,2622.0,317.0,1
1699532066,0.0,0.0,0.0,0.0,317.0,1
1699532069,0.0,0.0,0.0,0.0,318.0,1
1699532072,0.0,0.0,0.0,0.0,316.0,1
1699532075,0.0,0.0,0.0,0.0,315.0,1
1699532078,0.0,0.0,0.0,0.0,317.0,1
1699532081,1938.0,0.0,456.0,1482.0,321.0,1
1699532084,216330.0,0.0,15240.0,201096.0,212.0,1
1699532087,11142.0,0.0,2610.0,8526.0,201.0,1
1699532090,0.0,0.0,0.0,0.0,204.0,1
1699532093,0.0,0.0,0.0,0.0,204.0,1
1699532096,353334.0,589824.0,132090.0,221244.0,205.0,1
1699532099,0.0,0.0,0.0,0.0,254.0,1
1699532102,0.0,0.0,0.0,0.0,302.0,1
1699532105,0.0,0.0,0.0,0.0,315.0,1
1699532108,0.0,0.0,0.0,0.0,315.0,1
1699532111,0.0,0.0,0.0,0.0,317.0,1
1699532114,0.0,0.0,0.0,0.0,316.0,1
1699532117,0.0,0.0,0.0,0.0,318.0,1
1699532120,0.0,0.0,0.0,0.0,316.0,1
1699532123,37680.0,737280.0,22236.0,15450.0,312.0,1
1699532126,0.0,737280.0,0.0,0.0,317.0,1
1699532129,61056.0,737280.0,27714.0,33342.0,334.0,1
1699532132,152184.0,696320.0,38635.33333333333,113548.66666666666,206.0,1
1699532135,0.0,0.0,0.0,0.0,204.0,1
1699532138,0.0,0.0,0.0,0.0,205.0,1
1699532141,37383.0,162474.6666666667,3179.0,34198.333333333336,205.0,1
1699532144,17629115.0,3960832.0,4168576.6666666665,13460538.0,233.0,1
1699532147,0.0,0.0,0.0,0.0,241.0,1
1699532150,0.0,0.0,0.0,0.0,243.0,1
1699532153,0.0,0.0,0.0,0.0,245.0,1
1699532156,0.0,0.0,0.0,0.0,242.0,1
1699532159,0.0,0.0,0.0,0.0,245.0,1
1699532162,0.0,0.0,0.0,0.0,243.0,1
1699532165,0.0,0.0,0.0,0.0,251.0,1
1699532168,0.0,0.0,0.0,0.0,245.0,1
1699532171,0.0,0.0,0.0,0.0,251.0,1
1699532174,0.0,0.0,0.0,0.0,260.0,1
1699532177,0.0,0.0,0.0,0.0,253.0,1
1699532180,0.0,0.0,0.0,0.0,258.0,1
1699532183,24554.333333333332,830122.6666666666,0.0,24554.333333333332,255.0,1
1699532186,0.0,830122.6666666666,0.0,0.0,249.0,1
1699532189,0.0,0.0,0.0,0.0,253.0,1
1699532192,1722.6666666666667,0.0,0.0,1729.0,245.0,1
1699532195,211296.0,671744.0,9618.0,201672.0,204.0,1
1699532198,10530.0,671744.0,2472.0,8058.0,205.0,1
1699532201,0.0,0.0,0.0,0.0,205.0,1
1699532204,0.0,0.0,0.0,0.0,204.0,1
1699532207,395088.0,589824.0,211632.0,183462.0,204.0,1
1699532210,0.0,0.0,0.0,0.0,242.0,1
1699532213,0.0,0.0,0.0,0.0,260.0,1
1699532216,0.0,0.0,0.0,0.0,269.0,1
1699532219,0.0,0.0,0.0,0.0,285.0,1
1699532222,0.0,0.0,0.0,0.0,277.0,1
1699532225,0.0,0.0,0.0,0.0,279.0,1
1699532228,0.0,0.0,0.0,0.0,286.0,1
1699532231,0.0,0.0,0.0,0.0,282.0,1
1699532234,0.0,0.0,0.0,0.0,287.0,1
1699532237,0.0,0.0,0.0,0.0,287.0,1
1699532240,0.0,0.0,0.0,0.0,288.0,1
1699532243,23906.666666666664,819200.0,5620.0,18286.666666666668,304.0,1
1699532246,68006.66666666667,819200.0,17660.0,50340.0,281.0,1
1699532249,174540.33333333334,778240.0,23845.0,150695.3333333333,203.0,1
1699532252,1108.3333333333335,752298.6666666666,259.66666666666663,848.6666666666666,207.0,1
1699532255,0.0,752298.6666666666,0.0,0.0,204.0,1
1699532258,0.0,0.0,0.0,0.0,201.0,1
1699532261,383065.3333333333,726357.3333333334,115178.0,267887.3333333334,204.0,1
1699532264,0.0,0.0,0.0,0.0,289.0,1
1699532267,0.0,0.0,0.0,0.0,288.0,1
1699532270,0.0,0.0,0.0,0.0,328.0,1
1699532273,0.0,0.0,0.0,0.0,326.0,1
1699532276,0.0,0.0,0.0,0.0,334.0,1
1699532279,0.0,0.0,0.0,0.0,340.0,1
1699532282,0.0,0.0,0.0,0.0,344.0,1
1699532285,0.0,0.0,0.0,0.0,345.0,1
1699532288,0.0,0.0,0.0,0.0,345.0,1
1699532291,0.0,0.0,0.0,0.0,344.0,1
1699532294,0.0,0.0,0.0,0.0,307.0,1
1699532297,253700.0,245760.0,97606.66666666666,156093.33333333334,215.0,1
1699532300,0.0,245760.0,0.0,0.0,206.0,1
1699532303,14453.333333333332,595285.3333333334,3400.0,11060.0,204.0,1
1699532306,0.0,546133.3333333334,0.0,0.0,201.0,1
1699532309,405486.6666666666,709973.3333333333,143226.66666666666,262260.0,207.0,1
1699532312,0.0,0.0,0.0,0.0,299.0,1
1699532315,0.0,0.0,0.0,0.0,340.0,1
1699532318,0.0,0.0,0.0,0.0,339.0,1
1699532321,0.0,0.0,0.0,0.0,348.0,1
1699532324,0.0,0.0,0.0,0.0,352.0,1
1699532327,0.0,0.0,0.0,0.0,355.0,1
1699532330,0.0,0.0,0.0,0.0,352.0,1
1699532333,0.0,0.0,0.0,0.0,352.0,1
1699532336,0.0,0.0,0.0,0.0,352.0,1
1699532339,0.0,0.0,0.0,0.0,352.0,1
1699532342,0.0,0.0,0.0,0.0,325.0,1
1699532345,197817.6666666667,139264.0,25522.666666666664,172295.0,202.0,1
1699532348,9032.666666666668,139264.0,2125.0,6907.666666666666,205.0,1
1699532351,0.0,0.0,0.0,0.0,204.0,1
1699532354,0.0,0.0,0.0,0.0,204.0,1
1699532357,335602.6666666666,580266.6666666667,94378.33333333334,241218.6666666667,206.0,1
1699532360,0.0,0.0,0.0,0.0,309.0,1
1699532363,35080.33333333333,778240.0,0.0,35086.66666666667,345.0,1
1699532366,0.0,0.0,0.0,0.0,353.0,1
1699532369,0.0,0.0,0.0,0.0,353.0,1
1699532372,0.0,0.0,0.0,0.0,351.0,1
1699532375,0.0,0.0,0.0,0.0,350.0,1
1699532378,0.0,0.0,0.0,0.0,351.0,1
1699532381,0.0,0.0,0.0,0.0,351.0,1
1699532384,0.0,0.0,0.0,0.0,351.0,1
1699532387,0.0,0.0,0.0,0.0,353.0,1
1699532390,71129.66666666666,0.0,0.0,71123.33333333334,321.0,1
1699532393,157146.0,0.0,39870.0,117276.0,207.0,1
1699532396,0.0,0.0,0.0,0.0,204.0,1
1699532399,0.0,0.0,0.0,0.0,202.0,1
1699532402,65718.0,98304.0,3588.0,62136.0,206.0,1
1699532405,17749248.666666668,3977216.0,4258683.666666666,13490565.0,250.0,1
1699532408,0.0,0.0,0.0,0.0,264.0,1
1699532411,0.0,0.0,0.0,0.0,268.0,1
1699532414,0.0,0.0,0.0,0.0,266.0,1
1699532417,0.0,0.0,0.0,0.0,271.0,1
1699532420,0.0,0.0,0.0,0.0,269.0,1
1699532423,24446.666666666664,819200.0,5753.333333333334,18686.666666666668,269.0,1
1699532426,0.0,819200.0,0.0,0.0,270.0,1
1699532429,0.0,819200.0,0.0,0.0,278.0,1
1699532432,0.0,0.0,0.0,0.0,281.0,1
1699532435,0.0,0.0,0.0,0.0,272.0,1
1699532438,0.0,0.0,0.0,0.0,275.0,1
1699532441,1740.0,0.0,406.66666666666663,1333.3333333333335,272.0,1
1699532444,0.0,0.0,0.0,0.0,270.0,1
1699532447,219006.66666666666,103765.33333333333,42129.333333333336,176883.66666666666,217.0,1
1699532450,11235.333333333334,103765.33333333333,11235.333333333334,0.0,205.0,1
1699532453,0.0,0.0,0.0,0.0,205.0,1
1699532456,0.0,0.0,0.0,0.0,203.0,1
1699532459,402667.0,570709.3333333333,151962.0,250698.66666666666,207.0,1
1699532462,0.0,0.0,0.0,0.0,245.0,1
1699532465,0.0,0.0,0.0,0.0,297.0,1
1699532468,0.0,0.0,0.0,0.0,306.0,1
1699532471,0.0,0.0,0.0,0.0,308.0,1
1699532474,0.0,0.0,0.0,0.0,304.0,1
1699532477,0.0,0.0,0.0,0.0,307.0,1
1699532480,0.0,0.0,0.0,0.0,309.0,1
1699532483,0.0,0.0,0.0,0.0,315.0,1
1699532486,16134.0,24576.0,3804.0,12336.0,312.0,1
1699532489,0.0,0.0,0.0,0.0,314.0,1
1699532492,0.0,0.0,0.0,0.0,315.0,1
1699532495,0.0,0.0,0.0,0.0,312.0,1
1699532498,198174.6666666667,928426.6666666667,108346.66666666666,89828.0,214.0,1
1699532501,19618.0,928426.6666666667,0.0,19612.333333333336,209.0,1
1699532504,0.0,0.0,0.0,0.0,205.0,1
1699532507,0.0,0.0,0.0,0.0,203.0,1
1699532510,359873.0,533845.3333333334,45854.66666666667,314024.0,204.0,1
1699532513,0.0,0.0,0.0,0.0,329.0,1
1699532516,0.0,0.0,0.0,0.0,374.0,1
1699532519,0.0,0.0,0.0,0.0,379.0,1
1699532522,0.0,0.0,0.0,0.0,383.0,1
1699532525,0.0,0.0,0.0,0.0,390.0,1
1699532528,0.0,0.0,0.0,0.0,397.0,1
1699532531,0.0,0.0,0.0,0.0,397.0,1
1699532534,0.0,0.0,0.0,0.0,399.0,1
1699532537,0.0,0.0,0.0,0.0,395.0,1
1699532540,0.0,0.0,0.0,0.0,394.0,1
1699532543,0.0,0.0,0.0,0.0,395.0,1
1699532546,98977.33333333333,0.0,45220.0,53751.0,298.0,1
1699532549,180222.0,0.0,70614.0,109614.0,210.0,1
1699532552,0.0,0.0,0.0,0.0,208.0,1
1699532555,0.0,0.0,0.0,0.0,205.0,1
1699532558,0.0,0.0,0.0,0.0,204.0,1
1699532561,368190.0,614400.0,135660.0,232524.0,268.0,1
1699532564,0.0,0.0,0.0,0.0,378.0,1
1699532567,0.0,0.0,0.0,0.0,393.0,1
1699532570,0.0,0.0,0.0,0.0,396.0,1
1699532573,0.0,0.0,0.0,0.0,397.0,1
1699532576,0.0,0.0,0.0,0.0,398.0,1
1699532579,0.0,0.0,0.0,0.0,400.0,1
1699532582,0.0,0.0,0.0,0.0,400.0,1
1699532585,0.0,0.0,0.0,0.0,400.0,1
1699532588,0.0,0.0,0.0,0.0,402.0,1
1699532591,0.0,0.0,0.0,0.0,400.0,1
1699532594,98741.66666666666,0.0,19011.666666666664,79730.0,234.0,1
1699532597,122938.33333333334,0.0,24723.666666666664,98220.33333333334,212.0,1
1699532600,0.0,0.0,0.0,0.0,209.0,1
1699532603,0.0,0.0,0.0,0.0,205.0,1
1699532606,370407.3333333334,662186.6666666666,98384.66666666666,272022.6666666667,204.0,1
1699532609,17610720.666666668,4111018.6666666665,4151898.0,13458816.333333334,294.0,1
1699532612,1830.3333333333333,0.0,0.0,1830.3333333333333,391.0,1
1699532615,0.0,0.0,0.0,0.0,397.0,1
1699532618,0.0,0.0,0.0,0.0,397.0,1
1699532621,0.0,0.0,0.0,0.0,396.0,1
1699532624,0.0,0.0,0.0,0.0,397.0,1
1699532627,0.0,0.0,0.0,0.0,399.0,1
1699532630,0.0,0.0,0.0,0.0,399.0,1
1699532633,0.0,0.0,0.0,0.0,396.0,1
1699532636,0.0,0.0,0.0,0.0,401.0,1
1699532639,63219.333333333336,0.0,14250.0,48975.666666666664,384.0,1
1699532642,164364.0,0.0,22332.0,142026.0,209.0,1
1699532645,0.0,0.0,0.0,0.0,208.0,1
1699532648,0.0,0.0,0.0,0.0,205.0,1
1699532651,0.0,0.0,0.0,0.0,206.0,1
1699532654,378594.0,540672.0,112872.0,265722.0,212.0,1
1699532657,0.0,0.0,0.0,0.0,229.0,1
1699532660,0.0,0.0,0.0,0.0,221.0,1
1699532663,0.0,0.0,0.0,0.0,219.0,1
1699532666,22666.666666666664,54613.33333333333,5353.333333333334,17320.0,220.0,1
1699532669,0.0,0.0,0.0,0.0,220.0,1
1699532672,0.0,0.0,0.0,0.0,222.0,1
1699532675,0.0,0.0,0.0,0.0,225.0,1
1699532678,0.0,0.0,0.0,0.0,219.0,1
1699532681,0.0,0.0,0.0,0.0,221.0,1
1699532684,64032.0,0.0,0.0,64032.0,220.0,1
1699532687,153175.6666666667,0.0,41837.0,111338.66666666666,205.0,1
1699532690,0.0,0.0,0.0,0.0,204.0,1
1699532693,0.0,0.0,0.0,0.0,205.0,1
1699532696,38907.33333333333,812373.3333333333,21771.333333333336,17136.0,204.0,1
1699532699,18004824.333333332,4262570.666666667,4266546.666666667,13738271.666666666,216.0,1
1699532702,0.0,0.0,0.0,0.0,225.0,1
1699532705,0.0,0.0,0.0,0.0,220.0,1
1699532708,0.0,0.0,0.0,0.0,220.0,1
1699532711,0.0,0.0,0.0,0.0,223.0,1
1699532714,0.0,0.0,0.0,0.0,220.0,1
1699532717,0.0,0.0,0.0,0.0,218.0,1
1699532720,0.0,0.0,0.0,0.0,220.0,1
1699532723,0.0,0.0,0.0,0.0,219.0,1
1699532726,21596.666666666668,25941.333333333332,5098.333333333333,16504.666666666664,218.0,1
1699532729,207132.0,24576.0,63630.0,143496.0,212.0,1
1699532732,11832.0,24576.0,2796.0,9036.0,208.0,1
1699532735,0.0,0.0,0.0,0.0,203.0,1
1699532738,0.0,0.0,0.0,0.0,203.0,1
1699532741,372138.0,589824.0,60852.0,311286.0,204.0,1
1699532744,0.0,0.0,0.0,0.0,221.0,1
1699532747,0.0,0.0,0.0,0.0,219.0,1
1699532750,0.0,0.0,0.0,0.0,226.0,1
1699532753,0.0,0.0,0.0,0.0,221.0,1
1699532756,0.0,0.0,0.0,0.0,220.0,1
1699532759,0.0,0.0,0.0,0.0,218.0,1
1699532762,0.0,0.0,0.0,0.0,220.0,1
1699532765,0.0,0.0,0.0,0.0,218.0,1
1699532768,0.0,0.0,0.0,0.0,221.0,1
1699532771,0.0,0.0,0.0,0.0,220.0,1
1699532774,253390.33333333334,0.0,50204.333333333336,203186.0,204.0,1
1699532777,0.0,0.0,0.0,0.0,206.0,1
1699532780,0.0,0.0,0.0,0.0,204.0,1
1699532783,0.0,0.0,0.0,0.0,203.0,1
1699532786,421458.0,648533.3333333334,139871.6666666667,281592.6666666666,206.0,1
1699532789,0.0,0.0,0.0,0.0,218.0,1
1699532792,1540.0,0.0,364.0,1176.0,220.0,1
1699532795,0.0,0.0,0.0,0.0,222.0,1
1699532798,0.0,0.0,0.0,0.0,224.0,1
1699532801,0.0,0.0,0.0,0.0,218.0,1
1699532804,0.0,0.0,0.0,0.0,219.0,1
1699532807,0.0,0.0,0.0,0.0,220.0,1
1699532810,0.0,0.0,0.0,0.0,219.0,1
1699532813,0.0,0.0,0.0,0.0,219.0,1
1699532816,66294.0,0.0,17058.0,49236.0,221.0,1
1699532819,151198.0,0.0,86025.66666666666,65166.66666666667,204.0,1
1699532822,0.0,0.0,0.0,0.0,204.0,1
1699532825,0.0,0.0,0.0,0.0,203.0,1
1699532828,0.0,0.0,0.0,0.0,205.0,1
1699532831,336509.3333333334,580266.6666666667,138057.0,198452.3333333333,227.0,1
1699532834,0.0,0.0,0.0,0.0,220.0,1
1699532837,0.0,0.0,0.0,0.0,218.0,1
1699532840,0.0,0.0,0.0,0.0,221.0,1
1699532843,0.0,0.0,0.0,0.0,219.0,1
1699532846,20811.333333333332,25941.333333333332,0.0,20811.333333333332,220.0,1
1699532849,0.0,0.0,0.0,0.0,219.0,1
1699532852,0.0,0.0,0.0,0.0,221.0,1
1699532855,0.0,0.0,0.0,0.0,219.0,1
1699532858,0.0,0.0,0.0,0.0,216.0,1
1699532861,141594.0,357717.3333333334,46847.0,94750.66666666667,217.0,1
1699532864,98856.0,357717.3333333334,30715.0,68143.33333333333,205.0,1
1699532867,0.0,0.0,0.0,0.0,203.0,1
1699532870,0.0,0.0,0.0,0.0,204.0,1
1699532873,368268.0,742741.3333333334,104484.0,263778.0,203.0,1
1699532876,12260.0,742741.3333333334,0.0,12260.0,232.0,1
1699532879,0.0,0.0,0.0,0.0,219.0,1
1699532882,0.0,0.0,0.0,0.0,219.0,1
1699532885,0.0,0.0,0.0,0.0,220.0,1
1699532888,0.0,0.0,0.0,0.0,221.0,1
1699532891,0.0,0.0,0.0,0.0,219.0,1
1699532894,0.0,0.0,0.0,0.0,220.0,1
1699532897,0.0,0.0,0.0,0.0,222.0,1
1699532900,0.0,0.0,0.0,0.0,227.0,1
1699532903,0.0,0.0,0.0,0.0,219.0,1
1699532906,222966.3333333333,0.0,52133.33333333333,170833.0,211.0,1
1699532909,10704.333333333332,0.0,0.0,10704.333333333332,204.0,1
1699532912,0.0,0.0,0.0,0.0,201.0,1
1699532915,0.0,0.0,0.0,0.0,204.0,1
1699532918,337353.6666666666,626688.0,74902.0,262457.3333333333,206.0,1
1699532921,0.0,0.0,0.0,0.0,221.0,1
1699532924,0.0,0.0,0.0,0.0,221.0,1
1699532927,0.0,0.0,0.0,0.0,220.0,1
1699532930,0.0,0.0,0.0,0.0,218.0,1
1699532933,0.0,0.0,0.0,0.0,222.0,1
1699532936,0.0,0.0,0.0,0.0,219.0,1
1699532939,0.0,0.0,0.0,0.0,225.0,1
1699532942,0.0,0.0,0.0,0.0,219.0,1
1699532945,0.0,0.0,0.0,0.0,220.0,1
1699532948,69654.0,0.0,44555.0,25092.666666666668,219.0,1
1699532951,183552.0,0.0,32838.0,150714.0,203.0,1
1699532954,0.0,0.0,0.0,0.0,204.0,1
1699532957,0.0,0.0,0.0,0.0,204.0,1
1699532960,0.0,0.0,0.0,0.0,203.0,1
1699532963,407142.0,614400.0,113688.0,293454.0,210.0,1
1699532966,22473.333333333336,0.0,5320.0,17160.0,219.0,1
1699532969,0.0,0.0,0.0,0.0,224.0,1
1699532972,1713.3333333333335,0.0,406.66666666666663,1300.0,217.0,1
1699532975,0.0,0.0,0.0,0.0,220.0,1
1699532978,0.0,0.0,0.0,0.0,219.0,1
1699532981,0.0,0.0,0.0,0.0,222.0,1
1699532984,0.0,0.0,0.0,0.0,220.0,1
1699532987,0.0,0.0,0.0,0.0,224.0,1
1699532990,0.0,0.0,0.0,0.0,220.0,1
1699532993,62310.0,0.0,28050.0,34266.0,222.0,1
1699532996,158247.3333333333,0.0,87686.0,70555.66666666666,206.0,1
1699532999,0.0,0.0,0.0,0.0,203.0,1
1699533002,0.0,0.0,0.0,0.0,204.0,1
1699533005,63251.33333333333,301738.6666666666,3683.333333333333,59568.0,205.0,1
1699533008,18214385.666666668,3734186.6666666665,4342549.0,13871842.333333332,221.0,1
1699533011,0.0,0.0,0.0,0.0,215.0,1
1699533014,0.0,0.0,0.0,0.0,223.0,1
1699533017,0.0,0.0,0.0,0.0,219.0,1
1699533020,0.0,0.0,0.0,0.0,224.0,1
1699533023,0.0,0.0,0.0,0.0,220.0,1
1699533026,20982.333333333332,0.0,4965.333333333333,16010.666666666666,221.0,1
1699533029,0.0,0.0,0.0,0.0,217.0,1
1699533032,0.0,0.0,0.0,0.0,222.0,1
1699533035,0.0,0.0,0.0,0.0,223.0,1
1699533038,204180.0,0.0,51018.0,153162.0,214.0,1
1699533041,20526.0,0.0,0.0,20526.0,203.0,1
1699533044,0.0,0.0,0.0,0.0,204.0,1
1699533047,0.0,0.0,0.0,0.0,202.0,1
1699533050,370224.0,638976.0,109830.0,260394.0,205.0,1
1699533053,0.0,0.0,0.0,0.0,230.0,1
1699533056,0.0,0.0,0.0,0.0,222.0,1
1699533059,0.0,0.0,0.0,0.0,224.0,1
1699533062,0.0,0.0,0.0,0.0,219.0,1
1699533065,0.0,0.0,0.0,0.0,220.0,1
1699533068,0.0,0.0,0.0,0.0,217.0,1
1699533071,0.0,0.0,0.0,0.0,220.0,1
1699533074,0.0,0.0,0.0,0.0,219.0,1
1699533077,0.0,0.0,0.0,0.0,221.0,1
1699533080,0.0,0.0,0.0,0.0,220.0,1
1699533083,263827.6666666666,0.0,46347.333333333336,217480.33333333334,211.0,1
1699533086,14997.333333333334,0.0,15003.666666666666,0.0,202.0,1
1699533089,0.0,0.0,0.0,0.0,203.0,1
1699533092,0.0,0.0,0.0,0.0,204.0,1
1699533095,406517.6666666667,674474.6666666666,203401.33333333334,203116.33333333334,206.0,1
1699533098,0.0,0.0,0.0,0.0,221.0,1
1699533101,0.0,0.0,0.0,0.0,220.0,1
1699533104,0.0,0.0,0.0,0.0,219.0,1
1699533107,0.0,0.0,0.0,0.0,218.0,1
1699533110,0.0,0.0,0.0,0.0,223.0,1
1699533113,0.0,0.0,0.0,0.0,221.0,1
1699533116,0.0,0.0,0.0,0.0,221.0,1
1699533119,0.0,0.0,0.0,0.0,225.0,1
1699533122,0.0,0.0,0.0,0.0,220.0,1
1699533125,61680.0,0.0,21912.0,39768.0,216.0,1
1699533128,145032.6666666667,0.0,23091.666666666664,121935.33333333334,201.0,1
1699533131,0.0,0.0,0.0,0.0,204.0,1
1699533134,0.0,0.0,0.0,0.0,206.0,1
1699533137,0.0,0.0,0.0,0.0,204.0,1
1699533140,354693.6666666666,626688.0,94678.66666666666,260015.0,219.0,1
1699533143,0.0,0.0,0.0,0.0,220.0,1
1699533146,20646.666666666668,25941.333333333332,4895.666666666667,15751.0,219.0,1
1699533149,0.0,0.0,0.0,0.0,220.0,1
1699533152,1646.6666666666667,0.0,392.6666666666667,1254.0,218.0,1
1699533155,0.0,0.0,0.0,0.0,218.0,1
1699533158,0.0,0.0,0.0,0.0,219.0,1
1699533161,0.0,0.0,0.0,0.0,218.0,1
1699533164,0.0,0.0,0.0,0.0,221.0,1
1699533167,0.0,0.0,0.0,0.0,223.0,1
1699533170,102372.0,462848.0,6306.0,96072.0,211.0,1
1699533173,115470.0,462848.0,22686.0,92778.0,208.0,1
1699533176,0.0,0.0,0.0,0.0,201.0,1
1699533179,0.0,0.0,0.0,0.0,205.0,1
1699533182,364830.0,1105920.0,65148.0,299682.0,202.0,1
1699533185,18070557.333333332,4565674.666666666,4279306.0,13791251.0,221.0,1
1699533188,0.0,0.0,0.0,0.0,223.0,1
1699533191,0.0,0.0,0.0,0.0,222.0,1
1699533194,0.0,0.0,0.0,0.0,221.0,1
1699533197,0.0,0.0,0.0,0.0,225.0,1
1699533200,0.0,0.0,0.0,0.0,223.0,1
1699533203,0.0,0.0,0.0,0.0,217.0,1
1699533206,19104.0,0.0,0.0,19104.0,230.0,1
1699533209,0.0,0.0,0.0,0.0,221.0,1
1699533212,0.0,0.0,0.0,0.0,220.0,1
1699533215,209702.33333333334,0.0,7865.333333333334,201837.0,201.0,1
1699533218,13464.0,0.0,13464.0,0.0,206.0,1
1699533221,0.0,0.0,0.0,0.0,203.0,1
1699533224,0.0,0.0,0.0,0.0,203.0,1
1699533227,345910.3333333334,603477.3333333333,87986.33333333334,257924.0,203.0,1
1699533230,0.0,0.0,0.0,0.0,221.0,1
1699533233,0.0,0.0,0.0,0.0,218.0,1
1699533236,0.0,0.0,0.0,0.0,223.0,1
1699533239,0.0,0.0,0.0,0.0,223.0,1
1699533242,0.0,0.0,0.0,0.0,226.0,1
1699533245,0.0,0.0,0.0,0.0,225.0,1
1699533248,0.0,0.0,0.0,0.0,219.0,1
1699533251,0.0,0.0,0.0,0.0,220.0,1
1699533254,0.0,0.0,0.0,0.0,217.0,1
1699533257,9736.0,329045.3333333333,9740.666666666666,0.0,220.0,1
1699533260,218856.66666666666,329045.3333333333,35624.333333333336,183228.0,201.0,1
1699533263,0.0,329045.3333333333,0.0,0.0,201.0,1
1699533266,16017.0,329045.3333333333,0.0,16017.0,203.0,1
1699533269,0.0,0.0,0.0,0.0,203.0,1
1699533272,430109.3333333333,700416.0,191323.66666666666,238785.66666666666,218.0,1
1699533275,0.0,0.0,0.0,0.0,222.0,1
1699533278,0.0,0.0,0.0,0.0,215.0,1
1699533281,0.0,0.0,0.0,0.0,225.0,1
1699533284,0.0,0.0,0.0,0.0,219.0,1
1699533287,0.0,0.0,0.0,0.0,221.0,1
1699533290,0.0,0.0,0.0,0.0,220.0,1
1699533293,0.0,0.0,0.0,0.0,221.0,1
1699533296,0.0,0.0,0.0,0.0,220.0,1
1699533299,0.0,0.0,0.0,0.0,222.0,1
1699533302,61770.0,0.0,2664.0,59112.0,217.0,1
1699533305,144443.3333333333,0.0,66237.66666666667,78205.66666666666,207.0,1
1699533308,0.0,0.0,0.0,0.0,205.0,1
1699533311,0.0,0.0,0.0,0.0,203.0,1
1699533314,58412.0,756394.6666666667,50274.66666666667,8137.333333333334,203.0,1
1699533317,18441512.999999996,4216149.333333333,4407750.666666666,14033762.333333334,235.0,1
1699533320,0.0,0.0,0.0,0.0,219.0,1
1699533323,0.0,0.0,0.0,0.0,217.0,1
1699533326,20311.0,25941.333333333332,0.0,20311.0,220.0,1
1699533329,0.0,0.0,0.0,0.0,216.0,1
1699533332,1615.0,0.0,0.0,1615.0,219.0,1
1699533335,0.0,0.0,0.0,0.0,219.0,1
1699533338,0.0,0.0,0.0,0.0,217.0,1
1699533341,0.0,0.0,0.0,0.0,220.0,1
1699533344,0.0,0.0,0.0,0.0,219.0,1
1699533347,218064.0,0.0,9966.0,208092.0,210.0,1
1699533350,13890.0,0.0,0.0,13890.0,204.0,1
1699533353,0.0,0.0,0.0,0.0,205.0,1
1699533356,0.0,0.0,0.0,0.0,204.0,1
1699533359,378840.0,614400.0,180150.0,198696.0,204.0,1
1699533362,0.0,0.0,0.0,0.0,222.0,1
1699533365,0.0,0.0,0.0,0.0,224.0,1
1699533368,0.0,0.0,0.0,0.0,223.0,1
1699533371,0.0,0.0,0.0,0.0,222.0,1
1699533374,0.0,0.0,0.0,0.0,220.0,1
1699533377,0.0,0.0,0.0,0.0,217.0,1
1699533380,0.0,0.0,0.0,0.0,230.0,1
1699533383,0.0,0.0,0.0,0.0,217.0,1
1699533386,21713.333333333336,0.0,0.0,21713.333333333336,223.0,1
1699533389,0.0,0.0,0.0,0.0,222.0,1
1699533392,248393.33333333334,0.0,100896.33333333333,147490.6666666667,204.0,1
1699533395,0.0,0.0,0.0,0.0,203.0,1
1699533398,0.0,0.0,0.0,0.0,202.0,1
1699533401,0.0,0.0,0.0,0.0,203.0,1
1699533404,387802.6666666667,622592.0,116457.33333333333,271345.3333333334,210.0,1
1699533407,0.0,0.0,0.0,0.0,218.0,1
1699533410,0.0,0.0,0.0,0.0,219.0,1
1699533413,0.0,0.0,0.0,0.0,226.0,1
1699533416,0.0,0.0,0.0,0.0,220.0,1
1699533419,0.0,0.0,0.0,0.0,220.0,1
1699533422,0.0,0.0,0.0,0.0,215.0,1
1699533425,0.0,0.0,0.0,0.0,221.0,1
1699533428,0.0,0.0,0.0,0.0,220.0,1
1699533431,0.0,0.0,0.0,0.0,219.0,1
