timestamp,kubelet_cpu_usage,kubelet_memory_bytes,platform_power,node_type
1699526909,0.0,12288.0,224.0,1
1699526912,0.0,0.0,216.0,1
1699526915,0.3333333333333333,5999274.666666667,210.0,1
1699526918,3.0,24023040.0,204.0,1
1699526921,0.0,439637.3333333333,205.0,1
1699526924,0.0,2730.6666666666665,201.0,1
1699526927,0.6666666666666666,28672.000000000004,205.0,1
1699526930,0.0,637610.6666666667,203.0,1
1699526933,0.0,1365.3333333333333,203.0,1
1699526936,0.3333333333333333,324949.3333333333,204.0,1
1699526939,0.0,50517.333333333336,203.0,1
1699526942,0.0,131072.0,203.0,1
1699526945,0.3333333333333333,468309.3333333333,202.0,1
1699526948,0.0,259413.3333333333,203.0,1
1699526951,0.0,5461.333333333333,202.0,1
1699526954,0.6666666666666666,266240.0,204.0,1
1699526957,1.0,2116266.6666666665,231.0,1
1699526960,1.0,0.0,235.0,1
1699526963,1.0,5461.333333333333,228.0,1
1699526966,1.6666666666666665,200704.0,244.0,1
1699526969,1.3333333333333333,17749.333333333332,235.0,1
1699526972,1.0,0.0,234.0,1
1699526975,1.3333333333333333,84650.66666666667,239.0,1
1699526978,0.0,8192.0,236.0,1
1699526981,0.0,34133.333333333336,233.0,1
1699526984,0.0,0.0,240.0,1
1699526987,0.0,6826.666666666667,221.0,1
1699526990,0.6666666666666666,148821.3333333333,205.0,1
1699526993,0.3333333333333333,465578.6666666666,201.0,1
1699526996,0.0,1365.3333333333333,202.0,1
1699526999,0.0,275797.3333333333,205.0,1
1699527002,2.3333333333333335,3376469.3333333335,244.0,1
1699527005,2.3333333333333335,15018.666666666668,244.0,1
1699527008,2.0,17749.333333333336,242.0,1
1699527011,2.0,434176.0,242.0,1
1699527014,1.6666666666666665,92842.66666666667,246.0,1
1699527017,0.0,0.0,243.0,1
1699527020,0.0,0.0,246.0,1
1699527023,0.3333333333333333,101034.66666666667,244.0,1
1699527026,0.0,1365.3333333333333,244.0,1
1699527029,0.3333333333333333,117418.66666666667,243.0,1
1699527032,0.0,180224.0,210.0,1
1699527035,0.0,0.0,203.0,1
1699527038,0.0,349525.3333333333,204.0,1
1699527041,1.0,791893.3333333334,204.0,1
1699527044,0.0,79189.33333333333,209.0,1
1699527047,4.0,326314.6666666667,224.0,1
1699527050,4.0,0.0,228.0,1
1699527053,4.0,28672.0,226.0,1
1699527056,4.333333333333334,505173.3333333333,236.0,1
1699527059,4.333333333333333,0.0,228.0,1
1699527062,1.3333333333333333,191146.66666666666,229.0,1
1699527065,0.0,1365.3333333333333,233.0,1
1699527068,0.3333333333333333,110592.0,227.0,1
1699527071,0.3333333333333333,294912.0,232.0,1
1699527074,0.0,572074.6666666666,229.0,1
1699527077,0.0,10922.666666666666,201.0,1
1699527080,0.0,50517.333333333336,206.0,1
1699527083,0.0,199338.66666666666,204.0,1
1699527086,0.6666666666666666,4096.0,202.0,1
1699527089,0.6666666666666666,2730.6666666666665,219.0,1
1699527092,8.0,202069.33333333334,237.0,1
1699527095,8.333333333333334,114688.0,234.0,1
1699527098,8.333333333333334,2730.6666666666665,234.0,1
1699527101,6.333333333333333,72362.66666666666,237.0,1
1699527104,0.0,2730.6666666666665,236.0,1
1699527107,0.6666666666666666,356352.0,237.0,1
1699527110,0.0,5461.333333333333,234.0,1
1699527113,28.333333333333332,35498.66666666667,235.0,1
1699527116,0.0,122880.0,235.0,1
1699527119,0.3333333333333333,103765.33333333333,233.0,1
1699527122,0.0,53248.0,205.0,1
1699527125,0.3333333333333333,86016.0,205.0,1
1699527128,0.0,4096.0,202.0,1
1699527131,0.0,65536.0,202.0,1
1699527134,12.0,20396714.666666668,245.0,1
1699527137,15.333333333333332,20433578.666666668,252.0,1
1699527140,15.333333333333334,20328448.000000004,250.0,1
1699527143,15.0,20283392.0,248.0,1
1699527146,14.666666666666666,27306.666666666668,249.0,1
1699527149,15.666666666666668,4096.0,249.0,1
1699527152,3.0,1365.3333333333333,247.0,1
1699527155,0.3333333333333333,15018.666666666666,248.0,1
1699527158,0.0,17749.333333333332,249.0,1
1699527161,0.0,344064.0,250.0,1
1699527164,0.3333333333333333,39594.666666666664,223.0,1
1699527167,0.0,277162.6666666667,201.0,1
1699527170,0.0,0.0,204.0,1
1699527173,0.0,54613.333333333336,204.0,1
1699527176,0.3333333333333333,32767.999999999996,207.0,1
1699527179,25.333333333333336,31840938.666666668,256.0,1
1699527182,24.333333333333336,31869610.666666668,260.0,1
1699527185,24.0,32090794.666666668,257.0,1
1699527188,3.0,34133.33333333333,258.0,1
1699527191,0.0,23210.666666666668,259.0,1
1699527194,0.3333333333333333,9557.333333333332,260.0,1
1699527197,0.3333333333333333,55978.66666666667,258.0,1
1699527200,110.66666666666667,1365.3333333333333,259.0,1
1699527203,0.0,2730.6666666666665,259.0,1
1699527206,0.0,117418.66666666667,259.0,1
1699527209,0.3333333333333333,76458.66666666667,221.0,1
1699527212,0.3333333333333333,285354.6666666666,204.0,1
1699527215,0.0,0.0,202.0,1
1699527218,0.0,2730.6666666666665,202.0,1
1699527221,0.3333333333333333,274432.0,203.0,1
1699527224,29.333333333333332,41842005.333333336,230.0,1
1699527227,30.333333333333332,41862485.333333336,244.0,1
1699527230,30.666666666666668,5461.333333333333,245.0,1
1699527233,31.333333333333332,94208.0,247.0,1
1699527236,30.0,57344.0,247.0,1
1699527239,10.666666666666668,120149.33333333333,245.0,1
1699527242,0.6666666666666666,101034.66666666667,247.0,1
1699527245,0.3333333333333333,0.0,244.0,1
1699527248,0.3333333333333333,103765.33333333333,245.0,1
1699527251,0.0,0.0,245.0,1
1699527254,0.0,46421.33333333333,230.0,1
1699527257,0.6666666666666666,141994.66666666666,204.0,1
1699527260,0.0,15018.666666666666,202.0,1
1699527263,0.0,2730.6666666666665,203.0,1
1699527266,0.0,318122.6666666667,204.0,1
1699527269,27.0,41921194.666666664,245.0,1
1699527272,30.666666666666668,41910272.0,250.0,1
1699527275,31.333333333333332,41908906.666666664,246.0,1
1699527278,30.333333333333332,126976.00000000001,245.0,1
1699527281,15.333333333333334,46421.333333333336,247.0,1
1699527284,0.9999999999999999,795989.3333333334,245.0,1
1699527287,0.0,0.0,246.0,1
1699527290,0.0,60074.666666666664,244.0,1
1699527293,0.3333333333333333,51882.66666666667,245.0,1
1699527296,151.0,46421.333333333336,245.0,1
1699527299,0.0,0.0,205.0,1
1699527302,0.0,21845.333333333332,203.0,1
1699527305,0.0,99669.33333333334,203.0,1
1699527308,0.6666666666666666,4096.0,203.0,1
1699527311,0.3333333333333333,131072.0,203.0,1
1699527314,3.3333333333333335,6262784.0,217.0,1
1699527317,4.666666666666666,401408.0,240.0,1
1699527320,4.0,106496.0,239.0,1
1699527323,3.6666666666666665,0.0,239.0,1
1699527326,0.3333333333333333,2730.6666666666665,237.0,1
1699527329,0.0,15018.666666666666,238.0,1
1699527332,0.0,101034.66666666666,238.0,1
1699527335,0.3333333333333333,693589.3333333334,239.0,1
1699527338,0.3333333333333333,9557.333333333334,242.0,1
1699527341,22.333333333333332,58709.33333333333,240.0,1
1699527344,0.0,0.0,201.0,1
1699527347,0.0,0.0,203.0,1
1699527350,0.3333333333333333,141994.66666666666,201.0,1
1699527353,0.3333333333333333,140629.33333333334,202.0,1
1699527356,0.0,299008.0,208.0,1
1699527359,8.0,69632.0,256.0,1
1699527362,8.333333333333334,402773.3333333333,255.0,1
1699527365,8.0,8192.0,255.0,1
1699527368,8.0,118784.0,255.0,1
1699527371,8.333333333333334,86016.0,254.0,1
1699527374,0.0,131072.0,257.0,1
1699527377,0.0,6826.666666666667,259.0,1
1699527380,0.3333333333333333,0.0,257.0,1
1699527383,27.333333333333336,87381.33333333333,257.0,1
1699527386,0.0,12288.0,255.0,1
1699527389,0.0,6826.666666666667,204.0,1
1699527392,0.0,0.0,203.0,1
1699527395,0.0,385024.0,203.0,1
1699527398,0.3333333333333333,976213.3333333334,202.0,1
1699527401,0.0,68266.66666666667,219.0,1
1699527404,15.333333333333334,4096.0,286.0,1
1699527407,15.666666666666666,15018.666666666666,287.0,1
1699527410,14.666666666666666,10922.666666666666,288.0,1
1699527413,15.666666666666668,13653.333333333334,289.0,1
1699527416,15.0,16384.0,282.0,1
1699527419,2.666666666666667,106496.0,288.0,1
1699527422,0.3333333333333333,215722.6666666667,288.0,1
1699527425,0.3333333333333333,263509.3333333333,290.0,1
1699527428,0.3333333333333333,4096.0,289.0,1
1699527431,0.3333333333333333,279893.3333333333,266.0,1
1699527434,0.3333333333333333,47786.666666666664,205.0,1
1699527437,0.0,0.0,206.0,1
1699527440,0.0,42325.333333333336,203.0,1
1699527443,0.0,2730.6666666666665,204.0,1
1699527446,0.6666666666666666,591189.3333333334,208.0,1
1699527449,24.0,24576.0,302.0,1
1699527452,24.0,103765.33333333333,301.0,1
1699527455,23.666666666666668,2730.6666666666665,302.0,1
1699527458,22.666666666666668,301738.6666666667,303.0,1
1699527461,0.0,12288.0,302.0,1
1699527464,0.0,4096.0,303.0,1
1699527467,0.0,28672.0,299.0,1
1699527470,84.33333333333333,8192.0,303.0,1
1699527473,0.0,8192.0,295.0,1
1699527476,0.0,6826.666666666667,296.0,1
1699527479,1.0,289450.6666666666,202.0,1
1699527482,0.0,39594.66666666667,203.0,1
1699527485,0.0,532480.0,205.0,1
1699527488,0.0,10922.666666666666,202.0,1
1699527491,0.0,17749.333333333336,236.0,1
1699527494,31.666666666666668,281258.6666666667,296.0,1
1699527497,30.666666666666668,8192.0,298.0,1
1699527500,30.666666666666668,139264.0,298.0,1
1699527503,30.666666666666668,86016.0,296.0,1
1699527506,31.0,240298.66666666666,296.0,1
1699527509,31.0,0.0,298.0,1
1699527512,0.0,1037653.3333333334,296.0,1
1699527515,0.6666666666666666,50517.333333333336,294.0,1
1699527518,0.0,0.0,294.0,1
1699527521,0.0,8192.0,296.0,1
1699527524,0.3333333333333333,0.0,204.0,1
1699527527,0.0,0.0,204.0,1
1699527530,0.3333333333333333,0.0,203.0,1
1699527533,0.0,102400.0,202.0,1
1699527536,0.0,16384.0,213.0,1
1699527539,30.666666666666668,614400.0,295.0,1
1699527542,31.0,483328.0,297.0,1
1699527545,31.666666666666668,152917.3333333333,297.0,1
1699527548,27.666666666666668,90112.0,294.0,1
1699527551,0.0,234837.33333333334,296.0,1
1699527554,0.3333333333333333,9557.333333333334,297.0,1
1699527557,0.0,1365.3333333333333,294.0,1
1699527560,0.3333333333333333,0.0,295.0,1
1699527563,0.0,54613.33333333333,295.0,1
1699527566,0.0,4096.0,296.0,1
1699527569,0.0,69632.0,201.0,1
1699527572,0.0,6826.666666666667,205.0,1
1699527575,0.0,83285.33333333333,205.0,1
1699527578,0.6666666666666666,522922.6666666666,204.0,1
1699527581,0.0,907946.6666666666,204.0,1
1699527584,4.0,94208.0,260.0,1
1699527587,4.666666666666667,49152.0,259.0,1
1699527590,4.0,206165.33333333334,258.0,1
1699527593,1.0,405504.0,264.0,1
1699527596,0.3333333333333333,0.0,261.0,1
1699527599,0.0,4096.0,260.0,1
1699527602,13.333333333333334,176128.0,260.0,1
1699527605,0.6666666666666666,129706.66666666666,259.0,1
1699527608,0.0,0.0,260.0,1
1699527611,0.0,0.0,260.0,1
1699527614,0.3333333333333333,8192.0,205.0,1
1699527617,0.0,1365.3333333333333,203.0,1
1699527620,0.0,424618.6666666667,204.0,1
1699527623,0.3333333333333333,42325.333333333336,205.0,1
1699527626,4.666666666666667,11122005.333333334,228.0,1
1699527629,8.0,11120640.0,288.0,1
1699527632,8.0,11116544.0,288.0,1
1699527635,8.333333333333334,11175253.333333334,293.0,1
1699527638,2.3333333333333335,34133.33333333333,295.0,1
1699527641,0.3333333333333333,141994.66666666666,290.0,1
1699527644,0.0,1134592.0,294.0,1
1699527647,0.3333333333333333,0.0,289.0,1
1699527650,0.3333333333333333,43690.666666666664,291.0,1
1699527653,41.0,43690.66666666667,291.0,1
1699527656,0.0,0.0,283.0,1
1699527659,0.3333333333333333,215722.66666666666,206.0,1
1699527662,0.3333333333333333,192512.0,201.0,1
1699527665,0.3333333333333333,0.0,204.0,1
1699527668,0.3333333333333333,219818.66666666666,204.0,1
1699527671,12.666666666666666,20202837.333333332,333.0,1
1699527674,15.0,20205568.0,351.0,1
1699527677,15.666666666666668,20383061.333333332,351.0,1
1699527680,7.333333333333333,20202837.333333332,353.0,1
1699527683,0.0,5461.333333333333,351.0,1
1699527686,0.0,0.0,352.0,1
1699527689,0.3333333333333333,157013.3333333333,351.0,1
1699527692,0.0,727722.6666666667,355.0,1
1699527695,0.0,15018.666666666668,353.0,1
1699527698,95.0,215722.66666666666,355.0,1
1699527701,0.0,1365.3333333333333,214.0,1
1699527704,0.0,88746.66666666666,208.0,1
1699527707,0.0,76458.66666666667,205.0,1
1699527710,0.6666666666666666,128341.33333333334,205.0,1
1699527713,0.3333333333333333,0.0,206.0,1
1699527716,24.0,47786.666666666664,359.0,1
1699527719,23.666666666666668,39594.666666666664,363.0,1
1699527722,24.0,0.0,359.0,1
1699527725,24.0,83285.33333333334,363.0,1
1699527728,24.333333333333332,559786.6666666667,364.0,1
1699527731,1.0,1365.3333333333333,366.0,1
1699527734,0.3333333333333333,0.0,365.0,1
1699527737,0.0,20480.0,365.0,1
1699527740,0.3333333333333333,45056.0,365.0,1
1699527743,0.0,1365.3333333333333,366.0,1
1699527746,0.0,1365.3333333333333,211.0,1
1699527749,0.0,0.0,208.0,1
1699527752,0.0,34133.333333333336,206.0,1
1699527755,0.0,132437.33333333334,204.0,1
1699527758,0.0,4096.0,206.0,1
1699527761,30.666666666666664,6453930.666666667,313.0,1
1699527764,30.666666666666668,7109290.666666667,369.0,1
1699527767,31.333333333333332,6810282.666666667,367.0,1
1699527770,31.0,2730.6666666666665,370.0,1
1699527773,31.0,8191.999999999999,373.0,1
1699527776,17.333333333333332,0.0,370.0,1
1699527779,0.0,106496.0,370.0,1
1699527782,0.0,0.0,371.0,1
1699527785,0.0,45056.0,370.0,1
1699527788,109.66666666666667,348160.0,372.0,1
1699527791,0.0,46421.333333333336,207.0,1
1699527794,0.0,1365.3333333333333,212.0,1
1699527797,0.3333333333333333,39594.666666666664,207.0,1
1699527800,0.3333333333333333,704512.0,203.0,1
1699527803,0.3333333333333333,137898.6666666667,201.0,1
1699527806,31.666666666666668,42965674.66666667,369.0,1
1699527809,31.0,42054997.333333336,371.0,1
1699527812,30.666666666666668,42153301.333333336,372.0,1
1699527815,30.666666666666668,42276181.333333336,371.0,1
1699527818,4.0,51882.666666666664,371.0,1
1699527821,0.6666666666666666,223914.66666666666,375.0,1
1699527824,0.0,0.0,373.0,1
1699527827,0.0,137898.6666666667,373.0,1
1699527830,0.0,0.0,374.0,1
1699527833,0.0,6826.666666666666,374.0,1
1699527836,0.6666666666666666,47786.666666666664,212.0,1
1699527839,0.0,0.0,209.0,1
1699527842,0.0,247125.3333333333,209.0,1
1699527845,0.0,249856.0,205.0,1
1699527848,1.0,203434.66666666666,205.0,1
1699527851,4.333333333333333,3765589.333333333,224.0,1
1699527854,4.0,2730.6666666666665,229.0,1
1699527857,4.0,0.0,228.0,1
1699527860,4.0,12288.0,228.0,1
1699527863,4.333333333333333,804181.3333333334,229.0,1
1699527866,4.0,178858.66666666666,232.0,1
1699527869,0.3333333333333333,0.0,232.0,1
1699527872,0.0,0.0,233.0,1
1699527875,0.6666666666666666,42325.333333333336,233.0,1
1699527878,0.3333333333333333,148821.3333333333,231.0,1
1699527881,0.3333333333333333,139264.0,201.0,1
1699527884,0.0,0.0,207.0,1
1699527887,0.0,17749.333333333336,203.0,1
1699527890,0.3333333333333333,352256.0,203.0,1
1699527893,0.0,412330.6666666667,214.0,1
1699527896,8.0,0.0,236.0,1
1699527899,8.333333333333334,45056.0,235.0,1
1699527902,8.0,0.0,235.0,1
1699527905,6.0,243029.3333333333,235.0,1
1699527908,0.6666666666666666,540672.0,240.0,1
1699527911,0.0,0.0,234.0,1
1699527914,0.0,86016.0,236.0,1
1699527917,0.0,6826.666666666667,238.0,1
1699527920,0.0,223914.66666666666,234.0,1
1699527923,0.0,0.0,235.0,1
1699527926,1.0,40960.0,204.0,1
1699527929,0.0,43690.666666666664,201.0,1
1699527932,0.0,60074.666666666664,203.0,1
1699527935,0.3333333333333333,154282.66666666666,203.0,1
1699527938,9.0,11276288.0,225.0,1
1699527941,14.666666666666666,11145216.0,249.0,1
1699527944,15.333333333333334,11147946.666666666,248.0,1
1699527947,15.0,11407360.0,247.0,1
1699527950,15.0,11347285.333333334,248.0,1
1699527953,13.333333333333334,94208.0,247.0,1
1699527956,0.3333333333333333,0.0,247.0,1
1699527959,0.3333333333333333,6826.666666666666,248.0,1
1699527962,0.0,0.0,247.0,1
1699527965,0.3333333333333333,57344.0,248.0,1
1699527968,0.6666666666666666,91477.33333333334,242.0,1
1699527971,0.0,0.0,204.0,1
1699527974,0.0,2730.6666666666665,204.0,1
1699527977,0.0,742741.3333333334,205.0,1
1699527980,0.0,4096.0,203.0,1
1699527983,13.666666666666666,17472170.666666664,228.0,1
1699527986,23.666666666666668,17174528.0,253.0,1
1699527989,24.0,0.0,253.0,1
1699527992,24.333333333333332,24576.0,254.0,1
1699527995,24.0,24576.0,258.0,1
1699527998,23.666666666666668,1365.3333333333333,256.0,1
1699528001,7.999999999999999,88746.66666666666,255.0,1
1699528004,0.0,1365.3333333333333,251.0,1
1699528007,0.0,5461.333333333333,250.0,1
1699528010,0.3333333333333333,703146.6666666667,253.0,1
1699528013,0.0,442368.0,251.0,1
1699528016,0.3333333333333333,1365.3333333333333,205.0,1
1699528019,0.0,19114.666666666664,204.0,1
1699528022,0.0,0.0,203.0,1
1699528025,0.0,114688.0,208.0,1
1699528028,0.6666666666666666,40960.0,211.0,1
1699528031,30.0,57344.00000000001,244.0,1
1699528034,31.0,285354.6666666667,239.0,1
1699528037,30.666666666666668,0.0,239.0,1
1699528040,13.0,243029.33333333334,240.0,1
1699528043,0.0,0.0,239.0,1
1699528046,0.0,587093.3333333334,238.0,1
1699528049,0.0,5461.333333333333,237.0,1
1699528052,127.66666666666667,2730.6666666666665,239.0,1
1699528055,0.0,0.0,238.0,1
1699528058,0.9999999999999999,200704.0,239.0,1
1699528061,0.3333333333333333,60074.666666666664,205.0,1
1699528064,0.0,0.0,201.0,1
1699528067,0.0,50517.333333333336,204.0,1
1699528070,0.0,204800.0,203.0,1
1699528073,0.3333333333333333,62805.333333333336,205.0,1
1699528076,30.333333333333332,0.0,238.0,1
1699528079,30.666666666666668,226645.3333333333,238.0,1
1699528082,30.333333333333332,1365.3333333333333,240.0,1
1699528085,31.0,232106.66666666666,241.0,1
1699528088,18.333333333333332,0.0,236.0,1
1699528091,0.3333333333333333,50517.333333333336,238.0,1
1699528094,0.3333333333333333,326314.6666666667,240.0,1
1699528097,0.0,1365.3333333333333,240.0,1
1699528100,0.0,0.0,240.0,1
1699528103,0.0,1365.3333333333333,244.0,1
1699528106,0.0,461482.6666666667,204.0,1
1699528109,0.6666666666666666,154282.6666666667,202.0,1
1699528112,0.3333333333333333,195242.66666666666,203.0,1
1699528115,0.0,417792.0,205.0,1
1699528118,0.0,66901.33333333333,220.0,1
1699528121,4.0,0.0,237.0,1
1699528124,4.333333333333333,159744.0,239.0,1
1699528127,4.0,0.0,238.0,1
1699528130,4.666666666666667,40960.0,245.0,1
1699528133,4.333333333333333,43690.666666666664,240.0,1
1699528136,0.6666666666666666,19114.666666666668,239.0,1
1699528139,0.0,0.0,238.0,1
1699528142,0.6666666666666666,21845.333333333332,238.0,1
1699528145,0.0,86016.0,237.0,1
1699528148,0.0,5461.333333333333,234.0,1
1699528151,0.3333333333333333,562517.3333333334,204.0,1
1699528154,0.3333333333333333,0.0,202.0,1
1699528157,0.3333333333333333,81920.0,203.0,1
1699528160,0.3333333333333333,13653.333333333334,203.0,1
1699528163,5.666666666666667,6348800.0,261.0,1
1699528166,8.333333333333334,6346069.333333333,256.0,1
1699528169,8.333333333333334,6321493.333333333,258.0,1
1699528172,6.666666666666666,503808.0,257.0,1
1699528175,0.0,46421.333333333336,257.0,1
1699528178,0.0,4096.0,257.0,1
1699528181,0.0,94208.0,255.0,1
1699528184,0.0,700416.0,258.0,1
1699528187,40.666666666666664,16384.0,257.0,1
1699528190,0.0,45056.0,257.0,1
1699528193,0.3333333333333333,0.0,225.0,1
1699528196,0.0,8192.0,204.0,1
1699528199,0.6666666666666666,43690.666666666664,204.0,1
1699528202,0.9999999999999999,335872.0,203.0,1
1699528205,0.0,8192.0,205.0,1
1699528208,14.666666666666666,11150677.333333334,290.0,1
1699528211,15.333333333333334,11205290.666666668,286.0,1
1699528214,14.666666666666666,11149312.0,287.0,1
1699528217,15.0,11324074.666666666,286.0,1
1699528220,15.333333333333334,11280384.0,288.0,1
1699528223,13.666666666666666,2730.6666666666665,286.0,1
1699528226,0.0,1365.3333333333333,289.0,1
1699528229,0.0,223914.66666666666,289.0,1
1699528232,0.3333333333333333,192512.0,288.0,1
1699528235,0.3333333333333333,66901.33333333334,290.0,1
1699528238,0.0,1365.3333333333333,211.0,1
1699528241,0.3333333333333333,300373.3333333333,203.0,1
1699528244,0.0,25941.333333333332,204.0,1
1699528247,0.0,51882.66666666667,202.0,1
1699528250,0.3333333333333333,13653.333333333334,215.0,1
1699528253,24.333333333333332,1365.3333333333333,293.0,1
1699528256,23.666666666666668,843776.0,293.0,1
1699528259,24.0,5461.333333333333,293.0,1
1699528262,8.333333333333334,0.0,296.0,1
1699528265,0.3333333333333333,488789.3333333333,294.0,1
1699528268,0.3333333333333333,1365.3333333333333,296.0,1
1699528271,0.0,2730.6666666666665,294.0,1
1699528274,93.0,0.0,293.0,1
1699528277,0.0,178858.6666666667,292.0,1
1699528280,0.3333333333333333,73728.0,291.0,1
1699528283,0.0,161109.3333333333,204.0,1
1699528286,0.3333333333333333,2215936.0,201.0,1
1699528289,0.0,50517.33333333333,204.0,1
1699528292,0.0,229376.0,202.0,1
1699528295,0.0,1365.3333333333333,205.0,1
1699528298,30.666666666666668,0.0,275.0,1
1699528301,31.0,273066.6666666666,286.0,1
1699528304,31.0,16384.0,283.0,1
1699528307,30.666666666666664,0.0,278.0,1
1699528310,31.0,5461.333333333333,285.0,1
1699528313,26.0,135168.0,284.0,1
1699528316,0.0,0.0,284.0,1
1699528319,0.3333333333333333,76458.66666666667,283.0,1
1699528322,0.3333333333333333,42325.333333333336,284.0,1
1699528325,0.0,0.0,284.0,1
1699528328,0.0,39594.666666666664,203.0,1
1699528331,0.3333333333333333,50517.333333333336,203.0,1
1699528334,0.0,8192.0,203.0,1
1699528337,0.3333333333333333,125610.66666666667,202.0,1
1699528340,0.3333333333333333,32768.0,206.0,1
1699528343,30.333333333333332,2730.6666666666665,283.0,1
1699528346,31.0,40960.0,284.0,1
1699528349,30.333333333333332,0.0,283.0,1
1699528352,10.333333333333334,5461.333333333333,282.0,1
1699528355,0.0,58709.333333333336,283.0,1
1699528358,0.3333333333333333,354986.6666666666,282.0,1
1699528361,0.3333333333333333,4095.9999999999995,285.0,1
1699528364,129.66666666666666,1365.3333333333333,284.0,1
1699528367,0.0,1365.3333333333333,283.0,1
1699528370,0.0,4096.0,283.0,1
1699528373,0.6666666666666666,2730.6666666666665,220.0,1
1699528376,0.0,0.0,204.0,1
1699528379,0.3333333333333333,2730.6666666666665,203.0,1
1699528382,0.0,42325.333333333336,204.0,1
1699528385,0.0,57344.0,203.0,1
1699528388,4.333333333333334,55978.666666666664,260.0,1
1699528391,4.333333333333333,98304.0,257.0,1
1699528394,4.0,1365.3333333333333,259.0,1
1699528397,0.3333333333333333,819200.0,261.0,1
1699528400,0.0,578901.3333333333,259.0,1
1699528403,0.3333333333333333,43690.666666666664,259.0,1
1699528406,0.3333333333333333,31402.666666666668,260.0,1
1699528409,0.0,8192.0,261.0,1
1699528412,20.666666666666668,234837.33333333334,256.0,1
1699528415,0.3333333333333333,4096.0,267.0,1
1699528418,0.0,43690.666666666664,206.0,1
1699528421,0.3333333333333333,132437.3333333333,201.0,1
1699528424,0.3333333333333333,5461.333333333333,203.0,1
1699528427,0.0,363178.6666666667,204.0,1
1699528430,0.0,45056.0,208.0,1
1699528433,8.333333333333334,5461.333333333333,290.0,1
1699528436,8.333333333333334,40960.0,290.0,1
1699528439,8.0,974848.0,290.0,1
1699528442,8.333333333333334,73728.0,288.0,1
1699528445,5.0,4096.0,292.0,1
1699528448,0.0,143360.0,290.0,1
1699528451,0.0,129706.66666666667,292.0,1
1699528454,0.6666666666666666,6826.666666666667,289.0,1
1699528457,0.3333333333333333,4095.9999999999995,292.0,1
1699528460,0.0,1365.3333333333333,293.0,1
1699528463,0.0,172032.0,206.0,1
1699528466,0.0,0.0,205.0,1
1699528469,0.0,0.0,205.0,1
1699528472,0.3333333333333333,10922.666666666666,201.0,1
1699528475,11.666666666666666,11183445.333333334,342.0,1
1699528478,15.0,11176618.666666668,352.0,1
1699528481,15.0,11175253.333333334,351.0,1
1699528484,15.0,11517952.0,350.0,1
1699528487,7.0,5461.333333333333,352.0,1
1699528490,0.3333333333333333,580266.6666666666,353.0,1
1699528493,0.3333333333333333,2730.6666666666665,353.0,1
1699528496,0.0,0.0,352.0,1
1699528499,0.0,60074.666666666664,352.0,1
1699528502,70.0,66901.33333333333,354.0,1
1699528505,0.3333333333333333,0.0,242.0,1
1699528508,0.0,1365.3333333333333,211.0,1
1699528511,0.3333333333333333,329045.3333333333,205.0,1
1699528514,0.0,1365.3333333333333,204.0,1
1699528517,0.0,5461.333333333333,205.0,1
1699528520,24.0,17701546.666666668,335.0,1
1699528523,24.666666666666668,17716565.333333332,354.0,1
1699528526,24.0,17195008.0,354.0,1
1699528529,24.0,17263274.666666668,355.0,1
1699528532,24.0,10922.666666666666,356.0,1
1699528535,2.6666666666666665,0.0,351.0,1
1699528538,0.3333333333333333,43690.666666666664,358.0,1
1699528541,0.0,916138.6666666667,357.0,1
1699528544,0.0,2730.6666666666665,358.0,1
1699528547,0.0,0.0,359.0,1
1699528550,0.0,30037.333333333336,219.0,1
1699528553,0.3333333333333333,383658.6666666666,209.0,1
1699528556,0.6666666666666666,793258.6666666667,205.0,1
1699528559,0.3333333333333333,0.0,205.0,1
1699528562,0.0,4096.0,210.0,1
1699528565,29.333333333333332,22497962.666666664,323.0,1
1699528568,31.333333333333332,22712320.0,353.0,1
1699528571,30.666666666666668,23396352.0,353.0,1
1699528574,31.666666666666664,0.0,355.0,1
1699528577,30.0,0.0,353.0,1
1699528580,31.666666666666664,562517.3333333334,355.0,1
1699528583,5.333333333333333,80554.66666666666,356.0,1
1699528586,0.0,45056.0,355.0,1
1699528589,0.0,223914.6666666667,356.0,1
1699528592,0.0,0.0,356.0,1
1699528595,0.0,45056.00000000001,234.0,1
1699528598,0.0,0.0,208.0,1
1699528601,0.0,46421.333333333336,206.0,1
1699528604,0.0,0.0,202.0,1
1699528607,0.0,46421.333333333336,204.0,1
1699528610,29.666666666666668,22727338.666666664,346.0,1
1699528613,31.0,22451541.333333332,350.0,1
1699528616,30.666666666666664,312661.3333333334,352.0,1
1699528619,31.333333333333332,333141.3333333334,351.0,1
1699528622,31.0,45056.0,354.0,1
1699528625,22.0,0.0,355.0,1
1699528628,0.3333333333333333,161109.3333333333,356.0,1
1699528631,0.0,2730.6666666666665,356.0,1
1699528634,0.0,0.0,355.0,1
1699528637,0.0,152917.33333333334,358.0,1
1699528640,0.0,39594.666666666664,252.0,1
1699528643,0.3333333333333333,58709.333333333336,211.0,1
1699528646,0.0,233472.0,206.0,1
1699528649,0.0,0.0,204.0,1
1699528652,0.3333333333333333,114688.0,202.0,1
1699528655,3.6666666666666665,3559424.0,232.0,1
1699528658,4.333333333333333,3675477.333333333,234.0,1
1699528661,4.0,0.0,226.0,1
1699528664,4.0,102400.0,232.0,1
1699528667,4.333333333333334,0.0,227.0,1
1699528670,3.3333333333333335,45056.0,229.0,1
1699528673,0.0,46421.333333333336,227.0,1
1699528676,0.3333333333333333,1365.3333333333333,224.0,1
1699528679,0.0,2730.6666666666665,227.0,1
1699528682,0.3333333333333333,6826.666666666667,228.0,1
1699528685,0.3333333333333333,43690.66666666667,201.0,1
1699528688,0.3333333333333333,144725.3333333333,202.0,1
1699528691,0.0,0.0,204.0,1
1699528694,0.0,126976.00000000001,204.0,1
1699528697,0.0,91477.33333333334,209.0,1
1699528700,8.333333333333334,774144.0,242.0,1
1699528703,8.0,1365.3333333333333,236.0,1
1699528706,8.0,978944.0,241.0,1
1699528709,4.333333333333333,0.0,230.0,1
1699528712,0.0,9557.333333333334,232.0,1
1699528715,0.0,43690.66666666667,235.0,1
1699528718,0.6666666666666666,273066.6666666666,235.0,1
1699528721,0.3333333333333333,1365.3333333333333,233.0,1
1699528724,38.666666666666664,161109.33333333334,234.0,1
1699528727,0.3333333333333333,0.0,238.0,1
1699528730,0.0,42325.333333333336,204.0,1
1699528733,0.0,0.0,203.0,1
1699528736,0.6666666666666666,125610.66666666667,203.0,1
1699528739,0.0,286720.0,201.0,1
1699528742,0.3333333333333333,87381.33333333334,213.0,1
1699528745,15.0,0.0,244.0,1
1699528748,15.0,46421.333333333336,246.0,1
1699528751,15.0,75093.33333333333,245.0,1
1699528754,7.666666666666667,0.0,246.0,1
1699528757,0.0,35498.666666666664,244.0,1
1699528760,0.0,0.0,246.0,1
1699528763,0.3333333333333333,90112.0,246.0,1
1699528766,0.0,38229.333333333336,244.0,1
1699528769,0.3333333333333333,146090.6666666667,247.0,1
1699528772,0.3333333333333333,4096.0,227.0,1
1699528775,0.0,132437.33333333334,202.0,1
1699528778,0.0,0.0,202.0,1
1699528781,0.3333333333333333,8192.0,203.0,1
1699528784,0.0,12288.0,204.0,1
1699528787,0.0,1239722.6666666667,210.0,1
1699528790,24.0,0.0,254.0,1
1699528793,24.0,0.0,250.0,1
1699528796,19.333333333333332,10922.666666666666,253.0,1
1699528799,0.0,0.0,253.0,1
1699528802,0.0,102400.0,255.0,1
1699528805,0.3333333333333333,262144.0,255.0,1
1699528808,0.0,0.0,255.0,1
1699528811,0.0,81920.0,254.0,1
1699528814,0.0,4095.9999999999995,253.0,1
1699528817,0.3333333333333333,193877.33333333334,263.0,1
1699528820,0.3333333333333333,4095.9999999999995,204.0,1
1699528823,0.0,0.0,206.0,1
1699528826,0.3333333333333333,464213.3333333334,204.0,1
1699528829,0.0,101034.66666666667,203.0,1
1699528832,0.3333333333333333,282624.0,228.0,1
1699528835,30.666666666666668,2730.6666666666665,238.0,1
1699528838,30.333333333333332,0.0,243.0,1
1699528841,31.333333333333332,890197.3333333334,239.0,1
1699528844,30.666666666666668,30037.333333333336,240.0,1
1699528847,30.333333333333332,0.0,240.0,1
1699528850,31.333333333333332,98304.0,240.0,1
1699528853,0.3333333333333333,20480.0,238.0,1
1699528856,0.3333333333333333,245760.0,240.0,1
1699528859,0.3333333333333333,282624.0,242.0,1
1699528862,0.3333333333333333,0.0,241.0,1
1699528865,0.0,55978.666666666664,203.0,1
1699528868,0.3333333333333333,42325.333333333336,201.0,1
1699528871,0.0,0.0,203.0,1
1699528874,0.6666666666666666,5461.333333333333,201.0,1
1699528877,0.9999999999999999,312661.3333333333,213.0,1
1699528880,30.666666666666668,0.0,245.0,1
1699528883,31.0,0.0,241.0,1
1699528886,30.333333333333332,0.0,241.0,1
1699528889,31.0,234837.3333333333,240.0,1
1699528892,1.3333333333333333,255317.3333333333,241.0,1
1699528895,0.0,2730.6666666666665,240.0,1
1699528898,0.0,0.0,241.0,1
1699528901,0.0,0.0,238.0,1
1699528904,0.6666666666666666,475136.0,240.0,1
1699528907,0.0,46421.33333333333,242.0,1
1699528910,0.3333333333333333,35498.666666666664,201.0,1
1699528913,0.0,49152.0,201.0,1
1699528916,0.3333333333333333,95573.33333333334,201.0,1
1699528919,0.0,309930.6666666667,203.0,1
1699528922,0.0,15018.666666666668,207.0,1
1699528925,4.0,361813.3333333333,236.0,1
1699528928,4.0,0.0,242.0,1
1699528931,4.666666666666667,712704.0000000001,235.0,1
1699528934,4.333333333333333,0.0,238.0,1
1699528937,3.0,155648.0,238.0,1
1699528940,0.0,79189.33333333334,242.0,1
1699528943,0.0,131072.0,240.0,1
1699528946,0.0,353621.3333333333,234.0,1
1699528949,0.0,0.0,236.0,1
1699528952,0.3333333333333333,144725.33333333334,241.0,1
1699528955,0.0,121514.66666666666,206.0,1
1699528958,0.0,4096.0,204.0,1
1699528961,0.0,43690.666666666664,202.0,1
1699528964,0.3333333333333333,131072.0,203.0,1
1699528967,5.0,6318762.666666667,228.0,1
1699528970,8.333333333333334,6826.666666666667,255.0,1
1699528973,8.0,214357.33333333334,254.0,1
1699528976,8.0,376832.0,252.0,1
1699528979,8.0,99669.33333333333,255.0,1
1699528982,1.3333333333333333,43690.666666666664,255.0,1
1699528985,0.6666666666666666,187050.6666666667,256.0,1
1699528988,0.0,9557.333333333332,253.0,1
1699528991,0.0,49152.0,254.0,1
1699528994,0.3333333333333333,189781.33333333334,254.0,1
1699528997,0.3333333333333333,536576.0,246.0,1
1699529000,0.0,8191.999999999999,205.0,1
1699529003,0.0,0.0,201.0,1
1699529006,0.0,2730.6666666666665,203.0,1
1699529009,0.3333333333333333,165205.33333333334,202.0,1
1699529012,14.0,11218944.0,282.0,1
1699529015,15.0,11179349.333333334,281.0,1
1699529018,14.666666666666666,11179349.333333334,284.0,1
1699529021,15.0,95573.33333333333,281.0,1
1699529024,13.0,0.0,282.0,1
1699529027,0.6666666666666666,464213.3333333333,277.0,1
1699529030,0.3333333333333333,32768.0,283.0,1
1699529033,0.0,0.0,282.0,1
1699529036,0.3333333333333333,30037.333333333336,281.0,1
1699529039,0.0,165205.33333333334,283.0,1
1699529042,0.6666666666666666,90112.0,202.0,1
1699529045,0.0,192512.0,204.0,1
1699529048,0.0,8192.0,204.0,1
1699529051,0.0,288085.3333333334,203.0,1
1699529054,0.3333333333333333,72362.66666666667,206.0,1
1699529057,23.666666666666668,0.0,292.0,1
1699529060,24.0,6826.666666666666,293.0,1
1699529063,24.0,1365.3333333333333,290.0,1
1699529066,12.333333333333334,270336.0,292.0,1
1699529069,0.0,432810.6666666666,287.0,1
1699529072,0.0,0.0,287.0,1
1699529075,0.3333333333333333,94208.0,288.0,1
1699529078,87.33333333333333,1365.3333333333333,296.0,1
1699529081,0.0,1365.3333333333333,287.0,1
1699529084,0.0,10922.666666666666,291.0,1
1699529087,0.0,38229.333333333336,204.0,1
1699529090,0.0,214357.3333333333,203.0,1
1699529093,0.3333333333333333,247125.33333333334,203.0,1
1699529096,0.6666666666666666,274432.0,203.0,1
1699529099,0.0,17749.333333333332,208.0,1
1699529102,31.0,408234.6666666667,284.0,1
1699529105,31.0,282624.0,287.0,1
1699529108,31.333333333333332,68266.66666666666,287.0,1
1699529111,30.666666666666668,57344.0,288.0,1
1699529114,7.333333333333333,0.0,287.0,1
1699529117,0.0,0.0,286.0,1
1699529120,0.3333333333333333,262144.0,287.0,1
1699529123,0.0,0.0,289.0,1
1699529126,119.0,45056.0,286.0,1
1699529129,0.0,2730.6666666666665,286.0,1
1699529132,0.0,46421.33333333333,204.0,1
1699529135,0.3333333333333333,0.0,205.0,1
1699529138,0.0,38229.333333333336,205.0,1
1699529141,0.0,55978.66666666667,204.0,1
1699529144,0.3333333333333333,5461.333333333333,201.0,1
1699529147,31.333333333333332,22708223.999999996,288.0,1
1699529150,31.666666666666668,22945792.0,286.0,1
1699529153,30.666666666666664,128341.33333333333,286.0,1
1699529156,30.666666666666668,49152.0,285.0,1
1699529159,1.3333333333333333,222549.33333333334,285.0,1
1699529162,0.0,6826.666666666666,287.0,1
1699529165,0.3333333333333333,1327104.0000000002,287.0,1
1699529168,0.6666666666666666,312661.3333333333,286.0,1
1699529171,0.3333333333333333,0.0,289.0,1
1699529174,169.0,0.0,287.0,1
1699529177,0.0,266240.0,201.0,1
1699529180,0.0,176128.0,204.0,1
1699529183,0.3333333333333333,506538.6666666667,204.0,1
1699529186,0.0,1365.3333333333333,203.0,1
1699529189,0.0,87381.33333333333,202.0,1
1699529192,4.0,3507541.3333333335,258.0,1
1699529195,4.333333333333333,38229.333333333336,257.0,1
1699529198,4.0,53248.0,256.0,1
1699529201,4.0,0.0,258.0,1
1699529204,0.6666666666666666,233472.0,255.0,1
1699529207,0.0,1365.3333333333333,256.0,1
1699529210,0.6666666666666666,723626.6666666666,257.0,1
1699529213,0.3333333333333333,6826.666666666667,257.0,1
1699529216,0.3333333333333333,51882.666666666664,255.0,1
1699529219,0.0,0.0,258.0,1
1699529222,0.0,88746.66666666666,202.0,1
1699529225,0.6666666666666666,106496.0,203.0,1
1699529228,0.0,10922.666666666666,201.0,1
1699529231,0.3333333333333333,88746.66666666667,204.0,1
1699529234,0.0,0.0,210.0,1
1699529237,8.0,9557.333333333334,286.0,1
1699529240,8.666666666666668,0.0,285.0,1
1699529243,8.0,53248.0,287.0,1
1699529246,8.0,10922.666666666666,288.0,1
1699529249,1.6666666666666665,226645.33333333334,284.0,1
1699529252,0.0,2730.6666666666665,284.0,1
1699529255,0.0,279893.3333333334,291.0,1
1699529258,0.3333333333333333,488789.3333333333,286.0,1
1699529261,36.0,83285.33333333333,286.0,1
1699529264,0.3333333333333333,177493.33333333334,289.0,1
1699529267,0.3333333333333333,1365.3333333333333,205.0,1
1699529270,0.0,13653.333333333334,204.0,1
1699529273,0.3333333333333333,681301.3333333334,205.0,1
1699529276,0.3333333333333333,12288.0,203.0,1
1699529279,9.0,11209386.666666666,274.0,1
1699529282,15.0,11262634.666666666,338.0,1
1699529285,15.666666666666668,11294037.333333332,345.0,1
1699529288,15.0,11209386.666666666,345.0,1
1699529291,15.0,80554.66666666667,344.0,1
1699529294,0.0,0.0,343.0,1
1699529297,0.0,133802.6666666667,344.0,1
1699529300,0.0,2730.6666666666665,344.0,1
1699529303,0.3333333333333333,38229.333333333336,346.0,1
1699529306,0.0,4096.0,347.0,1
1699529309,0.0,20480.0,302.0,1
1699529312,0.0,5461.333333333333,207.0,1
1699529315,0.0,4096.0,206.0,1
1699529318,0.3333333333333333,102400.0,206.0,1
1699529321,0.0,55978.666666666664,204.0,1
1699529324,21.0,17212757.333333332,346.0,1
1699529327,24.333333333333336,17220949.333333332,351.0,1
1699529330,24.333333333333332,17212757.333333332,351.0,1
1699529333,24.0,0.0,350.0,1
1699529336,3.666666666666667,113322.66666666666,353.0,1
1699529339,0.3333333333333333,1365.3333333333333,356.0,1
1699529342,0.0,1365.3333333333333,353.0,1
1699529345,0.0,32768.0,355.0,1
1699529348,0.0,1365.3333333333333,356.0,1
1699529351,121.33333333333333,35498.666666666664,351.0,1
1699529354,0.0,737280.0,246.0,1
1699529357,0.3333333333333333,91477.33333333334,208.0,1
1699529360,0.0,0.0,204.0,1
1699529363,0.3333333333333333,146090.66666666666,204.0,1
1699529366,0.3333333333333333,1365.3333333333333,203.0,1
1699529369,25.333333333333332,22854314.666666668,319.0,1
1699529372,31.0,22674090.666666668,357.0,1
1699529375,31.333333333333332,22698666.666666668,357.0,1
1699529378,30.333333333333332,22904832.0,357.0,1
1699529381,31.0,58709.33333333333,358.0,1
1699529384,26.666666666666664,283989.3333333333,357.0,1
1699529387,0.0,0.0,359.0,1
1699529390,0.0,6826.666666666666,359.0,1
1699529393,0.0,139264.0,358.0,1
1699529396,0.0,2730.6666666666665,361.0,1
1699529399,0.0,0.0,213.0,1
1699529402,0.0,346794.6666666667,212.0,1
1699529405,0.0,0.0,208.0,1
1699529408,0.3333333333333333,0.0,204.0,1
1699529411,0.0,0.0,204.0,1
1699529414,25.666666666666664,22754645.333333332,324.0,1
1699529417,30.666666666666668,22663168.0,358.0,1
1699529420,31.666666666666668,22665898.666666668,356.0,1
1699529423,31.333333333333332,157013.3333333333,360.0,1
1699529426,2.0,46421.333333333336,357.0,1
1699529429,0.0,1365.3333333333333,358.0,1
1699529432,0.0,1365.3333333333333,362.0,1
1699529435,115.0,204800.0,360.0,1
1699529438,0.3333333333333333,0.0,358.0,1
1699529441,0.0,36864.0,358.0,1
1699529444,0.0,0.0,217.0,1
1699529447,0.0,107861.33333333334,206.0,1
1699529450,0.0,454656.0,208.0,1
1699529453,0.0,36864.0,205.0,1
1699529456,0.3333333333333333,264874.6666666667,201.0,1
1699529459,3.3333333333333335,3663189.3333333335,225.0,1
1699529462,4.333333333333334,3781973.3333333335,230.0,1
1699529465,4.0,0.0,229.0,1
1699529468,3.0,0.0,226.0,1
1699529471,0.3333333333333333,552960.0,228.0,1
1699529474,0.0,113322.66666666667,230.0,1
1699529477,0.0,322218.6666666667,230.0,1
1699529480,0.0,146090.6666666667,227.0,1
1699529483,0.3333333333333333,0.0,227.0,1
1699529486,21.666666666666668,245760.0,229.0,1
1699529489,0.6666666666666666,228010.66666666666,212.0,1
1699529492,0.0,0.0,206.0,1
1699529495,0.0,241664.0,204.0,1
1699529498,0.3333333333333333,42325.333333333336,203.0,1
1699529501,0.0,0.0,204.0,1
1699529504,6.666666666666666,6578176.0,236.0,1
1699529507,9.0,6608213.333333333,235.0,1
1699529510,8.0,6602752.0,239.0,1
1699529513,6.666666666666667,237568.0,235.0,1
1699529516,0.0,0.0,240.0,1
1699529519,0.3333333333333333,84650.66666666667,234.0,1
1699529522,0.3333333333333333,157013.33333333334,236.0,1
1699529525,0.0,0.0,236.0,1
1699529528,0.0,38229.333333333336,235.0,1
1699529531,44.0,45056.0,237.0,1
1699529534,0.0,170666.66666666666,221.0,1
1699529537,0.0,5461.333333333333,205.0,1
1699529540,0.6666666666666666,0.0,203.0,1
1699529543,0.0,0.0,205.0,1
1699529546,0.0,120149.33333333334,204.0,1
1699529549,11.0,11711829.333333334,251.0,1
1699529552,15.666666666666668,11711829.333333334,248.0,1
1699529555,14.666666666666666,11711829.333333334,251.0,1
1699529558,15.333333333333334,12240213.333333334,251.0,1
1699529561,6.0,53248.0,250.0,1
1699529564,0.0,45056.0,248.0,1
1699529567,0.0,45056.0,251.0,1
1699529570,0.6666666666666666,47786.66666666667,250.0,1
1699529573,0.3333333333333333,87381.33333333334,250.0,1
1699529576,82.66666666666666,131072.0,249.0,1
1699529579,0.0,5461.333333333333,243.0,1
1699529582,0.0,10922.666666666666,204.0,1
1699529585,0.0,271701.3333333334,203.0,1
1699529588,0.0,0.0,202.0,1
1699529591,0.3333333333333333,125610.66666666667,203.0,1
1699529594,15.666666666666668,18438826.666666664,237.0,1
1699529597,24.333333333333336,19111936.0,252.0,1
1699529600,23.666666666666668,18345984.0,252.0,1
1699529603,24.333333333333332,18306389.333333332,250.0,1
1699529606,15.666666666666666,15018.666666666666,255.0,1
1699529609,0.3333333333333333,24576.0,250.0,1
1699529612,0.0,0.0,256.0,1
1699529615,0.6666666666666666,632149.3333333333,255.0,1
1699529618,0.3333333333333333,6826.666666666666,255.0,1
1699529621,0.0,0.0,256.0,1
1699529624,0.0,0.0,268.0,1
1699529627,0.0,1365.3333333333333,204.0,1
1699529630,0.0,290816.0,202.0,1
1699529633,0.0,57344.00000000001,204.0,1
1699529636,0.3333333333333333,233472.0,204.0,1
1699529639,18.333333333333332,23805952.0,233.0,1
1699529642,30.333333333333332,23820970.666666668,237.0,1
1699529645,30.666666666666668,23793664.0,234.0,1
1699529648,31.0,167936.0,236.0,1
1699529651,30.333333333333332,8192.0,236.0,1
1699529654,30.0,430080.0,238.0,1
1699529657,0.0,1365.3333333333333,238.0,1
1699529660,0.0,50517.333333333336,237.0,1
1699529663,0.0,0.0,239.0,1
1699529666,0.3333333333333333,87381.33333333333,238.0,1
1699529669,0.6666666666666666,192512.0,273.0,1
1699529672,0.0,132437.3333333333,205.0,1
1699529675,0.0,166570.66666666666,201.0,1
1699529678,0.0,0.0,205.0,1
1699529681,0.0,0.0,205.0,1
1699529684,0.6666666666666666,1365.3333333333333,215.0,1
1699529687,30.666666666666664,49152.0,237.0,1
1699529690,30.666666666666668,13653.333333333332,237.0,1
1699529693,30.666666666666668,45056.0,238.0,1
1699529696,1.3333333333333333,45056.0,236.0,1
1699529699,0.3333333333333333,0.0,237.0,1
1699529702,0.0,50517.333333333336,235.0,1
1699529705,107.33333333333333,258048.0,238.0,1
1699529708,0.0,46421.333333333336,235.0,1
1699529711,0.3333333333333333,4096.0,236.0,1
1699529714,0.0,1365.3333333333333,236.0,1
1699529717,0.3333333333333333,176128.0,201.0,1
1699529720,0.3333333333333333,176128.0,205.0,1
1699529723,0.0,0.0,203.0,1
1699529726,0.0,6826.666666666667,203.0,1
1699529729,0.0,232106.66666666666,206.0,1
1699529732,4.333333333333334,42325.333333333336,242.0,1
1699529735,4.333333333333334,0.0,240.0,1
1699529738,4.333333333333334,4095.9999999999995,242.0,1
1699529741,0.3333333333333333,386389.3333333333,245.0,1
1699529744,0.0,0.0,241.0,1
1699529747,0.3333333333333333,98304.0,239.0,1
1699529750,0.0,118784.0,239.0,1
1699529753,0.0,43690.666666666664,238.0,1
1699529756,22.333333333333332,293546.6666666667,241.0,1
1699529759,0.3333333333333333,268970.6666666667,240.0,1
1699529762,0.3333333333333333,86016.0,201.0,1
1699529765,0.0,0.0,204.0,1
1699529768,0.0,50517.33333333333,204.0,1
1699529771,0.0,178858.66666666666,203.0,1
1699529774,0.3333333333333333,1365.3333333333333,209.0,1
1699529777,8.0,53248.0,259.0,1
1699529780,8.0,88746.66666666667,264.0,1
1699529783,8.333333333333334,214357.33333333334,261.0,1
1699529786,8.666666666666666,476501.3333333334,257.0,1
1699529789,0.3333333333333333,0.0,259.0,1
1699529792,0.0,6826.666666666666,258.0,1
1699529795,0.3333333333333333,352256.0,259.0,1
1699529798,0.0,4096.0,261.0,1
1699529801,0.3333333333333333,241664.00000000003,263.0,1
1699529804,0.0,46421.333333333336,260.0,1
1699529807,0.0,0.0,203.0,1
1699529810,0.0,94208.0,204.0,1
1699529813,0.3333333333333333,9557.333333333334,204.0,1
1699529816,0.0,103765.33333333333,204.0,1
1699529819,0.0,409600.0,206.0,1
1699529822,17.0,11778730.666666666,295.0,1
1699529825,15.0,11778730.666666666,288.0,1
1699529828,15.0,188416.0,289.0,1
1699529831,15.333333333333334,0.0,291.0,1
1699529834,15.333333333333334,8192.0,288.0,1
1699529837,1.0,0.0,290.0,1
1699529840,0.0,1365.3333333333333,289.0,1
1699529843,0.0,2730.6666666666665,288.0,1
1699529846,0.0,338602.6666666666,287.0,1
1699529849,73.66666666666666,90112.0,290.0,1
1699529852,0.0,1365.3333333333333,203.0,1
1699529855,0.3333333333333333,94208.0,205.0,1
1699529858,0.0,0.0,205.0,1
1699529861,0.3333333333333333,292181.3333333334,203.0,1
1699529864,0.3333333333333333,4096.0,209.0,1
1699529867,25.333333333333332,18168490.666666668,269.0,1
1699529870,23.666666666666668,18164394.666666664,289.0,1
1699529873,24.333333333333332,18213546.666666668,296.0,1
1699529876,23.666666666666668,18198528.0,295.0,1
1699529879,8.666666666666668,151552.0,294.0,1
1699529882,0.0,271701.3333333334,295.0,1
1699529885,0.3333333333333333,124245.33333333333,295.0,1
1699529888,87.66666666666667,0.0,291.0,1
1699529891,0.0,232106.6666666667,295.0,1
1699529894,0.0,12288.0,295.0,1
1699529897,0.3333333333333333,0.0,207.0,1
1699529900,0.0,244394.66666666666,204.0,1
1699529903,0.0,46421.33333333333,205.0,1
1699529906,0.0,49152.0,204.0,1
1699529909,0.0,629418.6666666667,203.0,1
1699529912,30.333333333333332,23441408.0,277.0,1
1699529915,30.666666666666668,23441408.0,279.0,1
1699529918,31.0,23486464.0,280.0,1
1699529921,8.333333333333334,143360.0,280.0,1
1699529924,0.0,0.0,274.0,1
1699529927,0.0,2730.6666666666665,280.0,1
1699529930,0.3333333333333333,180224.0,279.0,1
1699529933,128.0,12288.0,278.0,1
1699529936,0.3333333333333333,139264.0,273.0,1
1699529939,0.0,0.0,279.0,1
1699529942,0.0,4096.0,211.0,1
1699529945,0.0,0.0,207.0,1
1699529948,0.3333333333333333,144725.3333333333,207.0,1
1699529951,0.0,61440.0,204.0,1
1699529954,0.3333333333333333,53248.0,204.0,1
1699529957,30.0,23444138.666666664,283.0,1
1699529960,30.333333333333332,23442773.333333332,277.0,1
1699529963,31.0,23442773.333333332,277.0,1
1699529966,31.333333333333332,23448234.666666664,280.0,1
1699529969,30.333333333333332,62805.333333333336,278.0,1
1699529972,17.0,1365.3333333333333,277.0,1
1699529975,0.0,8192.0,277.0,1
1699529978,0.3333333333333333,580266.6666666666,279.0,1
1699529981,0.3333333333333333,126976.0,279.0,1
1699529984,0.0,96938.66666666667,278.0,1
1699529987,0.0,90112.0,246.0,1
1699529990,0.0,0.0,205.0,1
1699529993,0.3333333333333333,785066.6666666666,204.0,1
1699529996,0.0,34133.333333333336,205.0,1
1699529999,0.0,0.0,203.0,1
1699530002,3.0,3702784.0,229.0,1
1699530005,4.333333333333333,3891200.0,260.0,1
1699530008,4.0,0.0,262.0,1
1699530011,4.333333333333333,86016.0,261.0,1
1699530014,4.0,13653.333333333332,262.0,1
1699530017,1.0,136533.33333333334,259.0,1
1699530020,0.0,2730.6666666666665,266.0,1
1699530023,0.0,1365.3333333333333,261.0,1
1699530026,0.6666666666666666,790528.0,260.0,1
1699530029,17.666666666666668,0.0,263.0,1
1699530032,0.0,4096.0,260.0,1
1699530035,0.0,1365.3333333333333,208.0,1
1699530038,0.0,8192.0,205.0,1
1699530041,0.3333333333333333,45056.0,205.0,1
1699530044,0.9999999999999999,315392.0,201.0,1
1699530047,4.666666666666667,6635520.0,237.0,1
1699530050,8.0,6791168.0,290.0,1
1699530053,8.0,6636885.333333334,292.0,1
1699530056,8.0,6823936.0,291.0,1
1699530059,9.0,204800.0,291.0,1
1699530062,3.0,0.0,292.0,1
1699530065,0.3333333333333333,1365.3333333333333,295.0,1
1699530068,0.0,9557.333333333334,293.0,1
1699530071,0.0,0.0,290.0,1
1699530074,0.6666666666666666,46421.333333333336,293.0,1
1699530077,0.0,311296.0,293.0,1
1699530080,0.0,0.0,206.0,1
1699530083,0.0,159744.0,204.0,1
1699530086,0.3333333333333333,126976.0,205.0,1
1699530089,0.3333333333333333,16384.0,206.0,1
1699530092,0.9999999999999999,184320.0,237.0,1
1699530095,15.0,47786.666666666664,352.0,1
1699530098,15.0,87381.33333333334,357.0,1
1699530101,15.0,55978.66666666667,359.0,1
1699530104,15.0,0.0,356.0,1
1699530107,15.0,4096.0,361.0,1
1699530110,8.666666666666666,495616.0,361.0,1
1699530113,0.0,0.0,361.0,1
1699530116,0.3333333333333333,40960.0,360.0,1
1699530119,0.0,1365.3333333333333,359.0,1
1699530122,0.0,0.0,362.0,1
1699530125,0.0,221184.0,206.0,1
1699530128,0.0,17749.333333333336,207.0,1
1699530131,0.0,1365.3333333333333,207.0,1
1699530134,0.6666666666666666,270336.0,202.0,1
1699530137,0.3333333333333333,2730.6666666666665,209.0,1
1699530140,24.333333333333332,734549.3333333333,351.0,1
1699530143,24.0,10922.666666666666,349.0,1
1699530146,24.0,0.0,351.0,1
1699530149,24.0,1365.3333333333333,354.0,1
1699530152,17.333333333333332,152917.33333333334,350.0,1
1699530155,0.0,8192.0,357.0,1
1699530158,0.0,214357.3333333333,355.0,1
1699530161,0.0,0.0,355.0,1
1699530164,0.0,1365.3333333333333,356.0,1
1699530167,0.3333333333333333,0.0,357.0,1
1699530170,0.0,10922.666666666666,211.0,1
1699530173,0.0,0.0,206.0,1
1699530176,0.3333333333333333,692224.0000000001,206.0,1
1699530179,0.3333333333333333,195242.6666666667,204.0,1
1699530182,0.0,1365.3333333333333,284.0,1
1699530185,30.666666666666668,92842.66666666667,345.0,1
1699530188,31.0,308565.3333333333,345.0,1
1699530191,30.666666666666668,151552.0,343.0,1
1699530194,16.333333333333332,1365.3333333333333,344.0,1
1699530197,0.3333333333333333,135168.0,345.0,1
1699530200,0.0,229376.0,341.0,1
1699530203,0.0,8192.0,347.0,1
1699530206,0.0,1365.3333333333333,347.0,1
1699530209,0.3333333333333333,0.0,348.0,1
1699530212,0.0,0.0,342.0,1
1699530215,0.0,2730.6666666666665,208.0,1
1699530218,0.6666666666666666,442368.0,207.0,1
1699530221,0.0,0.0,201.0,1
1699530224,0.0,92842.66666666667,205.0,1
1699530227,0.3333333333333333,43690.66666666667,225.0,1
1699530230,31.0,219818.66666666666,349.0,1
1699530233,30.666666666666668,1365.3333333333333,345.0,1
1699530236,31.0,16384.0,349.0,1
1699530239,30.666666666666668,6826.666666666666,347.0,1
1699530242,31.333333333333332,2730.6666666666665,345.0,1
1699530245,30.0,490154.6666666666,342.0,1
1699530248,0.3333333333333333,98304.0,347.0,1
1699530251,0.3333333333333333,296277.3333333334,352.0,1
1699530254,0.0,47786.666666666664,348.0,1
1699530257,0.0,0.0,348.0,1
1699530260,0.0,34133.333333333336,207.0,1
1699530263,0.0,0.0,203.0,1
1699530266,0.0,0.0,206.0,1
1699530269,0.3333333333333333,12288.0,203.0,1
1699530272,0.0,114688.0,211.0,1
1699530275,5.0,546133.3333333333,251.0,1
1699530278,3.6666666666666665,0.0,251.0,1
1699530281,4.666666666666667,282624.0,247.0,1
1699530284,4.0,0.0,252.0,1
1699530287,0.0,5461.333333333333,250.0,1
1699530290,0.0,2730.6666666666665,249.0,1
1699530293,0.0,4096.0,248.0,1
1699530296,0.3333333333333333,8192.0,248.0,1
1699530299,20.0,271701.3333333333,248.0,1
1699530302,0.0,1365.3333333333333,248.0,1
1699530305,0.3333333333333333,5461.333333333333,205.0,1
1699530308,0.0,0.0,203.0,1
1699530311,0.3333333333333333,408234.6666666667,204.0,1
1699530314,0.6666666666666666,972117.3333333333,205.0,1
1699530317,5.666666666666666,62495402.666666664,234.0,1
1699530320,8.0,62746624.0,270.0,1
1699530323,8.0,62667434.666666664,274.0,1
1699530326,8.333333333333334,248490.66666666666,271.0,1
1699530329,7.666666666666667,4095.9999999999995,270.0,1
1699530332,0.0,0.0,269.0,1
1699530335,0.0,0.0,275.0,1
1699530338,0.6666666666666666,215722.66666666666,270.0,1
1699530341,0.0,0.0,270.0,1
1699530344,0.0,182954.66666666666,268.0,1
1699530347,0.0,450560.0,270.0,1
1699530350,0.3333333333333333,10922.666666666666,205.0,1
1699530353,0.0,121514.66666666667,203.0,1
1699530356,0.0,1365.3333333333333,207.0,1
1699530359,0.9999999999999999,43690.66666666667,201.0,1
1699530362,14.333333333333334,116572160.0,305.0,1
1699530365,14.666666666666666,116704597.33333334,312.0,1
1699530368,15.333333333333334,116507989.33333333,311.0,1
1699530371,4.666666666666666,34133.333333333336,311.0,1
1699530374,0.3333333333333333,38229.333333333336,311.0,1
1699530377,0.0,1365.3333333333333,308.0,1
1699530380,0.0,225280.0,310.0,1
1699530383,64.66666666666666,49152.0,311.0,1
1699530386,0.0,45056.0,308.0,1
1699530389,1.6666666666666665,126976.0,309.0,1
1699530392,0.0,266240.0,208.0,1
1699530395,0.0,87381.33333333333,206.0,1
1699530398,0.3333333333333333,152917.3333333333,205.0,1
1699530401,0.0,0.0,205.0,1
1699530404,0.3333333333333333,61440.0,205.0,1
1699530407,21.666666666666664,185988437.33333334,281.0,1
1699530410,23.666666666666668,186107221.33333334,315.0,1
1699530413,23.666666666666668,186183680.0,314.0,1
1699530416,24.0,185976149.33333334,319.0,1
1699530419,24.333333333333332,185984341.33333334,312.0,1
1699530422,23.666666666666664,185977514.6666667,314.0,1
1699530425,0.3333333333333333,230741.33333333334,316.0,1
1699530428,0.0,61440.0,315.0,1
1699530431,0.0,0.0,315.0,1
1699530434,93.33333333333333,51882.666666666664,313.0,1
1699530437,0.3333333333333333,165205.3333333333,210.0,1
1699530440,0.3333333333333333,442368.0,208.0,1
1699530443,0.0,0.0,204.0,1
1699530446,0.0,0.0,203.0,1
1699530449,0.3333333333333333,23210.666666666664,205.0,1
1699530452,23.666666666666664,247757482.66666666,267.0,1
1699530455,30.666666666666664,247409322.66666666,310.0,1
1699530458,31.333333333333332,247518549.3333333,314.0,1
1699530461,29.666666666666668,5461.333333333333,312.0,1
1699530464,30.333333333333332,12288.0,310.0,1
1699530467,31.666666666666668,73728.0,311.0,1
1699530470,11.666666666666668,715434.6666666666,312.0,1
1699530473,0.0,88746.66666666666,311.0,1
1699530476,0.0,0.0,311.0,1
1699530479,0.0,0.0,310.0,1
1699530482,1.0,53248.0,287.0,1
1699530485,1.0,604842.6666666666,208.0,1
1699530488,0.0,2730.6666666666665,204.0,1
1699530491,0.0,2730.6666666666665,205.0,1
1699530494,0.0,13653.333333333334,205.0,1
1699530497,20.666666666666668,247495338.6666667,289.0,1
1699530500,30.0,247405226.6666667,311.0,1
1699530503,31.333333333333332,6826.666666666666,312.0,1
1699530506,25.0,2730.6666666666665,311.0,1
1699530509,0.3333333333333333,0.0,309.0,1
1699530512,0.3333333333333333,5461.333333333333,310.0,1
1699530515,0.6666666666666666,391850.6666666667,311.0,1
1699530518,0.0,5461.333333333333,312.0,1
1699530521,141.66666666666669,16384.0,315.0,1
1699530524,0.0,152917.33333333334,313.0,1
1699530527,0.6666666666666666,0.0,315.0,1
1699530530,0.6666666666666666,5461.333333333333,209.0,1
1699530533,0.0,353621.3333333333,204.0,1
1699530536,0.0,167936.0,203.0,1
1699530539,0.3333333333333333,88746.66666666667,203.0,1
1699530542,0.0,562517.3333333334,208.0,1
1699530545,4.333333333333333,206165.33333333334,259.0,1
1699530548,4.0,4096.0,261.0,1
1699530551,4.0,64170.666666666664,260.0,1
1699530554,4.333333333333333,9557.333333333334,262.0,1
1699530557,1.6666666666666667,38229.333333333336,261.0,1
1699530560,0.6666666666666666,1365.3333333333333,257.0,1
1699530563,0.0,0.0,260.0,1
1699530566,0.0,53248.0,261.0,1
1699530569,0.3333333333333333,99669.33333333333,260.0,1
1699530572,0.3333333333333333,516096.0,260.0,1
1699530575,0.0,5461.333333333333,205.0,1
1699530578,0.6666666666666666,114688.0,203.0,1
1699530581,0.3333333333333333,223914.66666666666,207.0,1
1699530584,0.0,136533.3333333333,204.0,1
1699530587,4.666666666666667,62593706.666666664,236.0,1
1699530590,8.333333333333334,62630570.666666664,285.0,1
1699530593,8.0,62581418.666666664,285.0,1
1699530596,8.0,0.0,283.0,1
1699530599,8.0,249856.0,282.0,1
1699530602,8.0,494250.6666666666,285.0,1
1699530605,0.0,327680.0,286.0,1
1699530608,0.3333333333333333,2730.6666666666665,280.0,1
1699530611,0.0,4096.0,285.0,1
1699530614,0.0,0.0,286.0,1
1699530617,1.0,548864.0,278.0,1
1699530620,0.0,105130.66666666667,204.0,1
1699530623,0.0,0.0,204.0,1
1699530626,0.3333333333333333,226645.33333333334,205.0,1
1699530629,0.3333333333333333,0.0,203.0,1
1699530632,14.0,116690944.0,322.0,1
1699530635,15.0,116626773.33333333,340.0,1
1699530638,15.333333333333332,116626773.33333333,340.0,1
1699530641,15.0,116626773.33333333,338.0,1
1699530644,11.666666666666666,116749653.33333333,340.0,1
1699530647,0.3333333333333333,4096.0,341.0,1
1699530650,0.0,218453.33333333334,338.0,1
1699530653,0.0,1365.3333333333333,339.0,1
1699530656,0.9999999999999999,311296.0,338.0,1
1699530659,0.3333333333333333,1365.3333333333333,338.0,1
1699530662,0.0,62805.33333333333,209.0,1
1699530665,0.0,0.0,205.0,1
1699530668,0.0,5461.333333333333,209.0,1
1699530671,0.0,49152.0,201.0,1
1699530674,0.3333333333333333,4096.0,206.0,1
1699530677,23.666666666666664,6863530.666666667,343.0,1
1699530680,24.0,6716074.666666667,341.0,1
1699530683,23.666666666666664,6717440.0,344.0,1
1699530686,24.666666666666668,6720170.666666667,345.0,1
1699530689,23.333333333333332,6716074.666666667,342.0,1
1699530692,22.333333333333332,6718805.333333334,343.0,1
1699530695,1.0,561152.0,344.0,1
1699530698,0.0,1365.3333333333333,343.0,1
1699530701,0.3333333333333333,410965.3333333333,343.0,1
1699530704,80.33333333333333,0.0,342.0,1
1699530707,0.0,221184.0,204.0,1
1699530710,1.0,65535.99999999999,206.0,1
1699530713,0.0,4096.0,203.0,1
1699530716,0.0,83285.33333333333,201.0,1
1699530719,0.0,21845.333333333332,204.0,1
1699530722,32.0,247253674.6666667,339.0,1
1699530725,30.666666666666668,247286442.6666667,340.0,1
1699530728,31.0,247253674.6666667,339.0,1
1699530731,30.666666666666668,247361536.0,339.0,1
1699530734,31.0,999424.0,335.0,1
1699530737,0.6666666666666666,1365.3333333333333,338.0,1
1699530740,0.6666666666666666,91477.33333333333,337.0,1
1699530743,0.0,0.0,338.0,1
1699530746,114.0,47786.666666666664,338.0,1
1699530749,0.3333333333333333,319488.0,339.0,1
1699530752,0.0,776874.6666666666,211.0,1
1699530755,0.0,45056.0,206.0,1
1699530758,0.6666666666666666,0.0,203.0,1
1699530761,0.0,1365.3333333333333,204.0,1
1699530764,0.0,58709.33333333333,202.0,1
1699530767,30.666666666666664,247177216.0,339.0,1
1699530770,31.333333333333332,247171754.66666666,338.0,1
1699530773,31.0,247182677.3333333,339.0,1
1699530776,30.666666666666664,247171754.66666666,340.0,1
1699530779,8.666666666666666,1365.3333333333333,337.0,1
1699530782,0.3333333333333333,0.0,339.0,1
1699530785,0.0,102400.0,341.0,1
1699530788,0.0,0.0,341.0,1
1699530791,1.3333333333333333,248490.66666666666,340.0,1
1699530794,1.0,1444522.6666666667,341.0,1
1699530797,0.0,95573.33333333334,253.0,1
1699530800,0.0,109226.66666666666,206.0,1
1699530803,0.3333333333333333,34133.333333333336,204.0,1
1699530806,0.0,1365.3333333333333,204.0,1
1699530809,0.3333333333333333,546133.3333333334,203.0,1
1699530812,3.6666666666666665,31652522.666666668,275.0,1
1699530815,4.0,31652522.666666668,278.0,1
1699530818,4.333333333333333,240298.66666666666,278.0,1
1699530821,2.3333333333333335,2730.6666666666665,278.0,1
1699530824,0.0,0.0,279.0,1
1699530827,1.3333333333333333,2730.6666666666665,280.0,1
1699530830,0.3333333333333333,0.0,280.0,1
1699530833,0.0,0.0,280.0,1
1699530836,0.3333333333333333,514730.6666666667,279.0,1
1699530839,25.0,62805.333333333336,278.0,1
1699530842,0.3333333333333333,0.0,224.0,1
1699530845,0.0,30037.333333333336,207.0,1
1699530848,0.0,31402.666666666668,201.0,1
1699530851,0.0,222549.33333333334,209.0,1
1699530854,0.0,111957.33333333333,218.0,1
1699530857,7.666666666666667,2730.6666666666665,311.0,1
1699530860,8.666666666666668,804181.3333333333,308.0,1
1699530863,8.0,218453.33333333334,308.0,1
1699530866,8.0,191146.66666666666,307.0,1
1699530869,8.333333333333334,50517.333333333336,312.0,1
1699530872,1.3333333333333333,0.0,314.0,1
1699530875,0.3333333333333333,0.0,315.0,1
1699530878,0.6666666666666666,133802.6666666667,306.0,1
1699530881,0.3333333333333333,4096.0,310.0,1
1699530884,0.0,0.0,310.0,1
1699530887,0.0,92842.66666666667,208.0,1
1699530890,0.3333333333333333,776874.6666666667,204.0,1
1699530893,0.3333333333333333,226645.33333333334,202.0,1
1699530896,0.0,5461.333333333333,202.0,1
1699530899,0.0,1365.3333333333333,252.0,1
1699530902,14.666666666666666,1365.3333333333333,385.0,1
1699530905,15.333333333333334,45056.0,385.0,1
1699530908,15.666666666666666,382293.3333333333,390.0,1
1699530911,15.0,0.0,386.0,1
1699530914,12.333333333333334,0.0,389.0,1
1699530917,0.3333333333333333,303104.0,390.0,1
1699530920,0.0,0.0,390.0,1
1699530923,0.0,1365.3333333333333,391.0,1
1699530926,0.3333333333333333,0.0,395.0,1
1699530929,0.3333333333333333,395946.6666666667,391.0,1
1699530932,0.0,4096.0,208.0,1
1699530935,0.0,132437.33333333334,208.0,1
1699530938,0.0,4096.0,205.0,1
1699530941,0.3333333333333333,55978.66666666667,204.0,1
1699530944,0.6666666666666666,2730.6666666666665,234.0,1
1699530947,24.0,2730.6666666666665,383.0,1
1699530950,23.333333333333332,68266.66666666667,383.0,1
1699530953,24.666666666666664,0.0,384.0,1
1699530956,18.333333333333332,0.0,385.0,1
1699530959,1.0,356352.0,384.0,1
1699530962,0.0,4095.9999999999995,384.0,1
1699530965,0.0,10922.666666666666,383.0,1
1699530968,0.3333333333333333,0.0,387.0,1
1699530971,114.33333333333333,0.0,385.0,1
1699530974,0.6666666666666666,311296.0,386.0,1
1699530977,0.3333333333333333,45056.0,214.0,1
1699530980,0.6666666666666666,232106.66666666666,202.0,1
1699530983,0.0,0.0,204.0,1
1699530986,0.0,0.0,204.0,1
1699530989,0.3333333333333333,4096.0,207.0,1
1699530992,30.0,6900394.666666666,376.0,1
1699530995,30.0,7533909.333333333,375.0,1
1699530998,32.333333333333336,49152.0,382.0,1
1699531001,26.0,92842.66666666666,378.0,1
1699531004,0.0,15018.666666666666,378.0,1
1699531007,0.0,0.0,381.0,1
1699531010,0.0,4096.0,381.0,1
1699531013,1.3333333333333333,924330.6666666666,379.0,1
1699531016,156.66666666666666,2730.6666666666665,386.0,1
1699531019,0.0,1365.3333333333333,378.0,1
1699531022,0.0,1365.3333333333333,208.0,1
1699531025,0.0,323584.0,208.0,1
1699531028,0.3333333333333333,144725.3333333333,207.0,1
1699531031,0.6666666666666666,8192.0,204.0,1
1699531034,0.0,42325.333333333336,224.0,1
1699531037,30.333333333333332,0.0,378.0,1
1699531040,31.0,0.0,380.0,1
1699531043,29.666666666666664,267605.3333333334,380.0,1
1699531046,31.0,4095.9999999999995,379.0,1
1699531049,31.0,0.0,379.0,1
1699531052,11.666666666666666,107861.33333333333,383.0,1
1699531055,0.0,126976.0,383.0,1
1699531058,0.0,24576.0,374.0,1
1699531061,0.6666666666666666,439637.3333333333,385.0,1
1699531064,0.3333333333333333,15018.666666666666,383.0,1
1699531067,0.0,1365.3333333333333,211.0,1
1699531070,0.6666666666666666,471040.0,202.0,1
1699531073,0.0,51882.666666666664,205.0,1
1699531076,0.0,569344.0,207.0,1
1699531079,0.0,4096.0,208.0,1
1699531082,5.0,761856.0,259.0,1
1699531085,3.6666666666666665,23210.666666666668,259.0,1
1699531088,4.0,103765.33333333333,260.0,1
1699531091,2.3333333333333335,342698.6666666667,260.0,1
1699531094,0.0,0.0,259.0,1
1699531097,0.0,1365.3333333333333,259.0,1
1699531100,0.3333333333333333,2730.6666666666665,262.0,1
1699531103,0.6666666666666666,386389.3333333333,265.0,1
1699531106,20.666666666666668,0.0,259.0,1
1699531109,0.0,0.0,261.0,1
1699531112,0.6666666666666666,139264.0,215.0,1
1699531115,0.0,0.0,205.0,1
1699531118,0.3333333333333333,30037.333333333332,204.0,1
1699531121,0.0,139264.0,204.0,1
1699531124,0.0,0.0,228.0,1
1699531127,8.0,76458.66666666667,272.0,1
1699531130,8.0,330410.6666666667,271.0,1
1699531133,8.0,528384.0,276.0,1
1699531136,4.0,90112.0,271.0,1
1699531139,0.3333333333333333,8192.0,270.0,1
1699531142,0.3333333333333333,6826.666666666666,269.0,1
1699531145,0.0,0.0,275.0,1
1699531148,0.6666666666666666,271701.3333333333,268.0,1
1699531151,40.333333333333336,1365.3333333333333,275.0,1
1699531154,0.6666666666666666,36864.0,266.0,1
1699531157,0.0,10922.666666666668,206.0,1
1699531160,0.3333333333333333,50517.33333333333,203.0,1
1699531163,0.3333333333333333,65536.0,201.0,1
1699531166,0.0,346794.6666666667,203.0,1
1699531169,11.333333333333334,1272127487.9999998,252.0,1
1699531172,15.333333333333334,1272086528.0,313.0,1
1699531175,15.333333333333334,1272437418.6666665,314.0,1
1699531178,10.666666666666668,8192.0,315.0,1
1699531181,0.3333333333333333,253952.0,313.0,1
1699531184,0.0,0.0,313.0,1
1699531187,1.3333333333333333,182954.6666666667,309.0,1
1699531190,0.0,10922.666666666668,314.0,1
1699531193,0.0,0.0,313.0,1
1699531196,82.0,1365.3333333333333,308.0,1
1699531199,0.6666666666666666,200704.0,275.0,1
1699531202,0.0,0.0,203.0,1
1699531205,0.0,66901.33333333334,205.0,1
1699531208,0.0,23210.666666666668,203.0,1
1699531211,0.0,320853.3333333333,204.0,1
1699531214,16.666666666666668,2034664789.3333333,223.0,1
1699531217,23.666666666666668,2034723498.6666667,314.0,1
1699531220,24.333333333333332,69632.0,314.0,1
1699531223,23.666666666666668,42325.333333333336,315.0,1
1699531226,24.666666666666664,0.0,314.0,1
1699531229,6.333333333333333,588458.6666666666,315.0,1
1699531232,0.9999999999999999,2730.6666666666665,315.0,1
1699531235,0.0,1365.3333333333333,316.0,1
1699531238,0.3333333333333333,9557.333333333334,318.0,1
1699531241,0.0,15018.666666666666,311.0,1
1699531244,0.0,0.0,315.0,1
1699531247,0.6666666666666666,143360.0,206.0,1
1699531250,0.0,96938.66666666666,202.0,1
1699531253,0.0,106496.0,207.0,1
1699531256,0.3333333333333333,368640.0,201.0,1
1699531259,18.0,2688477866.6666665,299.0,1
1699531262,30.666666666666664,23823701.333333332,312.0,1
1699531265,31.0,23849642.666666664,309.0,1
1699531268,29.666666666666668,42325.333333333336,311.0,1
1699531271,29.333333333333332,0.0,313.0,1
1699531274,6.666666666666667,20480.0,311.0,1
1699531277,0.0,5461.333333333333,311.0,1
1699531280,1.6666666666666667,132437.3333333333,313.0,1
1699531283,0.3333333333333333,301738.6666666667,308.0,1
1699531286,0.3333333333333333,91477.33333333333,314.0,1
1699531289,0.0,45056.0,318.0,1
1699531292,0.9999999999999999,167936.0,202.0,1
1699531295,0.0,0.0,204.0,1
1699531298,0.0,379562.6666666667,205.0,1
1699531301,0.0,2730.6666666666665,203.0,1
1699531304,0.0,0.0,210.0,1
1699531307,31.0,864772096.0,311.0,1
1699531310,30.0,864728405.3333334,310.0,1
1699531313,31.0,864728405.3333334,313.0,1
1699531316,30.666666666666664,221184.0,311.0,1
1699531319,28.666666666666664,32768.0,312.0,1
1699531322,0.0,1365.3333333333333,314.0,1
1699531325,0.3333333333333333,6826.666666666666,311.0,1
1699531328,0.0,86016.0,311.0,1
1699531331,120.33333333333333,278528.0,311.0,1
1699531334,0.6666666666666666,45056.0,312.0,1
1699531337,0.6666666666666666,45056.0,221.0,1
1699531340,0.0,0.0,205.0,1
1699531343,0.0,0.0,203.0,1
1699531346,0.0,111957.33333333333,203.0,1
1699531349,0.0,154282.66666666666,212.0,1
1699531352,5.333333333333333,339771392.0,276.0,1
1699531355,4.0,339770026.6666666,272.0,1
1699531358,4.333333333333334,424618.6666666667,275.0,1
1699531361,4.0,1365.3333333333333,272.0,1
1699531364,4.0,17749.333333333332,274.0,1
1699531367,4.333333333333333,0.0,272.0,1
1699531370,1.0,140629.33333333334,268.0,1
1699531373,0.0,0.0,270.0,1
1699531376,0.3333333333333333,206165.33333333334,271.0,1
1699531379,0.0,180224.0,275.0,1
1699531382,0.3333333333333333,72362.66666666666,207.0,1
1699531385,0.0,0.0,203.0,1
1699531388,0.9999999999999999,30037.333333333332,205.0,1
1699531391,0.3333333333333333,117418.66666666666,203.0,1
1699531394,0.0,62805.333333333336,227.0,1
1699531397,8.333333333333334,10922.666666666666,285.0,1
1699531400,7.666666666666667,2730.6666666666665,288.0,1
1699531403,8.0,0.0,291.0,1
1699531406,8.0,6826.666666666666,286.0,1
1699531409,5.666666666666667,0.0,286.0,1
1699531412,0.3333333333333333,993962.6666666667,285.0,1
1699531415,0.3333333333333333,0.0,292.0,1
1699531418,0.0,0.0,291.0,1
1699531421,0.6666666666666666,1365.3333333333333,283.0,1
1699531424,0.0,0.0,286.0,1
1699531427,0.0,88746.66666666667,205.0,1
1699531430,0.3333333333333333,9557.333333333334,203.0,1
1699531433,0.3333333333333333,603477.3333333333,205.0,1
1699531436,0.0,68266.66666666667,205.0,1
1699531439,10.0,1272067413.3333333,285.0,1
1699531442,15.0,1272067413.3333333,339.0,1
1699531445,15.333333333333334,1272169813.3333333,343.0,1
1699531448,14.666666666666666,208896.0,346.0,1
1699531451,1.3333333333333333,90112.0,343.0,1
1699531454,0.3333333333333333,128341.33333333333,344.0,1
1699531457,0.0,9557.333333333334,347.0,1
1699531460,0.3333333333333333,15018.666666666666,345.0,1
1699531463,0.6666666666666666,394581.3333333333,347.0,1
1699531466,0.3333333333333333,0.0,345.0,1
1699531469,0.0,13653.333333333334,318.0,1
1699531472,0.3333333333333333,196608.0,208.0,1
1699531475,0.0,165205.33333333334,207.0,1
1699531478,0.3333333333333333,72362.66666666667,205.0,1
1699531481,0.3333333333333333,357717.3333333333,203.0,1
1699531484,14.0,2035051178.6666667,261.0,1
1699531487,24.0,2034756266.6666667,345.0,1
1699531490,24.333333333333332,2034748074.6666667,346.0,1
1699531493,23.333333333333332,2034739882.6666667,346.0,1
1699531496,25.666666666666664,2036039680.0,344.0,1
1699531499,23.333333333333332,2730.6666666666665,343.0,1
1699531502,17.666666666666664,0.0,343.0,1
1699531505,0.0,4096.0,345.0,1
1699531508,0.3333333333333333,40960.0,344.0,1
1699531511,0.0,0.0,345.0,1
1699531514,0.6666666666666666,226645.3333333333,343.0,1
1699531517,0.0,66901.33333333334,206.0,1
1699531520,0.3333333333333333,0.0,204.0,1
1699531523,0.0,256682.66666666666,205.0,1
1699531526,0.3333333333333333,143360.0,205.0,1
1699531529,0.0,354986.6666666666,229.0,1
1699531532,30.333333333333332,47786.666666666664,339.0,1
1699531535,31.0,4095.9999999999995,339.0,1
1699531538,26.0,348160.0,340.0,1
1699531541,0.3333333333333333,318122.6666666667,339.0,1
1699531544,0.0,2730.6666666666665,339.0,1
1699531547,0.0,0.0,339.0,1
1699531550,0.3333333333333333,51882.66666666667,342.0,1
1699531553,0.6666666666666666,309930.6666666667,340.0,1
1699531556,187.33333333333334,5461.333333333333,339.0,1
1699531559,0.6666666666666666,0.0,337.0,1
1699531562,0.0,0.0,205.0,1
1699531565,0.3333333333333333,10922.666666666666,204.0,1
1699531568,0.3333333333333333,2730.6666666666665,203.0,1
1699531571,0.0,99669.33333333333,203.0,1
1699531574,0.0,17749.333333333336,281.0,1
1699531577,29.0,17853098.666666664,344.0,1
1699531580,30.0,234837.33333333334,338.0,1
1699531583,30.666666666666668,0.0,339.0,1
1699531586,30.666666666666664,516095.99999999994,336.0,1
1699531589,30.0,6826.666666666667,341.0,1
1699531592,18.666666666666664,211626.66666666666,342.0,1
1699531595,0.6666666666666666,27306.666666666668,341.0,1
1699531598,0.0,70997.33333333333,341.0,1
1699531601,0.6666666666666666,45056.0,340.0,1
1699531604,0.0,62805.333333333336,341.0,1
1699531607,0.6666666666666666,0.0,206.0,1
1699531610,0.0,110592.0,206.0,1
1699531613,0.6666666666666666,1365.3333333333333,205.0,1
1699531616,0.0,0.0,205.0,1
1699531619,0.0,1365.3333333333333,221.0,1
1699531622,4.0,386389.3333333334,288.0,1
1699531625,4.0,43690.666666666664,286.0,1
1699531628,4.333333333333333,136533.33333333334,284.0,1
1699531631,4.0,47786.666666666664,283.0,1
1699531634,0.3333333333333333,767317.3333333333,287.0,1
1699531637,0.3333333333333333,4096.0,286.0,1
1699531640,0.6666666666666666,177493.33333333334,282.0,1
1699531643,0.0,114688.0,286.0,1
1699531646,18.333333333333332,282624.0,281.0,1
1699531649,0.0,0.0,282.0,1
1699531652,0.3333333333333333,83285.33333333334,206.0,1
1699531655,0.0,0.0,205.0,1
1699531658,0.0,0.0,204.0,1
1699531661,0.0,105130.66666666666,209.0,1
1699531664,6.333333333333334,678783658.6666666,293.0,1
1699531667,8.666666666666666,2730.6666666666665,306.0,1
1699531670,8.0,0.0,310.0,1
1699531673,7.666666666666667,12288.0,312.0,1
1699531676,8.0,0.0,308.0,1
1699531679,2.6666666666666665,28672.0,310.0,1
1699531682,0.9999999999999999,105130.66666666667,310.0,1
1699531685,0.0,10922.666666666666,310.0,1
1699531688,0.0,4096.0,309.0,1
1699531691,0.0,95573.33333333333,309.0,1
1699531694,0.0,0.0,308.0,1
1699531697,0.3333333333333333,13653.333333333334,207.0,1
1699531700,0.0,2730.6666666666665,205.0,1
1699531703,0.3333333333333333,47786.666666666664,203.0,1
1699531706,0.0,87381.33333333333,205.0,1
1699531709,14.0,1272400554.6666665,383.0,1
1699531712,15.666666666666668,1272130218.6666665,385.0,1
1699531715,14.666666666666666,1272034645.3333333,387.0,1
1699531718,12.333333333333334,1272034645.3333333,389.0,1
1699531721,0.3333333333333333,116053.33333333333,382.0,1
1699531724,0.3333333333333333,57344.0,391.0,1
1699531727,0.0,1365.3333333333333,389.0,1
1699531730,0.6666666666666666,178858.66666666666,386.0,1
1699531733,64.0,13653.333333333334,391.0,1
1699531736,0.3333333333333333,420522.6666666667,391.0,1
1699531739,0.0,425984.0,243.0,1
1699531742,0.0,277162.6666666666,209.0,1
1699531745,0.6666666666666666,45056.0,207.0,1
1699531748,0.0,0.0,205.0,1
1699531751,0.3333333333333333,65536.0,204.0,1
1699531754,20.333333333333332,2034672981.3333333,366.0,1
1699531757,24.333333333333332,2034756266.6666667,383.0,1
1699531760,24.666666666666664,2034861397.3333333,389.0,1
1699531763,23.666666666666664,2034663424.0,387.0,1
1699531766,24.333333333333332,2034675712.0,383.0,1
1699531769,5.0,50517.333333333336,385.0,1
1699531772,0.3333333333333333,0.0,388.0,1
1699531775,0.0,591189.3333333334,389.0,1
1699531778,0.3333333333333333,0.0,389.0,1
1699531781,0.3333333333333333,6826.666666666667,387.0,1
1699531784,0.3333333333333333,39594.666666666664,315.0,1
1699531787,0.9999999999999999,243029.3333333333,209.0,1
1699531790,0.6666666666666666,12288.0,205.0,1
1699531793,0.0,57344.0,205.0,1
1699531796,0.0,177493.33333333334,203.0,1
1699531799,24.0,2712418986.6666665,330.0,1
1699531802,29.666666666666668,2712418986.6666665,383.0,1
1699531805,31.333333333333336,2713642325.333333,382.0,1
1699531808,29.666666666666664,356352.0,381.0,1
1699531811,31.0,495616.0,378.0,1
1699531814,20.666666666666668,1365.3333333333333,382.0,1
1699531817,0.0,0.0,385.0,1
1699531820,1.3333333333333333,125610.66666666667,384.0,1
1699531823,0.6666666666666666,0.0,384.0,1
1699531826,0.3333333333333333,55978.666666666664,386.0,1
1699531829,0.0,221184.0,303.0,1
1699531832,0.0,47786.66666666667,210.0,1
1699531835,0.3333333333333333,0.0,205.0,1
1699531838,0.0,5461.333333333333,204.0,1
1699531841,0.3333333333333333,435541.3333333333,204.0,1
1699531844,22.666666666666664,2712492714.666667,303.0,1
1699531847,30.666666666666668,2712477696.0000005,381.0,1
1699531850,29.333333333333332,172032.0,377.0,1
1699531853,31.666666666666668,79189.33333333333,380.0,1
1699531856,30.0,292181.3333333333,378.0,1
1699531859,25.333333333333332,51882.666666666664,381.0,1
1699531862,1.0,129706.66666666667,382.0,1
1699531865,0.0,57344.0,386.0,1
1699531868,0.0,46421.333333333336,382.0,1
1699531871,0.0,2730.6666666666665,384.0,1
1699531874,0.0,5461.333333333333,341.0,1
1699531877,0.9999999999999999,1260202.6666666667,213.0,1
1699531880,0.0,0.0,209.0,1
1699531883,0.3333333333333333,39594.666666666664,205.0,1
1699531886,0.0,1365.3333333333333,207.0,1
1699531889,3.333333333333333,2183645866.6666665,232.0,1
1699531892,4.333333333333333,3544757589.333333,232.0,1
1699531895,4.333333333333333,3484846762.6666665,233.0,1
1699531898,3.6666666666666665,3336699904.0,235.0,1
1699531901,0.0,43690.666666666664,232.0,1
1699531904,1.0,1365.3333333333333,231.0,1
1699531907,0.0,50517.333333333336,234.0,1
1699531910,0.0,0.0,228.0,1
1699531913,0.6666666666666666,35498.666666666664,243.0,1
1699531916,24.0,19354208938.666668,244.0,1
1699531919,0.0,223914.6666666667,245.0,1
1699531922,0.3333333333333333,45056.0,243.0,1
1699531925,0.0,88746.66666666667,245.0,1
1699531928,0.0,92842.66666666666,232.0,1
1699531931,0.0,0.0,231.0,1
1699531934,0.0,15018.666666666666,206.0,1
1699531937,0.3333333333333333,275797.3333333333,203.0,1
1699531940,0.3333333333333333,15018.666666666666,206.0,1
1699531943,0.3333333333333333,865621.3333333334,204.0,1
1699531946,4.333333333333333,3472646144.0,218.0,1
1699531949,8.333333333333334,6918335146.666667,239.0,1
1699531952,8.0,6913885525.333334,243.0,1
1699531955,8.333333333333334,6260360533.333333,247.0,1
1699531958,8.333333333333334,6668987050.666667,257.0,1
1699531961,3.6666666666666665,3078619136.0,264.0,1
1699531964,0.3333333333333333,99669.33333333333,271.0,1
1699531967,0.0,2730.6666666666665,259.0,1
1699531970,0.0,86016.0,262.0,1
1699531973,0.0,12288.0,262.0,1
1699531976,0.6666666666666666,40960.0,266.0,1
1699531979,47.666666666666664,6859983530.666667,261.0,1
1699531982,0.0,0.0,267.0,1
1699531985,0.0,27306.666666666668,244.0,1
1699531988,0.6666666666666666,185685.33333333334,206.0,1
1699531991,0.0,38229.33333333333,204.0,1
1699531994,0.0,20480.0,204.0,1
1699531997,0.6666666666666666,211626.66666666666,202.0,1
1699532000,0.6666666666666666,260778.66666666666,213.0,1
1699532003,15.333333333333334,11909480448.0,254.0,1
1699532006,15.333333333333334,11825848320.0,267.0,1
1699532009,14.666666666666666,12781765973.333334,286.0,1
1699532012,10.333333333333334,1032709461.3333334,285.0,1
1699532015,0.0,445098.6666666667,291.0,1
1699532018,0.0,53248.0,297.0,1
1699532021,0.3333333333333333,12288.0,304.0,1
1699532024,55.333333333333336,0.0,305.0,1
1699532027,0.3333333333333333,0.0,304.0,1
1699532030,0.0,1365.3333333333333,304.0,1
1699532033,1.0,43690.666666666664,297.0,1
1699532036,0.3333333333333333,50517.333333333336,266.0,1
1699532039,0.0,572074.6666666667,206.0,1
1699532042,0.0,0.0,205.0,1
1699532045,0.6666666666666666,90112.0,205.0,1
1699532048,0.0,1365.3333333333333,201.0,1
1699532051,18.0,10918910634.666666,250.0,1
1699532054,24.333333333333332,16548873557.333334,298.0,1
1699532057,24.0,6977443157.333333,302.0,1
1699532060,24.666666666666668,6977447253.333333,307.0,1
1699532063,24.333333333333332,6977587882.666667,317.0,1
1699532066,21.333333333333332,6977444522.666667,317.0,1
1699532069,0.0,28672.0,318.0,1
1699532072,0.9999999999999999,408234.6666666667,316.0,1
1699532075,0.0,2730.6666666666665,315.0,1
1699532078,0.0,223914.66666666666,317.0,1
1699532081,105.66666666666666,28672.0,321.0,1
1699532084,1.0,221184.0,212.0,1
1699532087,0.0,12288.0,201.0,1
1699532090,0.0,0.0,204.0,1
1699532093,0.0,268970.6666666667,204.0,1
1699532096,0.3333333333333333,25941.333333333332,205.0,1
1699532099,31.0,16443853482.666666,254.0,1
1699532102,31.0,6531028309.333333,302.0,1
1699532105,31.666666666666664,6531360085.333334,315.0,1
1699532108,30.0,96938.66666666667,315.0,1
1699532111,31.0,189781.3333333333,317.0,1
1699532114,18.666666666666668,0.0,316.0,1
1699532117,0.0,2730.6666666666665,318.0,1
1699532120,0.0,16384.0,316.0,1
1699532123,0.3333333333333333,0.0,312.0,1
1699532126,0.9999999999999999,55978.666666666664,317.0,1
1699532129,0.0,0.0,334.0,1
1699532132,0.6666666666666666,2730.6666666666665,206.0,1
1699532135,0.0,419157.3333333333,204.0,1
1699532138,0.0,2730.6666666666665,205.0,1
1699532141,0.6666666666666666,532480.0,205.0,1
1699532144,2.6666666666666665,2854611626.6666665,233.0,1
1699532147,4.0,4627057322.666667,241.0,1
1699532150,4.0,4761956352.0,243.0,1
1699532153,3.6666666666666665,4693614592.0,245.0,1
1699532156,4.0,4716201301.333334,242.0,1
1699532159,4.666666666666666,3437191167.9999995,245.0,1
1699532162,1.6666666666666667,2068665685.3333333,243.0,1
1699532165,0.3333333333333333,94208.0,251.0,1
1699532168,0.3333333333333333,415061.3333333333,245.0,1
1699532171,0.3333333333333333,2730.6666666666665,251.0,1
1699532174,15.0,15391349418.666666,260.0,1
1699532177,0.6666666666666666,34133.333333333336,253.0,1
1699532180,0.0,46421.333333333336,258.0,1
1699532183,0.0,0.0,255.0,1
1699532186,0.0,0.0,249.0,1
1699532189,0.3333333333333333,218453.33333333334,253.0,1
1699532192,24.0,46421.333333333336,245.0,1
1699532195,0.0,1365.3333333333333,204.0,1
1699532198,0.3333333333333333,12288.0,205.0,1
1699532201,0.0,5461.333333333333,205.0,1
1699532204,0.0,0.0,204.0,1
1699532207,0.6666666666666666,707242.6666666667,204.0,1
1699532210,7.0,7832126805.333333,242.0,1
1699532213,8.0,9130906965.333334,260.0,1
1699532216,8.0,8208368981.333333,269.0,1
1699532219,8.666666666666668,8111516330.666666,285.0,1
1699532222,4.333333333333333,3937804288.0,277.0,1
1699532225,0.3333333333333333,0.0,279.0,1
1699532228,0.0,1365.3333333333333,286.0,1
1699532231,0.0,0.0,282.0,1
1699532234,0.3333333333333333,94208.0,287.0,1
1699532237,43.0,2951319552.0,287.0,1
1699532240,0.0,45056.00000000001,288.0,1
1699532243,0.6666666666666666,228010.6666666667,304.0,1
1699532246,0.0,43690.666666666664,281.0,1
1699532249,0.0,0.0,203.0,1
1699532252,0.0,2730.6666666666665,207.0,1
1699532255,0.0,118784.00000000001,204.0,1
1699532258,0.6666666666666666,150186.66666666666,201.0,1
1699532261,0.0,0.0,204.0,1
1699532264,15.0,13264797696.0,289.0,1
1699532267,15.0,13877493760.0,288.0,1
1699532270,15.666666666666666,13613327701.333332,328.0,1
1699532273,15.333333333333334,13612691456.0,326.0,1
1699532276,14.666666666666666,4096.0,334.0,1
1699532279,9.0,0.0,340.0,1
1699532282,0.3333333333333333,193877.33333333334,344.0,1
1699532285,0.0,210261.3333333333,345.0,1
1699532288,51.66666666666667,0.0,345.0,1
1699532291,0.0,2730.6666666666665,344.0,1
1699532294,0.0,15018.666666666666,307.0,1
1699532297,0.9999999999999999,102400.0,215.0,1
1699532300,0.3333333333333333,40960.0,206.0,1
1699532303,0.0,0.0,204.0,1
1699532306,0.0,2730.6666666666665,201.0,1
1699532309,0.0,10922.666666666666,207.0,1
1699532312,24.666666666666664,18660574549.333332,299.0,1
1699532315,24.0,14033528149.333334,340.0,1
1699532318,24.0,36917248.0,339.0,1
1699532321,18.666666666666668,36918613.333333336,348.0,1
1699532324,0.6666666666666666,99669.33333333334,352.0,1
1699532327,0.0,141994.6666666667,355.0,1
1699532330,0.0,1365.3333333333333,352.0,1
1699532333,0.6666666666666666,1365.3333333333333,352.0,1
1699532336,111.0,8192.0,352.0,1
1699532339,0.3333333333333333,40960.0,352.0,1
1699532342,0.0,481962.6666666666,325.0,1
1699532345,0.6666666666666666,50517.333333333336,202.0,1
1699532348,0.0,49152.0,205.0,1
1699532351,0.3333333333333333,169301.3333333333,204.0,1
1699532354,0.3333333333333333,4096.0,204.0,1
1699532357,0.0,232106.6666666667,206.0,1
1699532360,32.66666666666667,21214233941.333332,309.0,1
1699532363,31.0,1760529066.6666667,345.0,1
1699532366,30.0,0.0,353.0,1
1699532369,31.0,5461.333333333333,353.0,1
1699532372,30.666666666666668,51882.666666666664,351.0,1
1699532375,11.666666666666668,819200.0000000001,350.0,1
1699532378,1.0,165205.3333333333,351.0,1
1699532381,0.0,0.0,351.0,1
1699532384,0.3333333333333333,0.0,351.0,1
1699532387,117.66666666666666,139264.0,353.0,1
1699532390,0.3333333333333333,43690.66666666667,321.0,1
1699532393,0.6666666666666666,2730.6666666666665,207.0,1
1699532396,0.0,0.0,204.0,1
1699532399,0.3333333333333333,780970.6666666667,202.0,1
1699532402,0.0,221184.0,206.0,1
1699532405,2.6666666666666665,3731582976.0,250.0,1
1699532408,4.333333333333333,5754388480.0,264.0,1
1699532411,4.0,5868176725.333334,268.0,1
1699532414,4.0,5911740416.0,266.0,1
1699532417,4.333333333333333,4268228608.0,271.0,1
1699532420,4.0,5149427029.333333,269.0,1
1699532423,0.6666666666666666,806014976.0,269.0,1
1699532426,0.9999999999999999,962560.0,270.0,1
1699532429,0.0,196607.99999999997,278.0,1
1699532432,0.0,0.0,281.0,1
1699532435,0.0,0.0,272.0,1
1699532438,0.3333333333333333,42325.333333333336,275.0,1
1699532441,25.666666666666668,11548426240.0,272.0,1
1699532444,0.3333333333333333,241664.0,270.0,1
1699532447,0.0,4096.0,217.0,1
1699532450,0.0,35498.666666666664,205.0,1
1699532453,0.3333333333333333,245760.0,205.0,1
1699532456,0.3333333333333333,75093.33333333334,203.0,1
1699532459,0.0,8192.0,207.0,1
1699532462,7.666666666666667,10182944085.333332,245.0,1
1699532465,8.333333333333334,10936695466.666666,297.0,1
1699532468,8.333333333333334,7948234752.0,306.0,1
1699532471,7.666666666666667,8112903509.333334,308.0,1
1699532474,5.0,2992022869.3333335,304.0,1
1699532477,0.3333333333333333,1365.3333333333333,307.0,1
1699532480,0.3333333333333333,39594.666666666664,309.0,1
1699532483,0.0,8192.0,315.0,1
1699532486,0.0,0.0,312.0,1
1699532489,37.0,218453.3333333333,314.0,1
1699532492,0.0,0.0,315.0,1
1699532495,0.0,4096.0,312.0,1
1699532498,0.0,35498.666666666664,214.0,1
1699532501,0.0,320853.3333333334,209.0,1
1699532504,0.3333333333333333,34133.333333333336,205.0,1
1699532507,0.0,0.0,203.0,1
1699532510,0.3333333333333333,776874.6666666667,204.0,1
1699532513,13.333333333333334,15680950272.0,329.0,1
1699532516,15.0,16445206528.0,374.0,1
1699532519,15.0,10919368021.333334,379.0,1
1699532522,15.333333333333334,10919744853.333334,383.0,1
1699532525,2.333333333333333,38229.333333333336,390.0,1
1699532528,0.0,0.0,397.0,1
1699532531,0.0,51882.666666666664,397.0,1
1699532534,51.333333333333336,0.0,399.0,1
1699532537,0.3333333333333333,87381.33333333333,395.0,1
1699532540,0.0,80554.66666666667,394.0,1
1699532543,0.0,51882.666666666664,395.0,1
1699532546,0.0,121514.66666666667,298.0,1
1699532549,0.0,393216.0,210.0,1
1699532552,0.3333333333333333,40960.0,208.0,1
1699532555,0.3333333333333333,587093.3333333334,205.0,1
1699532558,0.3333333333333333,0.0,204.0,1
1699532561,0.3333333333333333,42325.333333333336,268.0,1
1699532564,24.0,20181635072.0,378.0,1
1699532567,24.333333333333332,4934909952.0,393.0,1
1699532570,25.0,4934793898.666666,396.0,1
1699532573,23.666666666666668,4934792533.333333,397.0,1
1699532576,23.666666666666668,4934793898.666666,398.0,1
1699532579,3.0,490154.6666666667,400.0,1
1699532582,0.0,9557.333333333332,400.0,1
1699532585,0.0,4096.0,400.0,1
1699532588,92.33333333333334,0.0,402.0,1
1699532591,0.0,4096.0,400.0,1
1699532594,0.3333333333333333,86016.0,234.0,1
1699532597,0.0,43690.666666666664,212.0,1
1699532600,0.0,0.0,209.0,1
1699532603,0.3333333333333333,992597.3333333334,205.0,1
1699532606,0.6666666666666666,243029.33333333334,204.0,1
1699532609,23.333333333333332,17315665237.333332,294.0,1
1699532612,29.666666666666668,5659607040.0,391.0,1
1699532615,31.333333333333332,5659608405.333333,397.0,1
1699532618,30.333333333333336,86016.0,397.0,1
1699532621,30.333333333333332,0.0,396.0,1
1699532624,23.0,40960.0,397.0,1
1699532627,1.0,543402.6666666666,399.0,1
1699532630,0.3333333333333333,45056.0,399.0,1
1699532633,0.0,47786.666666666664,396.0,1
1699532636,0.0,4096.0,401.0,1
1699532639,0.0,0.0,384.0,1
1699532642,0.3333333333333333,38229.333333333336,209.0,1
1699532645,0.0,0.0,208.0,1
1699532648,0.0,238933.3333333333,205.0,1
1699532651,0.3333333333333333,163840.0,206.0,1
1699532654,0.3333333333333333,136533.3333333333,212.0,1
1699532657,0.3333333333333333,86016.0,229.0,1
1699532660,0.0,4096.0,221.0,1
1699532663,0.3333333333333333,95573.33333333334,219.0,1
1699532666,0.3333333333333333,129706.66666666667,220.0,1
1699532669,0.6666666666666666,226645.33333333334,220.0,1
1699532672,0.0,30037.333333333332,222.0,1
1699532675,0.6666666666666666,95573.33333333333,225.0,1
1699532678,0.0,131072.0,219.0,1
1699532681,0.0,385024.0,221.0,1
1699532684,0.0,0.0,220.0,1
1699532687,0.0,1365.3333333333333,205.0,1
1699532690,0.6666666666666666,0.0,204.0,1
1699532693,0.0,0.0,205.0,1
1699532696,0.0,125610.66666666666,204.0,1
1699532699,0.3333333333333333,1765376.0,216.0,1
1699532702,0.3333333333333333,2452138.6666666665,225.0,1
1699532705,0.3333333333333333,172032.0,220.0,1
1699532708,0.0,120149.33333333333,220.0,1
1699532711,0.3333333333333333,251221.33333333334,223.0,1
1699532714,0.0,1365.3333333333333,220.0,1
1699532717,0.3333333333333333,1204224.0,218.0,1
1699532720,0.3333333333333333,38229.333333333336,220.0,1
1699532723,0.0,0.0,219.0,1
1699532726,0.0,293546.6666666666,218.0,1
1699532729,0.0,8192.0,212.0,1
1699532732,0.6666666666666666,6826.666666666667,208.0,1
1699532735,0.0,0.0,203.0,1
1699532738,0.0,77824.0,203.0,1
1699532741,0.0,87381.33333333333,204.0,1
1699532744,0.6666666666666666,2043904.0,221.0,1
1699532747,0.6666666666666666,70997.33333333334,219.0,1
1699532750,0.0,42325.333333333336,226.0,1
1699532753,0.3333333333333333,51882.666666666664,221.0,1
1699532756,0.3333333333333333,389119.99999999994,220.0,1
1699532759,0.6666666666666666,333141.3333333333,218.0,1
1699532762,0.0,0.0,220.0,1
1699532765,0.3333333333333333,0.0,218.0,1
1699532768,0.0,46421.333333333336,221.0,1
1699532771,0.0,2730.6666666666665,220.0,1
1699532774,0.3333333333333333,169301.3333333333,204.0,1
1699532777,0.0,1365.3333333333333,206.0,1
1699532780,0.0,132437.33333333334,204.0,1
1699532783,0.6666666666666666,271701.3333333333,203.0,1
1699532786,0.0,1365.3333333333333,206.0,1
1699532789,0.0,45056.0,218.0,1
1699532792,0.3333333333333333,32768.0,220.0,1
1699532795,0.0,132437.3333333333,222.0,1
1699532798,0.3333333333333333,144725.33333333334,224.0,1
1699532801,0.9999999999999999,333141.3333333334,218.0,1
1699532804,0.0,1365.3333333333333,219.0,1
1699532807,0.0,23210.666666666664,220.0,1
1699532810,0.0,0.0,219.0,1
1699532813,0.0,75093.33333333333,219.0,1
1699532816,0.0,1365.3333333333333,221.0,1
1699532819,0.3333333333333333,0.0,204.0,1
1699532822,0.0,533845.3333333334,204.0,1
1699532825,0.3333333333333333,193877.33333333334,203.0,1
1699532828,0.0,6826.666666666667,205.0,1
1699532831,0.0,43690.666666666664,227.0,1
1699532834,0.3333333333333333,1365.3333333333333,220.0,1
1699532837,0.6666666666666666,13653.333333333334,218.0,1
1699532840,0.6666666666666666,72362.66666666667,221.0,1
1699532843,0.3333333333333333,513365.3333333333,219.0,1
1699532846,0.0,45056.0,220.0,1
1699532849,0.3333333333333333,188416.0,219.0,1
1699532852,0.0,0.0,221.0,1
1699532855,0.3333333333333333,285354.6666666666,219.0,1
1699532858,0.0,117418.66666666666,216.0,1
1699532861,0.0,49152.0,217.0,1
1699532864,0.0,301738.6666666667,205.0,1
1699532867,0.0,50517.333333333336,203.0,1
1699532870,0.3333333333333333,2730.6666666666665,204.0,1
1699532873,0.0,0.0,203.0,1
1699532876,1.3333333333333333,1639765.3333333333,232.0,1
1699532879,0.0,1859584.0,219.0,1
1699532882,0.3333333333333333,1776298.6666666667,219.0,1
1699532885,0.6666666666666666,294912.0,220.0,1
1699532888,0.3333333333333333,192512.0,221.0,1
1699532891,0.0,125610.66666666666,219.0,1
1699532894,0.3333333333333333,15018.666666666668,220.0,1
1699532897,0.3333333333333333,178858.6666666667,222.0,1
1699532900,0.0,43690.666666666664,227.0,1
1699532903,0.0,0.0,219.0,1
1699532906,0.0,38229.333333333336,211.0,1
1699532909,0.3333333333333333,70997.33333333333,204.0,1
1699532912,0.3333333333333333,86016.0,201.0,1
1699532915,0.3333333333333333,461482.6666666667,204.0,1
1699532918,0.0,8192.0,206.0,1
1699532921,0.3333333333333333,1676629.3333333333,221.0,1
1699532924,0.0,2038442.6666666667,221.0,1
1699532927,0.6666666666666666,212992.0,220.0,1
1699532930,0.0,86016.0,218.0,1
1699532933,0.3333333333333333,9557.333333333334,222.0,1
1699532936,0.0,10922.666666666666,219.0,1
1699532939,0.3333333333333333,0.0,225.0,1
1699532942,0.0,88746.66666666667,219.0,1
1699532945,0.3333333333333333,170666.66666666666,220.0,1
1699532948,0.0,8192.0,219.0,1
1699532951,0.3333333333333333,465578.6666666667,203.0,1
1699532954,0.0,4096.0,204.0,1
1699532957,0.0,1365.3333333333333,204.0,1
1699532960,0.3333333333333333,12288.0,203.0,1
1699532963,0.3333333333333333,292181.3333333333,210.0,1
1699532966,0.0,13653.333333333334,219.0,1
1699532969,0.3333333333333333,13653.333333333334,224.0,1
1699532972,0.3333333333333333,1365.3333333333333,217.0,1
1699532975,0.0,0.0,220.0,1
1699532978,0.0,0.0,219.0,1
1699532981,0.6666666666666666,12288.0,222.0,1
1699532984,0.3333333333333333,90112.0,220.0,1
1699532987,0.0,0.0,224.0,1
1699532990,0.0,0.0,220.0,1
1699532993,0.3333333333333333,408234.6666666667,222.0,1
1699532996,0.0,0.0,206.0,1
1699532999,0.0,648533.3333333334,203.0,1
1699533002,0.0,46421.33333333333,204.0,1
1699533005,0.6666666666666666,319488.0,205.0,1
1699533008,0.3333333333333333,1660245.3333333333,221.0,1
1699533011,0.3333333333333333,1766741.3333333333,215.0,1
1699533014,0.0,177493.33333333334,223.0,1
1699533017,0.3333333333333333,132437.33333333334,219.0,1
1699533020,0.3333333333333333,406869.3333333334,224.0,1
1699533023,0.3333333333333333,6826.666666666666,220.0,1
1699533026,0.0,0.0,221.0,1
1699533029,0.6666666666666666,135168.0,217.0,1
1699533032,0.0,64170.666666666664,222.0,1
1699533035,0.0,106496.0,223.0,1
1699533038,0.0,251221.33333333334,214.0,1
1699533041,0.6666666666666666,9557.333333333334,203.0,1
1699533044,0.0,2730.6666666666665,204.0,1
1699533047,0.0,573440.0,202.0,1
1699533050,0.0,5461.333333333333,205.0,1
1699533053,0.6666666666666666,1998848.0,230.0,1
1699533056,0.0,1848661.3333333335,222.0,1
1699533059,0.6666666666666666,187050.66666666666,224.0,1
1699533062,0.3333333333333333,92842.66666666667,219.0,1
1699533065,0.6666666666666666,40960.0,220.0,1
1699533068,0.0,157013.33333333334,217.0,1
1699533071,0.3333333333333333,40960.0,220.0,1
1699533074,0.3333333333333333,88746.66666666667,219.0,1
1699533077,0.0,141994.66666666666,221.0,1
1699533080,0.0,5461.333333333333,220.0,1
1699533083,0.9999999999999999,413696.0,211.0,1
1699533086,0.0,1365.3333333333333,202.0,1
1699533089,0.0,146090.66666666666,203.0,1
1699533092,0.0,243029.3333333333,204.0,1
1699533095,0.0,0.0,206.0,1
1699533098,0.0,8192.0,221.0,1
1699533101,0.3333333333333333,19114.666666666668,220.0,1
1699533104,0.3333333333333333,537941.3333333334,219.0,1
1699533107,0.0,10922.666666666668,218.0,1
1699533110,0.3333333333333333,49152.0,223.0,1
1699533113,0.0,45056.0,221.0,1
1699533116,0.3333333333333333,91477.33333333333,221.0,1
1699533119,0.0,0.0,225.0,1
1699533122,0.6666666666666666,157013.33333333334,220.0,1
1699533125,0.0,0.0,216.0,1
1699533128,0.0,1365.3333333333333,201.0,1
1699533131,0.6666666666666666,237568.0,204.0,1
1699533134,0.0,0.0,206.0,1
1699533137,0.3333333333333333,466944.0,204.0,1
1699533140,0.3333333333333333,5461.333333333333,219.0,1
1699533143,0.3333333333333333,1365.3333333333333,220.0,1
1699533146,0.0,0.0,219.0,1
1699533149,0.3333333333333333,92842.66666666667,220.0,1
1699533152,0.0,114688.0,218.0,1
1699533155,0.3333333333333333,10922.666666666666,218.0,1
1699533158,0.0,90112.0,219.0,1
1699533161,0.0,268970.6666666667,218.0,1
1699533164,0.3333333333333333,46421.333333333336,221.0,1
1699533167,0.3333333333333333,475136.0,223.0,1
1699533170,0.3333333333333333,58709.333333333336,211.0,1
1699533173,0.0,251221.33333333334,208.0,1
1699533176,0.0,2730.6666666666665,201.0,1
1699533179,0.0,1365.3333333333333,205.0,1
1699533182,0.6666666666666666,126976.0,202.0,1
1699533185,0.3333333333333333,1600170.6666666665,221.0,1
1699533188,0.0,1703936.0,223.0,1
1699533191,0.0,1591978.6666666665,222.0,1
1699533194,0.0,47786.66666666667,221.0,1
1699533197,0.3333333333333333,1365.3333333333333,225.0,1
1699533200,0.3333333333333333,490154.6666666667,223.0,1
1699533203,0.0,24576.0,217.0,1
1699533206,0.0,0.0,230.0,1
1699533209,0.6666666666666666,2730.6666666666665,221.0,1
1699533212,0.6666666666666666,30037.333333333332,220.0,1
1699533215,0.0,260778.66666666666,201.0,1
1699533218,0.3333333333333333,0.0,206.0,1
1699533221,0.0,92842.66666666667,203.0,1
1699533224,0.6666666666666666,137898.66666666666,203.0,1
1699533227,0.3333333333333333,46421.333333333336,203.0,1
1699533230,0.3333333333333333,1598805.3333333333,221.0,1
1699533233,0.0,1598805.3333333333,218.0,1
1699533236,0.0,1768106.6666666667,223.0,1
1699533239,0.3333333333333333,98304.0,223.0,1
1699533242,0.0,64170.66666666667,226.0,1
1699533245,0.0,6826.666666666666,225.0,1
1699533248,0.0,1365.3333333333333,219.0,1
1699533251,0.3333333333333333,420522.6666666666,220.0,1
1699533254,0.3333333333333333,215722.66666666666,217.0,1
1699533257,0.3333333333333333,24576.0,220.0,1
1699533260,0.0,0.0,201.0,1
1699533263,0.3333333333333333,105130.66666666667,201.0,1
1699533266,0.6666666666666666,529749.3333333334,203.0,1
1699533269,0.0,223914.66666666666,203.0,1
1699533272,0.0,0.0,218.0,1
1699533275,0.3333333333333333,0.0,222.0,1
1699533278,0.0,38229.333333333336,215.0,1
1699533281,0.3333333333333333,92842.66666666666,225.0,1
1699533284,0.0,5461.333333333333,219.0,1
1699533287,0.6666666666666666,150186.66666666666,221.0,1
1699533290,0.3333333333333333,2730.6666666666665,220.0,1
1699533293,0.0,2730.6666666666665,221.0,1
1699533296,0.0,43690.666666666664,220.0,1
1699533299,0.3333333333333333,264874.6666666666,222.0,1
1699533302,0.3333333333333333,0.0,217.0,1
1699533305,0.3333333333333333,95573.33333333334,207.0,1
1699533308,0.0,151552.0,205.0,1
1699533311,0.6666666666666666,0.0,203.0,1
1699533314,0.0,141994.6666666667,203.0,1
1699533317,0.6666666666666666,1668437.3333333333,235.0,1
1699533320,0.0,24576.0,219.0,1
1699533323,0.0,25941.333333333332,217.0,1
1699533326,0.0,2730.6666666666665,220.0,1
1699533329,0.9999999999999999,278528.0,216.0,1
1699533332,0.0,585728.0,219.0,1
1699533335,0.3333333333333333,4096.0,219.0,1
1699533338,0.0,218453.33333333334,217.0,1
1699533341,1.0,72362.66666666667,220.0,1
1699533344,0.0,2730.6666666666665,219.0,1
1699533347,0.0,9557.333333333334,210.0,1
1699533350,0.3333333333333333,102400.0,204.0,1
1699533353,0.6666666666666666,39594.666666666664,205.0,1
1699533356,0.0,0.0,204.0,1
1699533359,0.3333333333333333,0.0,204.0,1
1699533362,1.0,1747626.6666666667,222.0,1
1699533365,0.0,1675264.0,224.0,1
1699533368,0.0,129706.66666666667,223.0,1
1699533371,0.0,129706.66666666667,222.0,1
1699533374,0.0,4095.9999999999995,220.0,1
1699533377,0.3333333333333333,200704.0,217.0,1
1699533380,0.6666666666666666,83285.33333333333,230.0,1
1699533383,0.0,0.0,217.0,1
1699533386,0.3333333333333333,222549.33333333334,223.0,1
1699533389,0.3333333333333333,50517.333333333336,222.0,1
1699533392,0.0,84650.66666666667,204.0,1
1699533395,0.6666666666666666,405504.0,203.0,1
1699533398,0.0,0.0,202.0,1
1699533401,0.0,0.0,203.0,1
1699533404,0.3333333333333333,169301.33333333334,210.0,1
1699533407,0.0,6826.666666666667,218.0,1
1699533410,0.3333333333333333,230741.33333333334,219.0,1
1699533413,0.0,43690.666666666664,226.0,1
1699533416,0.0,383658.6666666666,220.0,1
1699533419,0.0,233472.0,220.0,1
1699533422,0.0,2730.6666666666665,215.0,1
1699533425,0.6666666666666666,1365.3333333333333,221.0,1
1699533428,0.6666666666666666,143360.0,220.0,1
1699533431,0.0,4096.0,219.0,1
