{"package": {"All_Weights": {"Bias_Weight": 104.35093967768401, "Categorical_Variables": {}, "Numerical_Variables": {"cache_miss": {"scale": 1726446003.6666665, "mean": 0, "variance": 0, "weight": 42.207497399620635}, "cpu_cycles": {"scale": 149306295734.0, "mean": 0, "variance": 0, "weight": 240.500234044772}, "cpu_instructions": {"scale": 214099185926.3333, "mean": 0, "variance": 0, "weight": 87.42166044776425}}}}, "core": {"All_Weights": {"Bias_Weight": 0.0, "Categorical_Variables": {}, "Numerical_Variables": {"cache_miss": {"scale": 1726446003.6666665, "mean": 0, "variance": 0, "weight": 0.0}, "cpu_cycles": {"scale": 149306295734.0, "mean": 0, "variance": 0, "weight": 0.0}, "cpu_instructions": {"scale": 214099185926.3333, "mean": 0, "variance": 0, "weight": 0.0}}}}, "uncore": {"All_Weights": {"Bias_Weight": 0.0, "Categorical_Variables": {}, "Numerical_Variables": {"cache_miss": {"scale": 1726446003.6666665, "mean": 0, "variance": 0, "weight": 0.0}, "cpu_cycles": {"scale": 149306295734.0, "mean": 0, "variance": 0, "weight": 0.0}, "cpu_instructions": {"scale": 214099185926.3333, "mean": 0, "variance": 0, "weight": 0.0}}}}, "dram": {"All_Weights": {"Bias_Weight": 49.94297040524823, "Categorical_Variables": {}, "Numerical_Variables": {"cache_miss": {"scale": 1726446003.6666665, "mean": 0, "variance": 0, "weight": 56.43643939986817}, "cpu_cycles": {"scale": 149306295734.0, "mean": 0, "variance": 0, "weight": 4.649465822636301}, "cpu_instructions": {"scale": 214099185926.3333, "mean": 0, "variance": 0, "weight": 0.0}}}}}