{"model_name": "SGDRegressorTrainer_1", "model_class": "scikit", "model_file": "SGDRegressorTrainer_1.json", "features": ["cgroupfs_cpu_usage_us", "cgroupfs_memory_usage_bytes", "cgroupfs_system_cpu_usage_us", "cgroupfs_user_cpu_usage_us"], "fe_files": [], "output_type": "AbsPower", "mae": 33.19581257944836, "mape": 10.825275895620878, "package_mae": 33.19581257944836, "core_mae": 0.0, "uncore_mae": 0.0, "dram_mae": 6.10944361380319, "package_mape": 39.9717986405965, "core_mape": 0, "uncore_mape": 0, "dram_mape": 10.825275895620878}