{"package": {"All_Weights": {"Bias_Weight": 98.34640702506093, "Categorical_Variables": {}, "Numerical_Variables": {"cgroupfs_cpu_usage_us": {"scale": 18441512.999999996, "weight": 1.0073210595490392}, "cgroupfs_memory_usage_bytes": {"scale": 5829973.333333334, "weight": -16.732997855453004}, "cgroupfs_system_cpu_usage_us": {"scale": 4407750.666666666, "weight": -0.06826952120279847}, "cgroupfs_user_cpu_usage_us": {"scale": 14033762.333333334, "weight": 1.345138861991321}}}}, "core": {"All_Weights": {"Bias_Weight": 0.0, "Categorical_Variables": {}, "Numerical_Variables": {"cgroupfs_cpu_usage_us": {"scale": 18441512.999999996, "weight": 0.0}, "cgroupfs_memory_usage_bytes": {"scale": 5829973.333333334, "weight": 0.0}, "cgroupfs_system_cpu_usage_us": {"scale": 4407750.666666666, "weight": 0.0}, "cgroupfs_user_cpu_usage_us": {"scale": 14033762.333333334, "weight": 0.0}}}}, "uncore": {"All_Weights": {"Bias_Weight": 0.0, "Categorical_Variables": {}, "Numerical_Variables": {"cgroupfs_cpu_usage_us": {"scale": 18441512.999999996, "weight": 0.0}, "cgroupfs_memory_usage_bytes": {"scale": 5829973.333333334, "weight": 0.0}, "cgroupfs_system_cpu_usage_us": {"scale": 4407750.666666666, "weight": 0.0}, "cgroupfs_user_cpu_usage_us": {"scale": 14033762.333333334, "weight": 0.0}}}}, "dram": {"All_Weights": {"Bias_Weight": 53.03805811894817, "Categorical_Variables": {}, "Numerical_Variables": {"cgroupfs_cpu_usage_us": {"scale": 18441512.999999996, "weight": 0.2287586860594746}, "cgroupfs_memory_usage_bytes": {"scale": 5829973.333333334, "weight": 0.10854827988310138}, "cgroupfs_system_cpu_usage_us": {"scale": 4407750.666666666, "weight": 0.21784076628858254}, "cgroupfs_user_cpu_usage_us": {"scale": 14033762.333333334, "weight": 0.23218681436064417}}}}}