{"package": {"All_Weights": {"Bias_Weight": 374.0610327855081, "Categorical_Variables": {}, "Numerical_Variables": {"bpf_block_irq": {"mean": 136436.61182205973, "variance": 2808929937544.969, "weight": -12.965013165412712}, "bpf_cpu_time_us": {"mean": 18046.36197440585, "variance": 50441797209.98231, "weight": 6.429144854219427}, "bpf_net_rx_irq": {"mean": 1.5600243753808654, "variance": 5322.449525248239, "weight": 81.02695951186814}, "bpf_net_tx_irq": {"mean": 0.0, "variance": 0.0, "weight": 0.0}}}}, "core": {"All_Weights": {"Bias_Weight": 0.0, "Categorical_Variables": {}, "Numerical_Variables": {"bpf_block_irq": {"mean": 136436.61182205973, "variance": 2808929937544.969, "weight": 0.0}, "bpf_cpu_time_us": {"mean": 18046.36197440585, "variance": 50441797209.98231, "weight": 0.0}, "bpf_net_rx_irq": {"mean": 1.5600243753808654, "variance": 5322.449525248239, "weight": 0.0}, "bpf_net_tx_irq": {"mean": 0.0, "variance": 0.0, "weight": 0.0}}}}, "uncore": {"All_Weights": {"Bias_Weight": 0.0, "Categorical_Variables": {}, "Numerical_Variables": {"bpf_block_irq": {"mean": 136436.61182205973, "variance": 2808929937544.969, "weight": 0.0}, "bpf_cpu_time_us": {"mean": 18046.36197440585, "variance": 50441797209.98231, "weight": 0.0}, "bpf_net_rx_irq": {"mean": 1.5600243753808654, "variance": 5322.449525248239, "weight": 0.0}, "bpf_net_tx_irq": {"mean": 0.0, "variance": 0.0, "weight": 0.0}}}}, "dram": {"All_Weights": {"Bias_Weight": 139.58750090605525, "Categorical_Variables": {}, "Numerical_Variables": {"bpf_block_irq": {"mean": 136436.61182205973, "variance": 2808929937544.969, "weight": -2.8788939225523724}, "bpf_cpu_time_us": {"mean": 18046.36197440585, "variance": 50441797209.98231, "weight": 3.0400895321006587}, "bpf_net_rx_irq": {"mean": 1.5600243753808654, "variance": 5322.449525248239, "weight": 38.24812372496666}, "bpf_net_tx_irq": {"mean": 0.0, "variance": 0.0, "weight": 0.0}}}}}