{"package": {"All_Weights": {"Bias_Weight": 625961771.4806206, "Categorical_Variables": {}, "Numerical_Variables": {"bpf_block_irq": {"mean": 136436.61182205973, "variance": 2808929937544.969, "weight": -232474203.1334049}, "bpf_cpu_time_us": {"mean": 18046.36197440585, "variance": 50441797209.98231, "weight": 9829983304.288328}, "bpf_net_rx_irq": {"mean": 1.5600243753808654, "variance": 5322.449525248239, "weight": -466067764584.2139}, "bpf_net_tx_irq": {"mean": 0.0, "variance": 0.0, "weight": 0.0}}}}, "core": {"All_Weights": {"Bias_Weight": 0.0, "Categorical_Variables": {}, "Numerical_Variables": {"bpf_block_irq": {"mean": 136436.61182205973, "variance": 2808929937544.969, "weight": 0.0}, "bpf_cpu_time_us": {"mean": 18046.36197440585, "variance": 50441797209.98231, "weight": 0.0}, "bpf_net_rx_irq": {"mean": 1.5600243753808654, "variance": 5322.449525248239, "weight": 0.0}, "bpf_net_tx_irq": {"mean": 0.0, "variance": 0.0, "weight": 0.0}}}}, "uncore": {"All_Weights": {"Bias_Weight": 0.0, "Categorical_Variables": {}, "Numerical_Variables": {"bpf_block_irq": {"mean": 136436.61182205973, "variance": 2808929937544.969, "weight": 0.0}, "bpf_cpu_time_us": {"mean": 18046.36197440585, "variance": 50441797209.98231, "weight": 0.0}, "bpf_net_rx_irq": {"mean": 1.5600243753808654, "variance": 5322.449525248239, "weight": 0.0}, "bpf_net_tx_irq": {"mean": 0.0, "variance": 0.0, "weight": 0.0}}}}, "dram": {"All_Weights": {"Bias_Weight": 15077554050.859596, "Categorical_Variables": {}, "Numerical_Variables": {"bpf_block_irq": {"mean": 136436.61182205973, "variance": 2808929937544.969, "weight": -962949418.7292525}, "bpf_cpu_time_us": {"mean": 18046.36197440585, "variance": 50441797209.98231, "weight": -533758103.7597989}, "bpf_net_rx_irq": {"mean": 1.5600243753808654, "variance": 5322.449525248239, "weight": -7015238386.159777}, "bpf_net_tx_irq": {"mean": 0.0, "variance": 0.0, "weight": 0.0}}}}}