{"package": {"All_Weights": {"Bias_Weight": 398.76735723886446, "Categorical_Variables": {}, "Numerical_Variables": {"bpf_cpu_time_us": {"mean": 18046.36197440585, "variance": 50441797209.98231, "weight": -23.006837442754513}}}}, "core": {"All_Weights": {"Bias_Weight": 0.0, "Categorical_Variables": {}, "Numerical_Variables": {"bpf_cpu_time_us": {"mean": 18046.36197440585, "variance": 50441797209.98231, "weight": 0.0}}}}, "uncore": {"All_Weights": {"Bias_Weight": 0.0, "Categorical_Variables": {}, "Numerical_Variables": {"bpf_cpu_time_us": {"mean": 18046.36197440585, "variance": 50441797209.98231, "weight": 0.0}}}}, "dram": {"All_Weights": {"Bias_Weight": 145.58975815659787, "Categorical_Variables": {}, "Numerical_Variables": {"bpf_cpu_time_us": {"mean": 18046.36197440585, "variance": 50441797209.98231, "weight": -7.995052107510822}}}}}