{"package": {"All_Weights": {"Bias_Weight": 372.7551085521144, "Categorical_Variables": {}, "Numerical_Variables": {"bpf_cpu_time_us": {"mean": 18046.36197440585, "variance": 50441797209.98231, "weight": 2.7993716083642726}}}}, "core": {"All_Weights": {"Bias_Weight": 0.0, "Categorical_Variables": {}, "Numerical_Variables": {"bpf_cpu_time_us": {"mean": 18046.36197440585, "variance": 50441797209.98231, "weight": 0.0}}}}, "uncore": {"All_Weights": {"Bias_Weight": 0.0, "Categorical_Variables": {}, "Numerical_Variables": {"bpf_cpu_time_us": {"mean": 18046.36197440585, "variance": 50441797209.98231, "weight": 0.0}}}}, "dram": {"All_Weights": {"Bias_Weight": 138.82122825806672, "Categorical_Variables": {}, "Numerical_Variables": {"bpf_cpu_time_us": {"mean": 18046.36197440585, "variance": 50441797209.98231, "weight": -0.290684222895734}}}}}