{"platform": {"All_Weights": {"Bias_Weight": 1312.291051168249, "Categorical_Variables": {}, "Numerical_Variables": {"bpf_block_irq": {"scale": 21.666666666666668, "mean": 0, "variance": 0, "weight": 3.3802102180523086}, "bpf_net_rx_irq": {"scale": 12680.666666666668, "mean": 0, "variance": 0, "weight": 39.561821059821234}, "bpf_net_tx_irq": {"scale": 1.6666666666666667, "mean": 0, "variance": 0, "weight": 114.71193346435902}, "cache_miss": {"scale": 1726446003.6666667, "mean": 0, "variance": 0, "weight": 92.45319948849166}, "cpu_cycles": {"scale": 149306295734.0, "mean": 0, "variance": 0, "weight": 211.3750663285431}, "cpu_instructions": {"scale": 214099185926.3333, "mean": 0, "variance": 0, "weight": 86.68017718677815}}}}}