{"package": {"All_Weights": {"Bias_Weight": 90.34716365037796, "Categorical_Variables": {}, "Numerical_Variables": {"kubelet_cpu_usage": {"scale": 187.33333333333334, "weight": 168.0275745160175}, "kubelet_memory_bytes": {"scale": 21214233941.333332, "weight": 39.06156746350152}}}}, "core": {"All_Weights": {"Bias_Weight": 0.0, "Categorical_Variables": {}, "Numerical_Variables": {"kubelet_cpu_usage": {"scale": 187.33333333333334, "weight": 0.0}, "kubelet_memory_bytes": {"scale": 21214233941.333332, "weight": 0.0}}}}, "uncore": {"All_Weights": {"Bias_Weight": 0.0, "Categorical_Variables": {}, "Numerical_Variables": {"kubelet_cpu_usage": {"scale": 187.33333333333334, "weight": 0.0}, "kubelet_memory_bytes": {"scale": 21214233941.333332, "weight": 0.0}}}}, "dram": {"All_Weights": {"Bias_Weight": 51.90165059357466, "Categorical_Variables": {}, "Numerical_Variables": {"kubelet_cpu_usage": {"scale": 187.33333333333334, "weight": 23.683161905671216}, "kubelet_memory_bytes": {"scale": 21214233941.333332, "weight": 11.955482884519716}}}}}