{"package": {"All_Weights": {"Bias_Weight": 1083.2726172142059, "Categorical_Variables": {}, "Numerical_Variables": {"kubelet_cpu_usage": {"mean": 2.3786104605776743, "variance": 4.55402596405399, "weight": 711.9603638453244}, "kubelet_memory_bytes": {"mean": 9808864.82435597, "variance": 7663836189704639.0, "weight": -88.93161182708654}}}}, "core": {"All_Weights": {"Bias_Weight": 0.0, "Categorical_Variables": {}, "Numerical_Variables": {"kubelet_cpu_usage": {"mean": 2.3786104605776743, "variance": 4.55402596405399, "weight": 0.0}, "kubelet_memory_bytes": {"mean": 9808864.82435597, "variance": 7663836189704639.0, "weight": 0.0}}}}, "uncore": {"All_Weights": {"Bias_Weight": 0.0, "Categorical_Variables": {}, "Numerical_Variables": {"kubelet_cpu_usage": {"mean": 2.3786104605776743, "variance": 4.55402596405399, "weight": 0.0}, "kubelet_memory_bytes": {"mean": 9808864.82435597, "variance": 7663836189704639.0, "weight": 0.0}}}}, "dram": {"All_Weights": {"Bias_Weight": 248.18162024192037, "Categorical_Variables": {}, "Numerical_Variables": {"kubelet_cpu_usage": {"mean": 2.3786104605776743, "variance": 4.55402596405399, "weight": 110.06739446617304}, "kubelet_memory_bytes": {"mean": 9808864.82435597, "variance": 7663836189704639.0, "weight": -21.44902882150925}}}}}