{"model_name": "KNeighborsRegressorTrainer_1", "model_class": "scikit", "model_file": "KNeighborsRegressorTrainer_1.json", "features": ["bpf_block_irq", "bpf_net_rx_irq", "bpf_net_tx_irq", "cache_miss", "cpu_cycles", "cpu_instructions"], "fe_files": [], "output_type": "DynPower", "mae": 4.607446738022548, "mape": 181781451693909.56, "package_mae": 4.607446738022548, "core_mae": 0.0, "uncore_mae": 0.0, "dram_mae": 1.0119704383283739, "package_mape": 39.01307327399774, "core_mape": 0, "uncore_mape": 0, "dram_mape": 181781451693909.56}