{"model_name": "XgboostFitTrainer_1", "model_class": "xgboost", "model_file": "XgboostFitTrainer_1.json", "features": ["kubelet_cpu_usage", "kubelet_memory_bytes"], "fe_files": [], "output_type": "DynPower", "mae": 28.035387457229184, "mape": 185494860352.78955, "package_mae": 28.035387457229184, "core_mae": 1.3356274394027423e-05, "uncore_mae": 1.3356274394027423e-05, "dram_mae": 4.500415415147194, "package_mape": 584.0581168590774, "core_mape": 0, "uncore_mape": 0, "dram_mape": 185494860352.78955}