{"model_name": "SVRRegressorTrainer_1", "model_class": "scikit", "model_file": "SVRRegressorTrainer_1.json", "features": ["cgroupfs_cpu_usage_us", "cgroupfs_memory_usage_bytes", "cgroupfs_system_cpu_usage_us", "cgroupfs_user_cpu_usage_us"], "fe_files": [], "output_type": "AbsPower", "mae": 36.1923511862333, "mape": 7.618907383514576, "package_mae": 36.1923511862333, "core_mae": 0.0, "uncore_mae": 0.0, "dram_mae": 5.119959326582956, "package_mape": 36.60568846716257, "core_mape": 0, "uncore_mape": 0, "dram_mape": 7.618907383514576}