{"package": {"All_Weights": {"Bias_Weight": 91.18814569607716, "Categorical_Variables": {}, "Numerical_Variables": {"kubelet_cpu_usage": {"scale": 187.33333333333334, "weight": 161.38499930038722}, "kubelet_memory_bytes": {"scale": 21214233941.333332, "weight": 40.69531202306032}}}}, "core": {"All_Weights": {"Bias_Weight": 0.0, "Categorical_Variables": {}, "Numerical_Variables": {"kubelet_cpu_usage": {"scale": 187.33333333333334, "weight": 0.0}, "kubelet_memory_bytes": {"scale": 21214233941.333332, "weight": 0.0}}}}, "uncore": {"All_Weights": {"Bias_Weight": 0.0, "Categorical_Variables": {}, "Numerical_Variables": {"kubelet_cpu_usage": {"scale": 187.33333333333334, "weight": 0.0}, "kubelet_memory_bytes": {"scale": 21214233941.333332, "weight": 0.0}}}}, "dram": {"All_Weights": {"Bias_Weight": 52.200153187962705, "Categorical_Variables": {}, "Numerical_Variables": {"kubelet_cpu_usage": {"scale": 187.33333333333334, "weight": 18.08247489874317}, "kubelet_memory_bytes": {"scale": 21214233941.333332, "weight": 9.269747514646673}}}}}