{"model_name": "KNeighborsRegressorTrainer_1", "model_class": "scikit", "model_file": "KNeighborsRegressorTrainer_1.json", "features": ["cgroupfs_cpu_usage_us", "cgroupfs_memory_usage_bytes", "cgroupfs_system_cpu_usage_us", "cgroupfs_user_cpu_usage_us"], "fe_files": [], "output_type": "AbsPower", "mae": 41.205677115187946, "mape": 12.871685944901731, "package_mae": 41.205677115187946, "core_mae": 0.0, "uncore_mae": 0.0, "dram_mae": 7.023008154943064, "package_mape": 34.58570665028191, "core_mape": 0, "uncore_mape": 0, "dram_mape": 12.871685944901731}