{"model_name": "LinearRegressionTrainer_1", "model_class": "scikit", "model_file": "LinearRegressionTrainer_1.json", "features": ["bpf_cpu_time_us", "bpf_page_cache_hit", "cache_miss", "cgroupfs_cpu_usage_us", "cgroupfs_memory_usage_bytes", "cgroupfs_system_cpu_usage_us", "cgroupfs_user_cpu_usage_us", "cpu_cycles", "cpu_instructions", "kubelet_cpu_usage", "kubelet_memory_bytes"], "fe_files": [], "output_type": "DynPower", "mae": 11.776397133757083, "mape": 112509214277.42459, "package_mae": 11.776397133757083, "core_mae": 0.0, "uncore_mae": 0.0, "dram_mae": 2.3457007374623733, "package_mape": 121.65048791546145, "core_mape": 0, "uncore_mape": 0, "dram_mape": 112509214277.42459}