{"package": {"All_Weights": {"Bias_Weight": 457.3600899228041, "Categorical_Variables": {}, "Numerical_Variables": {"cgroupfs_cpu_usage_us": {"mean": 205087.5204236006, "variance": 10369354180.603172, "weight": -274.6733799904807}, "cgroupfs_memory_usage_bytes": {"mean": 514593.82349974784, "variance": 204291922230.46744, "weight": -16.919129285167205}, "cgroupfs_system_cpu_usage_us": {"mean": 33561.52294503278, "variance": 183184607.9344626, "weight": 49.50363338156962}, "cgroupfs_user_cpu_usage_us": {"mean": 168735.50176500253, "variance": 9001573846.36531, "weight": -209.42733385782415}}}}, "core": {"All_Weights": {"Bias_Weight": 0.0, "Categorical_Variables": {}, "Numerical_Variables": {"cgroupfs_cpu_usage_us": {"mean": 205087.5204236006, "variance": 10369354180.603172, "weight": 0.0}, "cgroupfs_memory_usage_bytes": {"mean": 514593.82349974784, "variance": 204291922230.46744, "weight": 0.0}, "cgroupfs_system_cpu_usage_us": {"mean": 33561.52294503278, "variance": 183184607.9344626, "weight": 0.0}, "cgroupfs_user_cpu_usage_us": {"mean": 168735.50176500253, "variance": 9001573846.36531, "weight": 0.0}}}}, "uncore": {"All_Weights": {"Bias_Weight": 0.0, "Categorical_Variables": {}, "Numerical_Variables": {"cgroupfs_cpu_usage_us": {"mean": 205087.5204236006, "variance": 10369354180.603172, "weight": 0.0}, "cgroupfs_memory_usage_bytes": {"mean": 514593.82349974784, "variance": 204291922230.46744, "weight": 0.0}, "cgroupfs_system_cpu_usage_us": {"mean": 33561.52294503278, "variance": 183184607.9344626, "weight": 0.0}, "cgroupfs_user_cpu_usage_us": {"mean": 168735.50176500253, "variance": 9001573846.36531, "weight": 0.0}}}}, "dram": {"All_Weights": {"Bias_Weight": 174.25314902185815, "Categorical_Variables": {}, "Numerical_Variables": {"cgroupfs_cpu_usage_us": {"mean": 205087.5204236006, "variance": 10369354180.603172, "weight": -30.73760479674333}, "cgroupfs_memory_usage_bytes": {"mean": 514593.82349974784, "variance": 204291922230.46744, "weight": -11.675737288222459}, "cgroupfs_system_cpu_usage_us": {"mean": 33561.52294503278, "variance": 183184607.9344626, "weight": 14.239255502138974}, "cgroupfs_user_cpu_usage_us": {"mean": 168735.50176500253, "variance": 9001573846.36531, "weight": -32.60427619966341}}}}}