{"package": {"All_Weights": {"Bias_Weight": 418.0658673990132, "Categorical_Variables": {}, "Numerical_Variables": {"cgroupfs_cpu_usage_us": {"mean": 205087.5204236006, "variance": 10369354180.603172, "weight": -11.367786404564237}, "cgroupfs_memory_usage_bytes": {"mean": 514593.82349974784, "variance": 204291922230.46744, "weight": -4.419623947104846}, "cgroupfs_system_cpu_usage_us": {"mean": 33561.52294503278, "variance": 183184607.9344626, "weight": -3.7846791693668687}, "cgroupfs_user_cpu_usage_us": {"mean": 168735.50176500253, "variance": 9001573846.36531, "weight": -4.868251932549458}}}}, "core": {"All_Weights": {"Bias_Weight": 0.0, "Categorical_Variables": {}, "Numerical_Variables": {"cgroupfs_cpu_usage_us": {"mean": 205087.5204236006, "variance": 10369354180.603172, "weight": 0.0}, "cgroupfs_memory_usage_bytes": {"mean": 514593.82349974784, "variance": 204291922230.46744, "weight": 0.0}, "cgroupfs_system_cpu_usage_us": {"mean": 33561.52294503278, "variance": 183184607.9344626, "weight": 0.0}, "cgroupfs_user_cpu_usage_us": {"mean": 168735.50176500253, "variance": 9001573846.36531, "weight": 0.0}}}}, "uncore": {"All_Weights": {"Bias_Weight": 0.0, "Categorical_Variables": {}, "Numerical_Variables": {"cgroupfs_cpu_usage_us": {"mean": 205087.5204236006, "variance": 10369354180.603172, "weight": 0.0}, "cgroupfs_memory_usage_bytes": {"mean": 514593.82349974784, "variance": 204291922230.46744, "weight": 0.0}, "cgroupfs_system_cpu_usage_us": {"mean": 33561.52294503278, "variance": 183184607.9344626, "weight": 0.0}, "cgroupfs_user_cpu_usage_us": {"mean": 168735.50176500253, "variance": 9001573846.36531, "weight": 0.0}}}}, "dram": {"All_Weights": {"Bias_Weight": 165.46400368184493, "Categorical_Variables": {}, "Numerical_Variables": {"cgroupfs_cpu_usage_us": {"mean": 205087.5204236006, "variance": 10369354180.603172, "weight": -1.3738963198593026}, "cgroupfs_memory_usage_bytes": {"mean": 514593.82349974784, "variance": 204291922230.46744, "weight": -0.1944023803089109}, "cgroupfs_system_cpu_usage_us": {"mean": 33561.52294503278, "variance": 183184607.9344626, "weight": -0.07280891201281633}, "cgroupfs_user_cpu_usage_us": {"mean": 168735.50176500253, "variance": 9001573846.36531, "weight": -0.12348834256495042}}}}}