{"model_name": "XgboostFitTrainer_1", "model_class": "xgboost", "model_file": "XgboostFitTrainer_1.json", "features": ["bpf_block_irq", "bpf_net_rx_irq", "bpf_net_tx_irq", "cache_miss", "cpu_cycles", "cpu_instructions"], "fe_files": [], "output_type": "AbsPower", "mae": 3.751903794595036, "mape": 1.6013358525554415, "package_mae": 3.751903794595036, "core_mae": 1.3356274394027423e-05, "uncore_mae": 1.3356274394027423e-05, "dram_mae": 0.9144835336666538, "package_mape": 4.249962795392676, "core_mape": 0, "uncore_mape": 0, "dram_mape": 1.6013358525554415}