{"package": {"All_Weights": {"Bias_Weight": 85.53234911723568, "Categorical_Variables": {}, "Numerical_Variables": {"bpf_cpu_time_us": {"scale": 91457.0, "mean": 0, "variance": 0, "weight": 0.0}, "cache_miss": {"scale": 1721389657.0, "mean": 0, "variance": 0, "weight": 34.82993283149586}, "cgroupfs_cpu_usage_us": {"scale": 12288345.666666666, "mean": 0, "variance": 0, "weight": 0.0}, "cgroupfs_memory_usage_bytes": {"scale": 3384661.3333333335, "mean": 0, "variance": 0, "weight": 0.0}, "cgroupfs_system_cpu_usage_us": {"scale": 2701153.3333333335, "mean": 0, "variance": 0, "weight": 0.0}, "cgroupfs_user_cpu_usage_us": {"scale": 9587192.333333334, "mean": 0, "variance": 0, "weight": 0.0}, "cpu_cycles": {"scale": 148099636063.0, "mean": 0, "variance": 0, "weight": 229.70482023474548}, "cpu_instructions": {"scale": 213934713999.66666, "mean": 0, "variance": 0, "weight": 78.27528390404296}, "kubelet_cpu_usage": {"scale": 604.6666666666666, "mean": 0, "variance": 0, "weight": 0.0}, "kubelet_memory_bytes": {"scale": 14456362325.333334, "mean": 0, "variance": 0, "weight": 14.500205378094979}}}}, "core": {"All_Weights": {"Bias_Weight": 0.0, "Categorical_Variables": {}, "Numerical_Variables": {"bpf_cpu_time_us": {"scale": 91457.0, "mean": 0, "variance": 0, "weight": 0.0}, "cache_miss": {"scale": 1721389657.0, "mean": 0, "variance": 0, "weight": 0.0}, "cgroupfs_cpu_usage_us": {"scale": 12288345.666666666, "mean": 0, "variance": 0, "weight": 0.0}, "cgroupfs_memory_usage_bytes": {"scale": 3384661.3333333335, "mean": 0, "variance": 0, "weight": 0.0}, "cgroupfs_system_cpu_usage_us": {"scale": 2701153.3333333335, "mean": 0, "variance": 0, "weight": 0.0}, "cgroupfs_user_cpu_usage_us": {"scale": 9587192.333333334, "mean": 0, "variance": 0, "weight": 0.0}, "cpu_cycles": {"scale": 148099636063.0, "mean": 0, "variance": 0, "weight": 0.0}, "cpu_instructions": {"scale": 213934713999.66666, "mean": 0, "variance": 0, "weight": 0.0}, "kubelet_cpu_usage": {"scale": 604.6666666666666, "mean": 0, "variance": 0, "weight": 0.0}, "kubelet_memory_bytes": {"scale": 14456362325.333334, "mean": 0, "variance": 0, "weight": 0.0}}}}, "uncore": {"All_Weights": {"Bias_Weight": 0.0, "Categorical_Variables": {}, "Numerical_Variables": {"bpf_cpu_time_us": {"scale": 91457.0, "mean": 0, "variance": 0, "weight": 0.0}, "cache_miss": {"scale": 1721389657.0, "mean": 0, "variance": 0, "weight": 0.0}, "cgroupfs_cpu_usage_us": {"scale": 12288345.666666666, "mean": 0, "variance": 0, "weight": 0.0}, "cgroupfs_memory_usage_bytes": {"scale": 3384661.3333333335, "mean": 0, "variance": 0, "weight": 0.0}, "cgroupfs_system_cpu_usage_us": {"scale": 2701153.3333333335, "mean": 0, "variance": 0, "weight": 0.0}, "cgroupfs_user_cpu_usage_us": {"scale": 9587192.333333334, "mean": 0, "variance": 0, "weight": 0.0}, "cpu_cycles": {"scale": 148099636063.0, "mean": 0, "variance": 0, "weight": 0.0}, "cpu_instructions": {"scale": 213934713999.66666, "mean": 0, "variance": 0, "weight": 0.0}, "kubelet_cpu_usage": {"scale": 604.6666666666666, "mean": 0, "variance": 0, "weight": 0.0}, "kubelet_memory_bytes": {"scale": 14456362325.333334, "mean": 0, "variance": 0, "weight": 0.0}}}}, "dram": {"All_Weights": {"Bias_Weight": 33.19333556885686, "Categorical_Variables": {}, "Numerical_Variables": {"bpf_cpu_time_us": {"scale": 91457.0, "mean": 0, "variance": 0, "weight": 0.0}, "cache_miss": {"scale": 1721389657.0, "mean": 0, "variance": 0, "weight": 54.75216950302496}, "cgroupfs_cpu_usage_us": {"scale": 12288345.666666666, "mean": 0, "variance": 0, "weight": 0.0}, "cgroupfs_memory_usage_bytes": {"scale": 3384661.3333333335, "mean": 0, "variance": 0, "weight": 0.2909435012725577}, "cgroupfs_system_cpu_usage_us": {"scale": 2701153.3333333335, "mean": 0, "variance": 0, "weight": 0.0}, "cgroupfs_user_cpu_usage_us": {"scale": 9587192.333333334, "mean": 0, "variance": 0, "weight": 0.0}, "cpu_cycles": {"scale": 148099636063.0, "mean": 0, "variance": 0, "weight": 4.006395841617282}, "cpu_instructions": {"scale": 213934713999.66666, "mean": 0, "variance": 0, "weight": 0.0}, "kubelet_cpu_usage": {"scale": 604.6666666666666, "mean": 0, "variance": 0, "weight": 0.0}, "kubelet_memory_bytes": {"scale": 14456362325.333334, "mean": 0, "variance": 0, "weight": 13.838887584381714}}}}}