{"model_name": "SVRRegressorTrainer_1", "model_class": "scikit", "model_file": "SVRRegressorTrainer_1.json", "features": ["bpf_block_irq", "bpf_cpu_time_us", "bpf_net_rx_irq", "bpf_net_tx_irq", "bpf_page_cache_hit"], "fe_files": [], "output_type": "AbsPower", "mae": 18.52237543344016, "mape": 4.230878959085255, "package_mae": 18.52237543344016, "core_mae": 0.0, "uncore_mae": 0.0, "dram_mae": 2.740713507660958, "package_mape": 17.770498745871077, "core_mape": 0, "uncore_mape": 0, "dram_mape": 4.230878959085255}