{"package": {"All_Weights": {"Bias_Weight": 85.4998211276846, "Categorical_Variables": {}, "Numerical_Variables": {"cache_miss": {"scale": 1721389657.0, "mean": 0, "variance": 0, "weight": 39.557961766773666}, "cpu_cycles": {"scale": 148099636063.0, "mean": 0, "variance": 0, "weight": 227.70242837821962}, "cpu_instructions": {"scale": 213934713999.66666, "mean": 0, "variance": 0, "weight": 80.51217270057252}}}}, "core": {"All_Weights": {"Bias_Weight": 0.0, "Categorical_Variables": {}, "Numerical_Variables": {"cache_miss": {"scale": 1721389657.0, "mean": 0, "variance": 0, "weight": 0.0}, "cpu_cycles": {"scale": 148099636063.0, "mean": 0, "variance": 0, "weight": 0.0}, "cpu_instructions": {"scale": 213934713999.66666, "mean": 0, "variance": 0, "weight": 0.0}}}}, "uncore": {"All_Weights": {"Bias_Weight": 0.0, "Categorical_Variables": {}, "Numerical_Variables": {"cache_miss": {"scale": 1721389657.0, "mean": 0, "variance": 0, "weight": 0.0}, "cpu_cycles": {"scale": 148099636063.0, "mean": 0, "variance": 0, "weight": 0.0}, "cpu_instructions": {"scale": 213934713999.66666, "mean": 0, "variance": 0, "weight": 0.0}}}}, "dram": {"All_Weights": {"Bias_Weight": 33.18786635622875, "Categorical_Variables": {}, "Numerical_Variables": {"cache_miss": {"scale": 1721389657.0, "mean": 0, "variance": 0, "weight": 57.611290131819416}, "cpu_cycles": {"scale": 148099636063.0, "mean": 0, "variance": 0, "weight": 4.2286944845022445}, "cpu_instructions": {"scale": 213934713999.66666, "mean": 0, "variance": 0, "weight": 0.0}}}}}