{"model_name": "SGDRegressorTrainer_1", "model_class": "scikit", "model_file": "SGDRegressorTrainer_1.json", "features": ["bpf_block_irq", "bpf_net_rx_irq", "bpf_net_tx_irq", "cache_miss", "cpu_cycles", "cpu_instructions"], "fe_files": [], "output_type": "AbsPower", "mae": 12.048649035180985, "mape": 3.5122620654967087, "package_mae": 12.048649035180985, "core_mae": 0.0, "uncore_mae": 0.0, "dram_mae": 1.9233277977655932, "package_mape": 13.47437929778563, "core_mape": 0, "uncore_mape": 0, "dram_mape": 3.5122620654967087}