{"model_name": "SVRRegressorTrainer_1", "model_class": "scikit", "model_file": "SVRRegressorTrainer_1.json", "features": ["bpf_block_irq", "bpf_net_rx_irq", "bpf_net_tx_irq", "cache_miss", "cpu_cycles", "cpu_instructions"], "fe_files": [], "output_type": "AbsPower", "mae": 8.530025306753153, "mape": 2.3526819859987613, "package_mae": 8.530025306753153, "core_mae": 0.0, "uncore_mae": 0.0, "dram_mae": 1.4224313964176127, "package_mape": 7.310004270264459, "core_mape": 0, "uncore_mape": 0, "dram_mape": 2.3526819859987613}