{"model_name": "LinearRegressionTrainer_1", "model_class": "scikit", "model_file": "LinearRegressionTrainer_1.json", "features": ["bpf_block_irq", "bpf_cpu_time_us", "bpf_net_rx_irq", "bpf_net_tx_irq", "bpf_page_cache_hit"], "fe_files": [], "output_type": "AbsPower", "mae": 19.18413869449486, "mape": 8.001864988910356, "package_mae": 19.18413869449486, "core_mae": 0.0, "uncore_mae": 0.0, "dram_mae": 4.676215645939534, "package_mape": 20.306508154012512, "core_mape": 0, "uncore_mape": 0, "dram_mape": 8.001864988910356}