{"model_name": "SGDRegressorTrainer_1", "model_class": "scikit", "model_file": "SGDRegressorTrainer_1.json", "features": ["bpf_block_irq", "bpf_cpu_time_us", "bpf_net_rx_irq", "bpf_net_tx_irq", "bpf_page_cache_hit"], "fe_files": [], "output_type": "DynPower", "mae": 18.283529314430442, "mape": 455311768880126.9, "package_mae": 18.283529314430442, "core_mae": 0.0, "uncore_mae": 0.0, "dram_mae": 4.53318591013926, "package_mape": 265.3794857712431, "core_mape": 0, "uncore_mape": 0, "dram_mape": 455311768880126.9}