{"package": {"All_Weights": {"Bias_Weight": 434.24890337901314, "Categorical_Variables": {}, "Numerical_Variables": {"cgroupfs_cpu_usage_us": {"mean": 199447.7877877878, "variance": 9426474078.560682, "weight": -173.01950396154697}, "cgroupfs_memory_usage_bytes": {"mean": 482352.1761761762, "variance": 184856631171.5708, "weight": 25.026786551144053}, "cgroupfs_system_cpu_usage_us": {"mean": 32999.666332999666, "variance": 170948615.17061496, "weight": 10.740517308161428}, "cgroupfs_user_cpu_usage_us": {"mean": 163513.51351351352, "variance": 8318641764.888012, "weight": -140.11410468183}}}}, "core": {"All_Weights": {"Bias_Weight": 0.0, "Categorical_Variables": {}, "Numerical_Variables": {"cgroupfs_cpu_usage_us": {"mean": 199447.7877877878, "variance": 9426474078.560682, "weight": 0.0}, "cgroupfs_memory_usage_bytes": {"mean": 482352.1761761762, "variance": 184856631171.5708, "weight": 0.0}, "cgroupfs_system_cpu_usage_us": {"mean": 32999.666332999666, "variance": 170948615.17061496, "weight": 0.0}, "cgroupfs_user_cpu_usage_us": {"mean": 163513.51351351352, "variance": 8318641764.888012, "weight": 0.0}}}}, "uncore": {"All_Weights": {"Bias_Weight": 0.0, "Categorical_Variables": {}, "Numerical_Variables": {"cgroupfs_cpu_usage_us": {"mean": 199447.7877877878, "variance": 9426474078.560682, "weight": 0.0}, "cgroupfs_memory_usage_bytes": {"mean": 482352.1761761762, "variance": 184856631171.5708, "weight": 0.0}, "cgroupfs_system_cpu_usage_us": {"mean": 32999.666332999666, "variance": 170948615.17061496, "weight": 0.0}, "cgroupfs_user_cpu_usage_us": {"mean": 163513.51351351352, "variance": 8318641764.888012, "weight": 0.0}}}}, "dram": {"All_Weights": {"Bias_Weight": 167.53339735170826, "Categorical_Variables": {}, "Numerical_Variables": {"cgroupfs_cpu_usage_us": {"mean": 199447.7877877878, "variance": 9426474078.560682, "weight": -17.84436284901571}, "cgroupfs_memory_usage_bytes": {"mean": 482352.1761761762, "variance": 184856631171.5708, "weight": 2.531422237540535}, "cgroupfs_system_cpu_usage_us": {"mean": 32999.666332999666, "variance": 170948615.17061496, "weight": 10.80425270282976}, "cgroupfs_user_cpu_usage_us": {"mean": 163513.51351351352, "variance": 8318641764.888012, "weight": -18.993377427850845}}}}}