{"model_name": "XgboostFitTrainer_1", "model_class": "xgboost", "model_file": "XgboostFitTrainer_1.json", "features": ["cache_miss", "cpu_cycles", "cpu_instructions"], "fe_files": [], "output_type": "DynPower", "mae": 4.099977427881713, "mape": 77328020466551.3, "package_mae": 4.099977427881713, "core_mae": 1.3356274394027423e-05, "uncore_mae": 1.3356274394027423e-05, "dram_mae": 0.9434890869199832, "package_mape": 38.38876858887224, "core_mape": 0, "uncore_mape": 0, "dram_mape": 77328020466551.3}