{"model_name": "PolynomialRegressionTrainer_1", "model_class": "scikit", "model_file": "PolynomialRegressionTrainer_1.json", "features": ["cgroupfs_cpu_usage_us", "cgroupfs_memory_usage_bytes", "cgroupfs_system_cpu_usage_us", "cgroupfs_user_cpu_usage_us"], "fe_files": ["poly_scaler.pkl"], "output_type": "AbsPower", "mae": 32.559933548265505, "mape": 10.97579205165552, "package_mae": 32.559933548265505, "core_mae": 0.0, "uncore_mae": 0.0, "dram_mae": 6.389305122539585, "package_mape": 41.06760678506624, "core_mape": 0, "uncore_mape": 0, "dram_mape": 10.97579205165552}