{"platform": {"All_Weights": {"Bias_Weight": 885.7780226250246, "Categorical_Variables": {}, "Numerical_Variables": {"bpf_cpu_time_us": {"scale": 91457.0, "mean": 0, "variance": 0, "weight": 0.0}, "cache_miss": {"scale": 1721389657.0, "mean": 0, "variance": 0, "weight": 93.49133146961226}, "cgroupfs_cpu_usage_us": {"scale": 12288345.666666666, "mean": 0, "variance": 0, "weight": 0.0}, "cgroupfs_memory_usage_bytes": {"scale": 3384661.3333333335, "mean": 0, "variance": 0, "weight": 0.0}, "cgroupfs_system_cpu_usage_us": {"scale": 2701153.3333333335, "mean": 0, "variance": 0, "weight": 0.0}, "cgroupfs_user_cpu_usage_us": {"scale": 9587192.333333334, "mean": 0, "variance": 0, "weight": 0.0}, "cpu_cycles": {"scale": 148099636063.0, "mean": 0, "variance": 0, "weight": 219.02895357714243}, "cpu_instructions": {"scale": 213934713999.66666, "mean": 0, "variance": 0, "weight": 102.7249981325607}, "kubelet_cpu_usage": {"scale": 604.6666666666666, "mean": 0, "variance": 0, "weight": 0.0}, "kubelet_memory_bytes": {"scale": 14456362325.333334, "mean": 0, "variance": 0, "weight": 0.0}}}}}