{"package": {"model_file": "package.pkl", "features": ["kubelet_cpu_usage", "kubelet_memory_bytes"], "fe_files": ["scaler.pkl", "poly_scaler.pkl"]}, "core": {"model_file": "core.pkl", "features": ["kubelet_cpu_usage", "kubelet_memory_bytes"], "fe_files": ["scaler.pkl", "poly_scaler.pkl"]}, "uncore": {"model_file": "uncore.pkl", "features": ["kubelet_cpu_usage", "kubelet_memory_bytes"], "fe_files": ["scaler.pkl", "poly_scaler.pkl"]}, "dram": {"model_file": "dram.pkl", "features": ["kubelet_cpu_usage", "kubelet_memory_bytes"], "fe_files": ["scaler.pkl", "poly_scaler.pkl"]}}