{"model_name": "KNeighborsRegressorTrainer_1", "model_class": "scikit", "model_file": "KNeighborsRegressorTrainer_1.json", "features": ["bpf_block_irq", "bpf_cpu_time_us", "bpf_net_rx_irq", "bpf_net_tx_irq", "bpf_page_cache_hit"], "fe_files": [], "output_type": "DynPower", "mae": 15.364509683995644, "mape": 103035335512029.75, "package_mae": 15.364509683995644, "core_mae": 0.0, "uncore_mae": 0.0, "dram_mae": 2.1293549949038413, "package_mape": 88.62752334586091, "core_mape": 0, "uncore_mape": 0, "dram_mape": 103035335512029.75}