{"package": {"All_Weights": {"Bias_Weight": 62682251749.42905, "Categorical_Variables": {}, "Numerical_Variables": {"bpf_block_irq": {"mean": 0.0, "variance": 0.0, "weight": 119266557588090.9}, "bpf_cpu_time_us": {"mean": 7618.048399687744, "variance": 49503566191.24723, "weight": 45298643986.23146}, "bpf_net_rx_irq": {"mean": 0.0, "variance": 0.0, "weight": -315859578314751.56}, "bpf_net_tx_irq": {"mean": 0.0, "variance": 0.0, "weight": 964968155140.8353}}}}, "core": {"All_Weights": {"Bias_Weight": 0.0, "Categorical_Variables": {}, "Numerical_Variables": {"bpf_block_irq": {"mean": 0.0, "variance": 0.0, "weight": 0.0}, "bpf_cpu_time_us": {"mean": 7618.048399687744, "variance": 49503566191.24723, "weight": 0.0}, "bpf_net_rx_irq": {"mean": 0.0, "variance": 0.0, "weight": 0.0}, "bpf_net_tx_irq": {"mean": 0.0, "variance": 0.0, "weight": 0.0}}}}, "uncore": {"All_Weights": {"Bias_Weight": 0.0, "Categorical_Variables": {}, "Numerical_Variables": {"bpf_block_irq": {"mean": 0.0, "variance": 0.0, "weight": 0.0}, "bpf_cpu_time_us": {"mean": 7618.048399687744, "variance": 49503566191.24723, "weight": 0.0}, "bpf_net_rx_irq": {"mean": 0.0, "variance": 0.0, "weight": 0.0}, "bpf_net_tx_irq": {"mean": 0.0, "variance": 0.0, "weight": 0.0}}}}, "dram": {"All_Weights": {"Bias_Weight": 37862246919.76459, "Categorical_Variables": {}, "Numerical_Variables": {"bpf_block_irq": {"mean": 0.0, "variance": 0.0, "weight": 191750350756956.8}, "bpf_cpu_time_us": {"mean": 7618.048399687744, "variance": 49503566191.24723, "weight": -7766442341.566635}, "bpf_net_rx_irq": {"mean": 0.0, "variance": 0.0, "weight": 69199526242690.81}, "bpf_net_tx_irq": {"mean": 0.0, "variance": 0.0, "weight": 225058956818.5812}}}}}