{"name": "Linux-4.15.0-213-generic-x86_64_v0.6", "isolator": "ProfileBackgroundIsolator", "extractor": "SmoothExtractor", "abs_trainers": ["PolynomialRegressionTrainer", "GradientBoostingRegressorTrainer", "SGDRegressorTrainer", "KNeighborsRegressorTrainer", "LinearRegressionTrainer", "SVRRegressorTrainer", "PolynomialRegressionTrainer", "GradientBoostingRegressorTrainer", "SGDRegressorTrainer", "KNeighborsRegressorTrainer", "LinearRegressionTrainer", "SVRRegressorTrainer", "PolynomialRegressionTrainer", "GradientBoostingRegressorTrainer", "SGDRegressorTrainer", "KNeighborsRegressorTrainer", "LinearRegressionTrainer", "SVRRegressorTrainer", "PolynomialRegressionTrainer", "GradientBoostingRegressorTrainer", "SGDRegressorTrainer", "KNeighborsRegressorTrainer", "LinearRegressionTrainer", "SVRRegressorTrainer"], "dyn_trainers": ["PolynomialRegressionTrainer", "GradientBoostingRegressorTrainer", "SGDRegressorTrainer", "KNeighborsRegressorTrainer", "LinearRegressionTrainer", "SVRRegressorTrainer", "PolynomialRegressionTrainer", "GradientBoostingRegressorTrainer", "SGDRegressorTrainer", "KNeighborsRegressorTrainer", "LinearRegressionTrainer", "SVRRegressorTrainer", "PolynomialRegressionTrainer", "GradientBoostingRegressorTrainer", "SGDRegressorTrainer", "KNeighborsRegressorTrainer", "LinearRegressionTrainer", "SVRRegressorTrainer", "PolynomialRegressionTrainer", "GradientBoostingRegressorTrainer", "SGDRegressorTrainer", "KNeighborsRegressorTrainer", "LinearRegressionTrainer", "SVRRegressorTrainer"]}