,model_name,model_class,model_file,features,fe_files,output_type,mae,package_mae,core_mae,uncore_mae,dram_mae,feature_group
2,KNeighborsRegressorTrainer_1,scikit,KNeighborsRegressorTrainer_1.json,"['kubelet_cpu_usage', 'kubelet_memory_bytes']",[],DynPower,18.029544776116023,18.029544776116023,0.0,0.0,13.985788971797975,KubeletOnly
5,PolynomialRegressionTrainer_1,scikit,PolynomialRegressionTrainer_1.json,"['kubelet_cpu_usage', 'kubelet_memory_bytes']",['poly_scaler.pkl'],DynPower,18.376617581595355,18.376617581595355,0.0,0.0,12.45613474387858,KubeletOnly
4,GradientBoostingRegressorTrainer_1,scikit,GradientBoostingRegressorTrainer_1.json,"['kubelet_cpu_usage', 'kubelet_memory_bytes']",[],DynPower,21.058722905815394,21.058722905815394,0.0,0.0,14.77683862507377,KubeletOnly
3,LinearRegressionTrainer_1,scikit,LinearRegressionTrainer_1.json,"['kubelet_cpu_usage', 'kubelet_memory_bytes']",[],DynPower,27.02546384399441,27.02546384399441,0.0,0.0,14.509255285075533,KubeletOnly
0,SGDRegressorTrainer_1,scikit,SGDRegressorTrainer_1.json,"['kubelet_cpu_usage', 'kubelet_memory_bytes']",[],DynPower,54.472169868091086,54.472169868091086,0.0,0.0,19.86672860362474,KubeletOnly
1,SVRRegressorTrainer_1,scikit,SVRRegressorTrainer_1.json,"['kubelet_cpu_usage', 'kubelet_memory_bytes']",[],DynPower,71.14053775304717,71.14053775304717,0.0,0.0,17.358918743099068,KubeletOnly
1,SVRRegressorTrainer_1,scikit,SVRRegressorTrainer_1.json,['bpf_cpu_time_us'],[],DynPower,85.628567127828,85.628567127828,0.0,0.0,18.73361283698035,BPFOnly
1,SVRRegressorTrainer_1,scikit,SVRRegressorTrainer_1.json,"['bpf_block_irq', 'bpf_cpu_time_us', 'bpf_net_rx_irq', 'bpf_net_tx_irq']",[],DynPower,87.07948768732675,87.07948768732675,0.0,0.0,20.850635724597407,BPFIRQ
1,SVRRegressorTrainer_1,scikit,SVRRegressorTrainer_1.json,"['cgroupfs_cpu_usage_us', 'cgroupfs_memory_usage_bytes', 'cgroupfs_system_cpu_usage_us', 'cgroupfs_user_cpu_usage_us']",[],DynPower,88.94863960348798,88.94863960348798,0.0,0.0,19.5216116209107,CgroupOnly
3,LinearRegressionTrainer_1,scikit,LinearRegressionTrainer_1.json,"['cgroupfs_cpu_usage_us', 'cgroupfs_memory_usage_bytes', 'cgroupfs_system_cpu_usage_us', 'cgroupfs_user_cpu_usage_us']",[],DynPower,90.65777451797449,90.65777451797449,0.0,0.0,21.676692060532503,CgroupOnly
2,KNeighborsRegressorTrainer_1,scikit,KNeighborsRegressorTrainer_1.json,"['cgroupfs_cpu_usage_us', 'cgroupfs_memory_usage_bytes', 'cgroupfs_system_cpu_usage_us', 'cgroupfs_user_cpu_usage_us']",[],DynPower,91.1508677446264,91.1508677446264,0.0,0.0,19.926227197341106,CgroupOnly
0,SGDRegressorTrainer_1,scikit,SGDRegressorTrainer_1.json,['bpf_cpu_time_us'],[],DynPower,93.0004630310684,93.0004630310684,0.0,0.0,20.76585528503834,BPFOnly
2,KNeighborsRegressorTrainer_1,scikit,KNeighborsRegressorTrainer_1.json,"['bpf_block_irq', 'bpf_cpu_time_us', 'bpf_net_rx_irq', 'bpf_net_tx_irq']",[],DynPower,94.59238184079088,94.59238184079088,0.0,0.0,19.466282752894422,BPFIRQ
5,PolynomialRegressionTrainer_1,scikit,PolynomialRegressionTrainer_1.json,"['cgroupfs_cpu_usage_us', 'cgroupfs_memory_usage_bytes', 'cgroupfs_system_cpu_usage_us', 'cgroupfs_user_cpu_usage_us']",['poly_scaler.pkl'],DynPower,95.19083617367309,95.19083617367309,0.0,0.0,18.78601768312028,CgroupOnly
4,GradientBoostingRegressorTrainer_1,scikit,GradientBoostingRegressorTrainer_1.json,"['bpf_block_irq', 'bpf_cpu_time_us', 'bpf_net_rx_irq', 'bpf_net_tx_irq']",[],DynPower,95.41959655346048,95.41959655346048,0.0,0.0,22.756648153362317,BPFIRQ
2,KNeighborsRegressorTrainer_1,scikit,KNeighborsRegressorTrainer_1.json,['bpf_cpu_time_us'],[],DynPower,98.2321944444653,98.2321944444653,0.0,0.0,27.988227611966806,BPFOnly
3,LinearRegressionTrainer_1,scikit,LinearRegressionTrainer_1.json,['bpf_cpu_time_us'],[],DynPower,101.37730543947426,101.37730543947426,0.0,0.0,23.220826281100813,BPFOnly
3,LinearRegressionTrainer_1,scikit,LinearRegressionTrainer_1.json,"['bpf_block_irq', 'bpf_cpu_time_us', 'bpf_net_rx_irq', 'bpf_net_tx_irq']",[],DynPower,102.9330015174097,102.9330015174097,0.0,0.0,21.59966558042718,BPFIRQ
5,PolynomialRegressionTrainer_1,scikit,PolynomialRegressionTrainer_1.json,"['bpf_block_irq', 'bpf_cpu_time_us', 'bpf_net_rx_irq', 'bpf_net_tx_irq']",['poly_scaler.pkl'],DynPower,104.04724002906063,104.04724002906063,0.0,0.0,20.67859051721057,BPFIRQ
4,GradientBoostingRegressorTrainer_1,scikit,GradientBoostingRegressorTrainer_1.json,['bpf_cpu_time_us'],[],DynPower,104.13331628005585,104.13331628005585,0.0,0.0,21.87319974043457,BPFOnly
4,GradientBoostingRegressorTrainer_1,scikit,GradientBoostingRegressorTrainer_1.json,"['cgroupfs_cpu_usage_us', 'cgroupfs_memory_usage_bytes', 'cgroupfs_system_cpu_usage_us', 'cgroupfs_user_cpu_usage_us']",[],DynPower,108.71000877437069,108.71000877437069,0.0,0.0,20.789255045518388,CgroupOnly
5,PolynomialRegressionTrainer_1,scikit,PolynomialRegressionTrainer_1.json,['bpf_cpu_time_us'],['poly_scaler.pkl'],DynPower,109.78891021579531,109.78891021579531,0.0,0.0,22.774313594739418,BPFOnly
0,SGDRegressorTrainer_1,scikit,SGDRegressorTrainer_1.json,"['bpf_block_irq', 'bpf_cpu_time_us', 'bpf_net_rx_irq', 'bpf_net_tx_irq']",[],DynPower,17642606618437.94,17642606618437.94,0.0,0.0,98478959540.3758,BPFIRQ
0,SGDRegressorTrainer_1,scikit,SGDRegressorTrainer_1.json,"['cgroupfs_cpu_usage_us', 'cgroupfs_memory_usage_bytes', 'cgroupfs_system_cpu_usage_us', 'cgroupfs_user_cpu_usage_us']",[],DynPower,5.293321715497606e+16,5.293321715497606e+16,0.0,0.0,2.204262593481396e+16,CgroupOnly
