{"model_name": "SGDRegressorTrainer_1", "model_class": "scikit", "model_file": "SGDRegressorTrainer_1.json", "features": ["bpf_cpu_time_us", "bpf_page_cache_hit", "cache_miss", "cgroupfs_cpu_usage_us", "cgroupfs_memory_usage_bytes", "cgroupfs_system_cpu_usage_us", "cgroupfs_user_cpu_usage_us", "cpu_cycles", "cpu_instructions", "kubelet_cpu_usage", "kubelet_memory_bytes"], "fe_files": [], "output_type": "AbsPower", "mae": 12.080590396666251, "mape": 3.602899837220315, "package_mae": 12.080590396666251, "core_mae": 0.0, "uncore_mae": 0.0, "dram_mae": 2.0312346843300486, "package_mape": 12.697700632625562, "core_mape": 0, "uncore_mape": 0, "dram_mape": 3.602899837220315}