,model_name,model_class,model_file,features,fe_files,output_type,mae,package_mae,core_mae,uncore_mae,dram_mae,feature_group
2,KNeighborsRegressorTrainer_1,scikit,KNeighborsRegressorTrainer_1.json,"['kubelet_cpu_usage', 'kubelet_memory_bytes']",[],AbsPower,30.119960606063316,30.119960606063316,0.0,0.0,12.675325252517034,KubeletOnly
4,GradientBoostingRegressorTrainer_1,scikit,GradientBoostingRegressorTrainer_1.json,"['kubelet_cpu_usage', 'kubelet_memory_bytes']",[],AbsPower,32.68663983798642,32.68663983798642,0.0,0.0,13.186996647623227,KubeletOnly
5,PolynomialRegressionTrainer_1,scikit,PolynomialRegressionTrainer_1.json,"['kubelet_cpu_usage', 'kubelet_memory_bytes']",['poly_scaler.pkl'],AbsPower,35.3651835578885,35.3651835578885,0.0,0.0,13.92410725731646,KubeletOnly
3,LinearRegressionTrainer_1,scikit,LinearRegressionTrainer_1.json,"['kubelet_cpu_usage', 'kubelet_memory_bytes']",[],AbsPower,35.92286176533637,35.92286176533637,0.0,0.0,15.057049261465636,KubeletOnly
0,SGDRegressorTrainer_1,scikit,SGDRegressorTrainer_1.json,"['kubelet_cpu_usage', 'kubelet_memory_bytes']",[],AbsPower,37.003456551008064,37.003456551008064,0.0,0.0,15.52995844732156,KubeletOnly
1,SVRRegressorTrainer_1,scikit,SVRRegressorTrainer_1.json,"['kubelet_cpu_usage', 'kubelet_memory_bytes']",[],AbsPower,47.44461872727726,47.44461872727726,0.0,0.0,14.900502946116935,KubeletOnly
1,SVRRegressorTrainer_1,scikit,SVRRegressorTrainer_1.json,"['bpf_block_irq', 'bpf_cpu_time_us', 'bpf_net_rx_irq', 'bpf_net_tx_irq']",[],AbsPower,83.68212988975198,83.68212988975198,0.0,0.0,17.49379008289873,BPFIRQ
4,GradientBoostingRegressorTrainer_1,scikit,GradientBoostingRegressorTrainer_1.json,"['cgroupfs_cpu_usage_us', 'cgroupfs_memory_usage_bytes', 'cgroupfs_system_cpu_usage_us', 'cgroupfs_user_cpu_usage_us']",[],AbsPower,89.737460619005,89.737460619005,0.0,0.0,19.559590597661657,CgroupOnly
0,SGDRegressorTrainer_1,scikit,SGDRegressorTrainer_1.json,"['bpf_block_irq', 'bpf_cpu_time_us', 'bpf_net_rx_irq', 'bpf_net_tx_irq']",[],AbsPower,94.49855222774775,94.49855222774775,0.0,0.0,20.006918625639045,BPFIRQ
4,GradientBoostingRegressorTrainer_1,scikit,GradientBoostingRegressorTrainer_1.json,"['bpf_block_irq', 'bpf_cpu_time_us', 'bpf_net_rx_irq', 'bpf_net_tx_irq']",[],AbsPower,96.66365734041966,96.66365734041966,0.0,0.0,18.87779181210943,BPFIRQ
0,SGDRegressorTrainer_1,scikit,SGDRegressorTrainer_1.json,"['cgroupfs_cpu_usage_us', 'cgroupfs_memory_usage_bytes', 'cgroupfs_system_cpu_usage_us', 'cgroupfs_user_cpu_usage_us']",[],AbsPower,97.98057368993364,97.98057368993364,0.0,0.0,18.34382833050606,CgroupOnly
0,SGDRegressorTrainer_1,scikit,SGDRegressorTrainer_1.json,['bpf_cpu_time_us'],[],AbsPower,99.66295795396057,99.66295795396057,0.0,0.0,19.11494387382452,BPFOnly
3,LinearRegressionTrainer_1,scikit,LinearRegressionTrainer_1.json,"['cgroupfs_cpu_usage_us', 'cgroupfs_memory_usage_bytes', 'cgroupfs_system_cpu_usage_us', 'cgroupfs_user_cpu_usage_us']",[],AbsPower,99.89790190827465,99.89790190827465,0.0,0.0,19.8421052293213,CgroupOnly
2,KNeighborsRegressorTrainer_1,scikit,KNeighborsRegressorTrainer_1.json,"['bpf_block_irq', 'bpf_cpu_time_us', 'bpf_net_rx_irq', 'bpf_net_tx_irq']",[],AbsPower,99.95250808079463,99.95250808079463,0.0,0.0,20.58124040403331,BPFIRQ
1,SVRRegressorTrainer_1,scikit,SVRRegressorTrainer_1.json,"['cgroupfs_cpu_usage_us', 'cgroupfs_memory_usage_bytes', 'cgroupfs_system_cpu_usage_us', 'cgroupfs_user_cpu_usage_us']",[],AbsPower,101.21316108631352,101.21316108631352,0.0,0.0,14.27367163595255,CgroupOnly
2,KNeighborsRegressorTrainer_1,scikit,KNeighborsRegressorTrainer_1.json,['bpf_cpu_time_us'],[],AbsPower,101.30479191920809,101.30479191920809,0.0,0.0,22.627455555555446,BPFOnly
3,LinearRegressionTrainer_1,scikit,LinearRegressionTrainer_1.json,"['bpf_block_irq', 'bpf_cpu_time_us', 'bpf_net_rx_irq', 'bpf_net_tx_irq']",[],AbsPower,103.69044324081331,103.69044324081331,0.0,0.0,19.742002461990555,BPFIRQ
4,GradientBoostingRegressorTrainer_1,scikit,GradientBoostingRegressorTrainer_1.json,['bpf_cpu_time_us'],[],AbsPower,103.86860616297126,103.86860616297126,0.0,0.0,17.535289527861707,BPFOnly
5,PolynomialRegressionTrainer_1,scikit,PolynomialRegressionTrainer_1.json,['bpf_cpu_time_us'],['poly_scaler.pkl'],AbsPower,104.09423542393155,104.09423542393155,0.0,0.0,17.967693502023636,BPFOnly
5,PolynomialRegressionTrainer_1,scikit,PolynomialRegressionTrainer_1.json,"['bpf_block_irq', 'bpf_cpu_time_us', 'bpf_net_rx_irq', 'bpf_net_tx_irq']",['poly_scaler.pkl'],AbsPower,104.9633282020567,104.9633282020567,0.0,0.0,19.00324011507381,BPFIRQ
5,PolynomialRegressionTrainer_1,scikit,PolynomialRegressionTrainer_1.json,"['cgroupfs_cpu_usage_us', 'cgroupfs_memory_usage_bytes', 'cgroupfs_system_cpu_usage_us', 'cgroupfs_user_cpu_usage_us']",['poly_scaler.pkl'],AbsPower,105.86227562804947,105.86227562804947,0.0,0.0,19.867801705992477,CgroupOnly
1,SVRRegressorTrainer_1,scikit,SVRRegressorTrainer_1.json,['bpf_cpu_time_us'],[],AbsPower,107.58250326668878,107.58250326668878,0.0,0.0,14.007777179077248,BPFOnly
2,KNeighborsRegressorTrainer_1,scikit,KNeighborsRegressorTrainer_1.json,"['cgroupfs_cpu_usage_us', 'cgroupfs_memory_usage_bytes', 'cgroupfs_system_cpu_usage_us', 'cgroupfs_user_cpu_usage_us']",[],AbsPower,108.90854242425635,108.90854242425635,0.0,0.0,21.00505858585685,CgroupOnly
3,LinearRegressionTrainer_1,scikit,LinearRegressionTrainer_1.json,['bpf_cpu_time_us'],[],AbsPower,116.64844687141722,116.64844687141722,0.0,0.0,21.337652244068586,BPFOnly
