{"package": {"All_Weights": {"Bias_Weight": 378.1413237901793, "Categorical_Variables": {}, "Numerical_Variables": {"kubelet_cpu_usage": {"mean": 2.7841174507841173, "variance": 4.773214544763872, "weight": 26.82230837764932}, "kubelet_memory_bytes": {"mean": 11109562.896229563, "variance": 6570417164165793.0, "weight": 11.326496635971175}}}}, "core": {"All_Weights": {"Bias_Weight": 0.0, "Categorical_Variables": {}, "Numerical_Variables": {"kubelet_cpu_usage": {"mean": 2.7841174507841173, "variance": 4.773214544763872, "weight": 0.0}, "kubelet_memory_bytes": {"mean": 11109562.896229563, "variance": 6570417164165793.0, "weight": 0.0}}}}, "uncore": {"All_Weights": {"Bias_Weight": 0.0, "Categorical_Variables": {}, "Numerical_Variables": {"kubelet_cpu_usage": {"mean": 2.7841174507841173, "variance": 4.773214544763872, "weight": 0.0}, "kubelet_memory_bytes": {"mean": 11109562.896229563, "variance": 6570417164165793.0, "weight": 0.0}}}}, "dram": {"All_Weights": {"Bias_Weight": 158.99345429680568, "Categorical_Variables": {}, "Numerical_Variables": {"kubelet_cpu_usage": {"mean": 2.7841174507841173, "variance": 4.773214544763872, "weight": 4.809833555728893}, "kubelet_memory_bytes": {"mean": 11109562.896229563, "variance": 6570417164165793.0, "weight": 1.4043196496467065}}}}}