{"model_name": "XgboostFitTrainer_1", "model_class": "xgboost", "model_file": "XgboostFitTrainer_1.json", "features": ["bpf_cpu_time_us", "bpf_page_cache_hit"], "fe_files": [], "output_type": "AbsPower", "mae": 10.914265751595964, "mape": 2.8783093279117016, "package_mae": 10.914265751595964, "core_mae": 1.3356274394027423e-05, "uncore_mae": 1.3356274394027423e-05, "dram_mae": 1.6716997692795397, "package_mape": 10.164405962532504, "core_mape": 0, "uncore_mape": 0, "dram_mape": 2.8783093279117016}