{"package": {"All_Weights": {"Bias_Weight": 87.79265856681567, "Categorical_Variables": {}, "Numerical_Variables": {"bpf_cpu_time_us": {"scale": 91457.0, "mean": 0, "variance": 0, "weight": -160.37990136350334}, "cache_miss": {"scale": 1721389657.0, "mean": 0, "variance": 0, "weight": 37.601468528284954}, "cgroupfs_cpu_usage_us": {"scale": 12288345.666666666, "mean": 0, "variance": 0, "weight": -12.399460849391799}, "cgroupfs_memory_usage_bytes": {"scale": 3384661.3333333335, "mean": 0, "variance": 0, "weight": -6.740913508905841}, "cgroupfs_system_cpu_usage_us": {"scale": 2701153.3333333335, "mean": 0, "variance": 0, "weight": -3.0744876290945085}, "cgroupfs_user_cpu_usage_us": {"scale": 9587192.333333334, "mean": 0, "variance": 0, "weight": -15.026732142831786}, "cpu_cycles": {"scale": 148099636063.0, "mean": 0, "variance": 0, "weight": 397.8657968922092}, "cpu_instructions": {"scale": 213934713999.66666, "mean": 0, "variance": 0, "weight": 86.33038297536991}, "kubelet_cpu_usage": {"scale": 604.6666666666666, "mean": 0, "variance": 0, "weight": 4.613610563456336}, "kubelet_memory_bytes": {"scale": 14456362325.333334, "mean": 0, "variance": 0, "weight": 20.546402630093155}}}}, "core": {"All_Weights": {"Bias_Weight": 0.0, "Categorical_Variables": {}, "Numerical_Variables": {"bpf_cpu_time_us": {"scale": 91457.0, "mean": 0, "variance": 0, "weight": 0.0}, "cache_miss": {"scale": 1721389657.0, "mean": 0, "variance": 0, "weight": 0.0}, "cgroupfs_cpu_usage_us": {"scale": 12288345.666666666, "mean": 0, "variance": 0, "weight": 0.0}, "cgroupfs_memory_usage_bytes": {"scale": 3384661.3333333335, "mean": 0, "variance": 0, "weight": 0.0}, "cgroupfs_system_cpu_usage_us": {"scale": 2701153.3333333335, "mean": 0, "variance": 0, "weight": 0.0}, "cgroupfs_user_cpu_usage_us": {"scale": 9587192.333333334, "mean": 0, "variance": 0, "weight": 0.0}, "cpu_cycles": {"scale": 148099636063.0, "mean": 0, "variance": 0, "weight": 0.0}, "cpu_instructions": {"scale": 213934713999.66666, "mean": 0, "variance": 0, "weight": 0.0}, "kubelet_cpu_usage": {"scale": 604.6666666666666, "mean": 0, "variance": 0, "weight": 0.0}, "kubelet_memory_bytes": {"scale": 14456362325.333334, "mean": 0, "variance": 0, "weight": 0.0}}}}, "uncore": {"All_Weights": {"Bias_Weight": 0.0, "Categorical_Variables": {}, "Numerical_Variables": {"bpf_cpu_time_us": {"scale": 91457.0, "mean": 0, "variance": 0, "weight": 0.0}, "cache_miss": {"scale": 1721389657.0, "mean": 0, "variance": 0, "weight": 0.0}, "cgroupfs_cpu_usage_us": {"scale": 12288345.666666666, "mean": 0, "variance": 0, "weight": 0.0}, "cgroupfs_memory_usage_bytes": {"scale": 3384661.3333333335, "mean": 0, "variance": 0, "weight": 0.0}, "cgroupfs_system_cpu_usage_us": {"scale": 2701153.3333333335, "mean": 0, "variance": 0, "weight": 0.0}, "cgroupfs_user_cpu_usage_us": {"scale": 9587192.333333334, "mean": 0, "variance": 0, "weight": 0.0}, "cpu_cycles": {"scale": 148099636063.0, "mean": 0, "variance": 0, "weight": 0.0}, "cpu_instructions": {"scale": 213934713999.66666, "mean": 0, "variance": 0, "weight": 0.0}, "kubelet_cpu_usage": {"scale": 604.6666666666666, "mean": 0, "variance": 0, "weight": 0.0}, "kubelet_memory_bytes": {"scale": 14456362325.333334, "mean": 0, "variance": 0, "weight": 0.0}}}}, "dram": {"All_Weights": {"Bias_Weight": 33.588184407035484, "Categorical_Variables": {}, "Numerical_Variables": {"bpf_cpu_time_us": {"scale": 91457.0, "mean": 0, "variance": 0, "weight": 2.1396967791690966}, "cache_miss": {"scale": 1721389657.0, "mean": 0, "variance": 0, "weight": 49.96286251992393}, "cgroupfs_cpu_usage_us": {"scale": 12288345.666666666, "mean": 0, "variance": 0, "weight": -0.6120206389662916}, "cgroupfs_memory_usage_bytes": {"scale": 3384661.3333333335, "mean": 0, "variance": 0, "weight": 0.7295283717047567}, "cgroupfs_system_cpu_usage_us": {"scale": 2701153.3333333335, "mean": 0, "variance": 0, "weight": -0.4974349597626305}, "cgroupfs_user_cpu_usage_us": {"scale": 9587192.333333334, "mean": 0, "variance": 0, "weight": -0.6443047140342946}, "cpu_cycles": {"scale": 148099636063.0, "mean": 0, "variance": 0, "weight": 9.60391903442749}, "cpu_instructions": {"scale": 213934713999.66666, "mean": 0, "variance": 0, "weight": -13.53858031247671}, "kubelet_cpu_usage": {"scale": 604.6666666666666, "mean": 0, "variance": 0, "weight": -0.6828926601552779}, "kubelet_memory_bytes": {"scale": 14456362325.333334, "mean": 0, "variance": 0, "weight": 9.781245252880042}}}}}