{"model_name": "XgboostFitTrainer_1", "model_class": "xgboost", "model_file": "XgboostFitTrainer_1.json", "features": ["bpf_block_irq", "bpf_net_rx_irq", "bpf_net_tx_irq", "cache_miss", "cpu_cycles", "cpu_instructions"], "fe_files": [], "output_type": "DynPower", "mae": 4.038506139065621, "mape": 49814771929125.27, "package_mae": 4.038506139065621, "core_mae": 1.3356274394027423e-05, "uncore_mae": 1.3356274394027423e-05, "dram_mae": 0.9901499017558508, "package_mape": 33.145852125366915, "core_mape": 0, "uncore_mape": 0, "dram_mape": 49814771929125.27}