{"model_name": "KNeighborsRegressorTrainer_1", "model_class": "scikit", "model_file": "KNeighborsRegressorTrainer_1.json", "features": ["bpf_cpu_time_us", "bpf_page_cache_hit", "cache_miss", "cgroupfs_cpu_usage_us", "cgroupfs_memory_usage_bytes", "cgroupfs_system_cpu_usage_us", "cgroupfs_user_cpu_usage_us", "cpu_cycles", "cpu_instructions", "kubelet_cpu_usage", "kubelet_memory_bytes"], "fe_files": [], "output_type": "DynPower", "mae": 4.882865953108394, "mape": 78122637545483.89, "package_mae": 4.882865953108394, "core_mae": 0.0, "uncore_mae": 0.0, "dram_mae": 0.974586646279488, "package_mape": 42.98090147519646, "core_mape": 0, "uncore_mape": 0, "dram_mape": 78122637545483.89}