{"name": "original_fms_pipeline", "isolator": "ProfileBackgroundIsolator", "extractor": "DefaultExtractor", "abs_trainers": ["PolynomialRegressionTrainer", "GradientBoostingRegressorTrainer", "SGDRegressorTrainer", "KNeighborsRegressorTrainer", "LinearRegressionTrainer", "SVRRegressorTrainer", "PolynomialRegressionTrainer", "GradientBoostingRegressorTrainer", "SGDRegressorTrainer", "KNeighborsRegressorTrainer", "LinearRegressionTrainer", "SVRRegressorTrainer", "PolynomialRegressionTrainer", "GradientBoostingRegressorTrainer", "SGDRegressorTrainer", "KNeighborsRegressorTrainer", "LinearRegressionTrainer", "SVRRegressorTrainer", "PolynomialRegressionTrainer", "GradientBoostingRegressorTrainer", "SGDRegressorTrainer", "KNeighborsRegressorTrainer", "LinearRegressionTrainer", "SVRRegressorTrainer", "PolynomialRegressionTrainer", "GradientBoostingRegressorTrainer", "SGDRegressorTrainer", "KNeighborsRegressorTrainer", "LinearRegressionTrainer", "SVRRegressorTrainer", "PolynomialRegressionTrainer", "GradientBoostingRegressorTrainer", "SGDRegressorTrainer", "KNeighborsRegressorTrainer", "LinearRegressionTrainer", "SVRRegressorTrainer", "PolynomialRegressionTrainer", "GradientBoostingRegressorTrainer", "SGDRegressorTrainer", "KNeighborsRegressorTrainer", "LinearRegressionTrainer", "SVRRegressorTrainer", "PolynomialRegressionTrainer", "GradientBoostingRegressorTrainer", "SGDRegressorTrainer", "KNeighborsRegressorTrainer", "LinearRegressionTrainer", "SVRRegressorTrainer"], "dyn_trainers": ["PolynomialRegressionTrainer", "GradientBoostingRegressorTrainer", "SGDRegressorTrainer", "KNeighborsRegressorTrainer", "LinearRegressionTrainer", "SVRRegressorTrainer", "PolynomialRegressionTrainer", "GradientBoostingRegressorTrainer", "SGDRegressorTrainer", "KNeighborsRegressorTrainer", "LinearRegressionTrainer", "SVRRegressorTrainer", "PolynomialRegressionTrainer", "GradientBoostingRegressorTrainer", "SGDRegressorTrainer", "KNeighborsRegressorTrainer", "LinearRegressionTrainer", "SVRRegressorTrainer", "PolynomialRegressionTrainer", "GradientBoostingRegressorTrainer", "SGDRegressorTrainer", "KNeighborsRegressorTrainer", "LinearRegressionTrainer", "SVRRegressorTrainer", "PolynomialRegressionTrainer", "GradientBoostingRegressorTrainer", "SGDRegressorTrainer", "KNeighborsRegressorTrainer", "LinearRegressionTrainer", "SVRRegressorTrainer", "PolynomialRegressionTrainer", "GradientBoostingRegressorTrainer", "SGDRegressorTrainer", "KNeighborsRegressorTrainer", "LinearRegressionTrainer", "SVRRegressorTrainer", "PolynomialRegressionTrainer", "GradientBoostingRegressorTrainer", "SGDRegressorTrainer", "KNeighborsRegressorTrainer", "LinearRegressionTrainer", "SVRRegressorTrainer", "PolynomialRegressionTrainer", "GradientBoostingRegressorTrainer", "SGDRegressorTrainer", "KNeighborsRegressorTrainer", "LinearRegressionTrainer", "SVRRegressorTrainer"]}