{"package": {"All_Weights": {"Bias_Weight": 417.9676432719384, "Categorical_Variables": {}, "Numerical_Variables": {"bpf_block_irq": {"mean": 148943.45940494203, "variance": 4725134461437.084, "weight": -0.04625693352681131}, "bpf_cpu_time_us": {"mean": 417193.50479072117, "variance": 23137636021052.312, "weight": 0.9041491500699829}, "bpf_net_rx_irq": {"mean": 308457.4079677257, "variance": 14275455788424.076, "weight": -1.5491463163561408}, "bpf_net_tx_irq": {"mean": 5.1638930912758445, "variance": 17599.42262636342, "weight": 1.4154274332381884}}}}, "core": {"All_Weights": {"Bias_Weight": 0.0, "Categorical_Variables": {}, "Numerical_Variables": {"bpf_block_irq": {"mean": 148943.45940494203, "variance": 4725134461437.084, "weight": 0.0}, "bpf_cpu_time_us": {"mean": 417193.50479072117, "variance": 23137636021052.312, "weight": 0.0}, "bpf_net_rx_irq": {"mean": 308457.4079677257, "variance": 14275455788424.076, "weight": 0.0}, "bpf_net_tx_irq": {"mean": 5.1638930912758445, "variance": 17599.42262636342, "weight": 0.0}}}}, "uncore": {"All_Weights": {"Bias_Weight": 0.0, "Categorical_Variables": {}, "Numerical_Variables": {"bpf_block_irq": {"mean": 148943.45940494203, "variance": 4725134461437.084, "weight": 0.0}, "bpf_cpu_time_us": {"mean": 417193.50479072117, "variance": 23137636021052.312, "weight": 0.0}, "bpf_net_rx_irq": {"mean": 308457.4079677257, "variance": 14275455788424.076, "weight": 0.0}, "bpf_net_tx_irq": {"mean": 5.1638930912758445, "variance": 17599.42262636342, "weight": 0.0}}}}, "dram": {"All_Weights": {"Bias_Weight": 165.64921031589324, "Categorical_Variables": {}, "Numerical_Variables": {"bpf_block_irq": {"mean": 148943.45940494203, "variance": 4725134461437.084, "weight": -1.0072496466885787}, "bpf_cpu_time_us": {"mean": 417193.50479072117, "variance": 23137636021052.312, "weight": 0.021488564154451436}, "bpf_net_rx_irq": {"mean": 308457.4079677257, "variance": 14275455788424.076, "weight": -0.3625043419080116}, "bpf_net_tx_irq": {"mean": 5.1638930912758445, "variance": 17599.42262636342, "weight": 0.1878193869963461}}}}}