{"package": {"All_Weights": {"Bias_Weight": 446.02601929513224, "Categorical_Variables": {}, "Numerical_Variables": {"bpf_block_irq": {"mean": 148943.45940494203, "variance": 4725134461437.084, "weight": -23.285052720086323}, "bpf_cpu_time_us": {"mean": 417193.50479072117, "variance": 23137636021052.312, "weight": -24.69526065977485}, "bpf_net_rx_irq": {"mean": 308457.4079677257, "variance": 14275455788424.076, "weight": -69.24869943460227}, "bpf_net_tx_irq": {"mean": 5.1638930912758445, "variance": 17599.42262636342, "weight": 18.915815600236215}}}}, "core": {"All_Weights": {"Bias_Weight": 0.0, "Categorical_Variables": {}, "Numerical_Variables": {"bpf_block_irq": {"mean": 148943.45940494203, "variance": 4725134461437.084, "weight": 0.0}, "bpf_cpu_time_us": {"mean": 417193.50479072117, "variance": 23137636021052.312, "weight": 0.0}, "bpf_net_rx_irq": {"mean": 308457.4079677257, "variance": 14275455788424.076, "weight": 0.0}, "bpf_net_tx_irq": {"mean": 5.1638930912758445, "variance": 17599.42262636342, "weight": 0.0}}}}, "uncore": {"All_Weights": {"Bias_Weight": 0.0, "Categorical_Variables": {}, "Numerical_Variables": {"bpf_block_irq": {"mean": 148943.45940494203, "variance": 4725134461437.084, "weight": 0.0}, "bpf_cpu_time_us": {"mean": 417193.50479072117, "variance": 23137636021052.312, "weight": 0.0}, "bpf_net_rx_irq": {"mean": 308457.4079677257, "variance": 14275455788424.076, "weight": 0.0}, "bpf_net_tx_irq": {"mean": 5.1638930912758445, "variance": 17599.42262636342, "weight": 0.0}}}}, "dram": {"All_Weights": {"Bias_Weight": 172.82184770083103, "Categorical_Variables": {}, "Numerical_Variables": {"bpf_block_irq": {"mean": 148943.45940494203, "variance": 4725134461437.084, "weight": -4.9523406169524}, "bpf_cpu_time_us": {"mean": 417193.50479072117, "variance": 23137636021052.312, "weight": -18.356534089556785}, "bpf_net_rx_irq": {"mean": 308457.4079677257, "variance": 14275455788424.076, "weight": -6.815460734128959}, "bpf_net_tx_irq": {"mean": 5.1638930912758445, "variance": 17599.42262636342, "weight": 9.277833680784688}}}}}