{"model_name": "KNeighborsRegressorTrainer_1", "model_class": "scikit", "model_file": "KNeighborsRegressorTrainer_1.json", "features": ["bpf_block_irq", "bpf_net_rx_irq", "bpf_net_tx_irq", "cache_miss", "cpu_cycles", "cpu_instructions"], "fe_files": [], "output_type": "AbsPower", "mae": 4.630667176350349, "mape": 2.4453206082782715, "package_mae": 4.630667176350349, "core_mae": 0.0, "uncore_mae": 0.0, "dram_mae": 1.4326368501525137, "package_mape": 4.741261732603352, "core_mape": 0, "uncore_mape": 0, "dram_mape": 2.4453206082782715}