{"model_name": "XgboostFitTrainer_1", "model_class": "xgboost", "model_file": "XgboostFitTrainer_1.json", "features": ["bpf_block_irq", "bpf_cpu_time_us", "bpf_net_rx_irq", "bpf_net_tx_irq", "bpf_page_cache_hit"], "fe_files": [], "output_type": "AbsPower", "mae": 10.432987372302833, "mape": 3.0016708707901656, "package_mae": 10.432987372302833, "core_mae": 1.3356274394027423e-05, "uncore_mae": 1.3356274394027423e-05, "dram_mae": 1.7252291011044325, "package_mape": 10.003808160443812, "core_mape": 0, "uncore_mape": 0, "dram_mape": 3.0016708707901656}