{"platform": {"All_Weights": {"Bias_Weight": 892.7608619948325, "Categorical_Variables": {}, "Numerical_Variables": {"bpf_block_irq": {"scale": 3.3333333333333335, "mean": 0, "variance": 0, "weight": 5.872610790103651}, "bpf_cpu_time_us": {"scale": 91457.0, "mean": 0, "variance": 0, "weight": 244.97819652383876}, "bpf_net_rx_irq": {"scale": 122.33333333333333, "mean": 0, "variance": 0, "weight": -192.84620135267417}, "bpf_net_tx_irq": {"scale": 0.6666666666666666, "mean": 0, "variance": 0, "weight": 46.53016465384112}}}}}