{"platform": {"All_Weights": {"Bias_Weight": 1319.2214168988219, "Categorical_Variables": {}, "Numerical_Variables": {"bpf_block_irq": {"scale": 21.666666666666668, "mean": 0, "variance": 0, "weight": 3.295155720317964}, "bpf_cpu_time_us": {"scale": 91498.0, "mean": 0, "variance": 0, "weight": 223.8061190394537}, "bpf_net_rx_irq": {"scale": 12680.666666666668, "mean": 0, "variance": 0, "weight": 40.559623696506954}, "bpf_net_tx_irq": {"scale": 1.6666666666666667, "mean": 0, "variance": 0, "weight": 105.8295604367518}}}}}