{"model_name": "KNeighborsRegressorTrainer_1", "model_class": "scikit", "model_file": "KNeighborsRegressorTrainer_1.json", "features": ["bpf_block_irq", "bpf_cpu_time_us", "bpf_net_rx_irq", "bpf_net_tx_irq", "bpf_page_cache_hit"], "fe_files": [], "output_type": "AbsPower", "mae": 16.01637003058072, "mape": 5.206965989470399, "package_mae": 16.01637003058072, "core_mae": 0.0, "uncore_mae": 0.0, "dram_mae": 2.8860565749238556, "package_mape": 14.480239794145128, "core_mape": 0, "uncore_mape": 0, "dram_mape": 5.206965989470399}