{"model_name": "GradientBoostingRegressorTrainer_1", "model_class": "scikit", "model_file": "GradientBoostingRegressorTrainer_1.json", "features": ["bpf_block_irq", "bpf_net_rx_irq", "bpf_net_tx_irq", "cache_miss", "cpu_cycles", "cpu_instructions"], "fe_files": [], "output_type": "AbsPower", "mae": 3.594444812076598, "mape": 1.6594201196975638, "package_mae": 3.594444812076598, "core_mae": 0.0, "uncore_mae": 0.0, "dram_mae": 0.9525359997765569, "package_mape": 4.1325611081157, "core_mape": 0, "uncore_mape": 0, "dram_mape": 1.6594201196975638}