{"model_name": "SVRRegressorTrainer_1", "model_class": "scikit", "model_file": "SVRRegressorTrainer_1.json", "features": ["bpf_block_irq", "bpf_cpu_time_us", "bpf_net_rx_irq", "bpf_net_tx_irq", "bpf_page_cache_hit"], "fe_files": [], "output_type": "DynPower", "mae": 18.905311840846302, "mape": 191702580585733.2, "package_mae": 18.905311840846302, "core_mae": 0.0, "uncore_mae": 0.0, "dram_mae": 3.8311773715526964, "package_mape": 142.59016225325973, "core_mape": 0, "uncore_mape": 0, "dram_mape": 191702580585733.2}