{"model_name": "XgboostFitTrainer_1", "model_class": "xgboost", "model_file": "XgboostFitTrainer_1.json", "features": ["kubelet_cpu_usage", "kubelet_memory_bytes"], "fe_files": [], "output_type": "AbsPower", "mae": 29.775424936884658, "mape": 8.58413349794466, "package_mae": 29.775424936884658, "core_mae": 1.3356274394027423e-05, "uncore_mae": 1.3356274394027423e-05, "dram_mae": 4.790955633180616, "package_mape": 31.572060701492017, "core_mape": 0, "uncore_mape": 0, "dram_mape": 8.58413349794466}