{"model_name": "KNeighborsRegressorTrainer_1", "model_class": "scikit", "model_file": "KNeighborsRegressorTrainer_1.json", "features": ["bpf_cpu_time_us", "bpf_page_cache_hit", "cache_miss", "cgroupfs_cpu_usage_us", "cgroupfs_memory_usage_bytes", "cgroupfs_system_cpu_usage_us", "cgroupfs_user_cpu_usage_us", "cpu_cycles", "cpu_instructions", "kubelet_cpu_usage", "kubelet_memory_bytes"], "fe_files": [], "output_type": "AbsPower", "mae": 3.634599898065083, "mape": 1.402470977440707, "package_mae": 3.634599898065083, "core_mae": 0.0, "uncore_mae": 0.0, "dram_mae": 0.809641437308827, "package_mape": 4.243688812115407, "core_mape": 0, "uncore_mape": 0, "dram_mape": 1.402470977440707}