,model_name,model_class,model_file,features,fe_files,output_type,mae,package_mae,core_mae,uncore_mae,dram_mae,feature_group
4,GradientBoostingRegressorTrainer_1,scikit,GradientBoostingRegressorTrainer_1.json,"['kubelet_cpu_usage', 'kubelet_memory_bytes']",[],DynPower,17.64943770677112,17.64943770677112,0.0,0.0,13.079847961608724,KubeletOnly
2,KNeighborsRegressorTrainer_1,scikit,KNeighborsRegressorTrainer_1.json,"['kubelet_cpu_usage', 'kubelet_memory_bytes']",[],DynPower,19.275015339971954,19.275015339971954,0.0,0.0,14.265094941942746,KubeletOnly
3,LinearRegressionTrainer_1,scikit,LinearRegressionTrainer_1.json,"['kubelet_cpu_usage', 'kubelet_memory_bytes']",[],DynPower,20.240966717060466,20.240966717060466,0.0,0.0,17.20410751094874,KubeletOnly
0,SGDRegressorTrainer_1,scikit,SGDRegressorTrainer_1.json,"['kubelet_cpu_usage', 'kubelet_memory_bytes']",[],DynPower,25.146261028185368,25.146261028185368,0.0,0.0,16.55753069362652,KubeletOnly
5,PolynomialRegressionTrainer_1,scikit,PolynomialRegressionTrainer_1.json,"['kubelet_cpu_usage', 'kubelet_memory_bytes']",['poly_scaler.pkl'],DynPower,26.346184149248884,26.346184149248884,0.0,0.0,15.293864263089644,KubeletOnly
1,SVRRegressorTrainer_1,scikit,SVRRegressorTrainer_1.json,"['kubelet_cpu_usage', 'kubelet_memory_bytes']",[],DynPower,35.620332383862475,35.620332383862475,0.0,0.0,16.721483714212976,KubeletOnly
1,SVRRegressorTrainer_1,scikit,SVRRegressorTrainer_1.json,"['cgroupfs_cpu_usage_us', 'cgroupfs_memory_usage_bytes', 'cgroupfs_system_cpu_usage_us', 'cgroupfs_user_cpu_usage_us']",[],DynPower,79.81761102286471,79.81761102286471,0.0,0.0,21.58562175339385,CgroupOnly
4,GradientBoostingRegressorTrainer_1,scikit,GradientBoostingRegressorTrainer_1.json,"['cgroupfs_cpu_usage_us', 'cgroupfs_memory_usage_bytes', 'cgroupfs_system_cpu_usage_us', 'cgroupfs_user_cpu_usage_us']",[],DynPower,82.86885483327275,82.86885483327275,0.0,0.0,22.866592388137178,CgroupOnly
1,SVRRegressorTrainer_1,scikit,SVRRegressorTrainer_1.json,"['bpf_block_irq', 'bpf_cpu_time_us', 'bpf_net_rx_irq', 'bpf_net_tx_irq']",[],DynPower,86.18390028739215,86.18390028739215,0.0,0.0,17.787352725263293,BPFIRQ
2,KNeighborsRegressorTrainer_1,scikit,KNeighborsRegressorTrainer_1.json,"['cgroupfs_cpu_usage_us', 'cgroupfs_memory_usage_bytes', 'cgroupfs_system_cpu_usage_us', 'cgroupfs_user_cpu_usage_us']",[],DynPower,90.16132628523833,90.16132628523833,0.0,0.0,23.41592868987532,CgroupOnly
4,GradientBoostingRegressorTrainer_1,scikit,GradientBoostingRegressorTrainer_1.json,['bpf_cpu_time_us'],[],DynPower,90.71429180814427,90.71429180814427,0.0,0.0,20.482653616972883,BPFOnly
4,GradientBoostingRegressorTrainer_1,scikit,GradientBoostingRegressorTrainer_1.json,"['bpf_block_irq', 'bpf_cpu_time_us', 'bpf_net_rx_irq', 'bpf_net_tx_irq']",[],DynPower,93.01362944510998,93.01362944510998,0.0,0.0,21.45225706414544,BPFIRQ
3,LinearRegressionTrainer_1,scikit,LinearRegressionTrainer_1.json,"['cgroupfs_cpu_usage_us', 'cgroupfs_memory_usage_bytes', 'cgroupfs_system_cpu_usage_us', 'cgroupfs_user_cpu_usage_us']",[],DynPower,93.86017369315643,93.86017369315643,0.0,0.0,24.387276434491433,CgroupOnly
5,PolynomialRegressionTrainer_1,scikit,PolynomialRegressionTrainer_1.json,"['bpf_block_irq', 'bpf_cpu_time_us', 'bpf_net_rx_irq', 'bpf_net_tx_irq']",['poly_scaler.pkl'],DynPower,95.38837001973506,95.38837001973506,0.0,0.0,22.80395879053815,BPFIRQ
5,PolynomialRegressionTrainer_1,scikit,PolynomialRegressionTrainer_1.json,['bpf_cpu_time_us'],['poly_scaler.pkl'],DynPower,95.99400701757584,95.99400701757584,0.0,0.0,22.628858002255264,BPFOnly
3,LinearRegressionTrainer_1,scikit,LinearRegressionTrainer_1.json,"['bpf_block_irq', 'bpf_cpu_time_us', 'bpf_net_rx_irq', 'bpf_net_tx_irq']",[],DynPower,97.16657248756502,97.16657248756502,0.0,0.0,20.144038851577385,BPFIRQ
3,LinearRegressionTrainer_1,scikit,LinearRegressionTrainer_1.json,['bpf_cpu_time_us'],[],DynPower,97.5548375829065,97.5548375829065,0.0,0.0,20.939870198993937,BPFOnly
0,SGDRegressorTrainer_1,scikit,SGDRegressorTrainer_1.json,['bpf_cpu_time_us'],[],DynPower,98.08718783227955,98.08718783227955,0.0,0.0,20.141393511687028,BPFOnly
1,SVRRegressorTrainer_1,scikit,SVRRegressorTrainer_1.json,['bpf_cpu_time_us'],[],DynPower,98.11477380836645,98.11477380836645,0.0,0.0,16.293623194314375,BPFOnly
0,SGDRegressorTrainer_1,scikit,SGDRegressorTrainer_1.json,"['bpf_block_irq', 'bpf_cpu_time_us', 'bpf_net_rx_irq', 'bpf_net_tx_irq']",[],DynPower,99.56799526978077,99.56799526978077,0.0,0.0,19.781114515752243,BPFIRQ
5,PolynomialRegressionTrainer_1,scikit,PolynomialRegressionTrainer_1.json,"['cgroupfs_cpu_usage_us', 'cgroupfs_memory_usage_bytes', 'cgroupfs_system_cpu_usage_us', 'cgroupfs_user_cpu_usage_us']",['poly_scaler.pkl'],DynPower,100.5039288494812,100.5039288494812,0.0,0.0,23.522078747107184,CgroupOnly
0,SGDRegressorTrainer_1,scikit,SGDRegressorTrainer_1.json,"['cgroupfs_cpu_usage_us', 'cgroupfs_memory_usage_bytes', 'cgroupfs_system_cpu_usage_us', 'cgroupfs_user_cpu_usage_us']",[],DynPower,103.22619992570394,103.22619992570394,0.0,0.0,22.952172566286336,CgroupOnly
2,KNeighborsRegressorTrainer_1,scikit,KNeighborsRegressorTrainer_1.json,['bpf_cpu_time_us'],[],DynPower,106.43630514093871,106.43630514093871,0.0,0.0,18.625994195682594,BPFOnly
2,KNeighborsRegressorTrainer_1,scikit,KNeighborsRegressorTrainer_1.json,"['bpf_block_irq', 'bpf_cpu_time_us', 'bpf_net_rx_irq', 'bpf_net_tx_irq']",[],DynPower,108.11230223878906,108.11230223878906,0.0,0.0,21.213791044780958,BPFIRQ
