{"command": "train", "input": "coremark_kepler_query,stressng_kepler_query,parsec_kepler_query", "output": "output", "server": "http://localhost:9090", "interval": 300, "step": 3, "metric_prefix": "kepler_", "pipeline_name": "standard_pipeline", "extractor": "smooth", "isolator": "profile", "profile": "idle", "energy_source": "acpi,rapl", "abs_trainers": "PolynomialRegressionTrainer,GradientBoostingRegressorTrainer,SGDRegressorTrainer,KNeighborsRegressorTrainer,LinearRegressionTrainer,SVRRegressorTrainer", "dyn_trainers": "PolynomialRegressionTrainer,GradientBoostingRegressorTrainer,SGDRegressorTrainer,KNeighborsRegressorTrainer,LinearRegressionTrainer,SVRRegressorTrainer", "benchmark": null, "output_type": "AbsPower", "feature_group": "", "model_name": null}