{"model_name": "SGDRegressorTrainer_1", "model_class": "scikit", "model_file": "SGDRegressorTrainer_1.json", "features": ["bpf_cpu_time_us", "bpf_page_cache_hit", "cache_miss", "cgroupfs_cpu_usage_us", "cgroupfs_memory_usage_bytes", "cgroupfs_system_cpu_usage_us", "cgroupfs_user_cpu_usage_us", "cpu_cycles", "cpu_instructions", "kubelet_cpu_usage", "kubelet_memory_bytes"], "fe_files": [], "output_type": "DynPower", "mae": 12.444500305384109, "mape": 319830723417666.3, "package_mae": 12.444500305384109, "core_mae": 0.0, "uncore_mae": 0.0, "dram_mae": 2.0559874199559207, "package_mape": 96.56445051306906, "core_mape": 0, "uncore_mape": 0, "dram_mape": 319830723417666.3}