{"model_name": "PolynomialRegressionTrainer_1", "model_class": "scikit", "model_file": "PolynomialRegressionTrainer_1.json", "features": ["bpf_block_irq", "bpf_cpu_time_us", "bpf_net_rx_irq", "bpf_net_tx_irq", "bpf_page_cache_hit"], "fe_files": ["poly_scaler.pkl"], "output_type": "DynPower", "mae": 18.383671954215256, "mape": 360368807581341.44, "package_mae": 18.383671954215256, "core_mae": 0.0, "uncore_mae": 0.0, "dram_mae": 3.7888842542036145, "package_mape": 178.96608380181223, "core_mape": 0, "uncore_mape": 0, "dram_mape": 360368807581341.44}