{"platform": {"All_Weights": {"Bias_Weight": 1306.6603398397774, "Categorical_Variables": {}, "Numerical_Variables": {"bpf_block_irq": {"scale": 21.666666666666668, "mean": 0, "variance": 0, "weight": 183.34523014630784}, "bpf_net_rx_irq": {"scale": 12680.666666666668, "mean": 0, "variance": 0, "weight": 351.4292266170856}, "bpf_net_tx_irq": {"scale": 1.6666666666666667, "mean": 0, "variance": 0, "weight": 105.21486979369604}, "cache_miss": {"scale": 1726446003.6666667, "mean": 0, "variance": 0, "weight": 84.80447314667667}, "cpu_cycles": {"scale": 149306295734.0, "mean": 0, "variance": 0, "weight": 218.28392207804615}, "cpu_instructions": {"scale": 214099185926.3333, "mean": 0, "variance": 0, "weight": 76.20361728815423}}}}}