{"package": {"All_Weights": {"Bias_Weight": 104.83320895590032, "Categorical_Variables": {}, "Numerical_Variables": {"bpf_block_irq": {"scale": 21.666666666666668, "mean": 0, "variance": 0, "weight": 0.0}, "bpf_net_rx_irq": {"scale": 12680.666666666668, "mean": 0, "variance": 0, "weight": 0.0}, "bpf_net_tx_irq": {"scale": 1.6666666666666667, "mean": 0, "variance": 0, "weight": 0.0}, "cache_miss": {"scale": 1726446003.6666667, "mean": 0, "variance": 0, "weight": 41.36227097492748}, "cpu_cycles": {"scale": 149306295734.0, "mean": 0, "variance": 0, "weight": 241.59335373337026}, "cpu_instructions": {"scale": 214099185926.3333, "mean": 0, "variance": 0, "weight": 85.41477296605719}}}}, "core": {"All_Weights": {"Bias_Weight": 0.0, "Categorical_Variables": {}, "Numerical_Variables": {"bpf_block_irq": {"scale": 21.666666666666668, "mean": 0, "variance": 0, "weight": 0.0}, "bpf_net_rx_irq": {"scale": 12680.666666666668, "mean": 0, "variance": 0, "weight": 0.0}, "bpf_net_tx_irq": {"scale": 1.6666666666666667, "mean": 0, "variance": 0, "weight": 0.0}, "cache_miss": {"scale": 1726446003.6666667, "mean": 0, "variance": 0, "weight": 0.0}, "cpu_cycles": {"scale": 149306295734.0, "mean": 0, "variance": 0, "weight": 0.0}, "cpu_instructions": {"scale": 214099185926.3333, "mean": 0, "variance": 0, "weight": 0.0}}}}, "uncore": {"All_Weights": {"Bias_Weight": 0.0, "Categorical_Variables": {}, "Numerical_Variables": {"bpf_block_irq": {"scale": 21.666666666666668, "mean": 0, "variance": 0, "weight": 0.0}, "bpf_net_rx_irq": {"scale": 12680.666666666668, "mean": 0, "variance": 0, "weight": 0.0}, "bpf_net_tx_irq": {"scale": 1.6666666666666667, "mean": 0, "variance": 0, "weight": 0.0}, "cache_miss": {"scale": 1726446003.6666667, "mean": 0, "variance": 0, "weight": 0.0}, "cpu_cycles": {"scale": 149306295734.0, "mean": 0, "variance": 0, "weight": 0.0}, "cpu_instructions": {"scale": 214099185926.3333, "mean": 0, "variance": 0, "weight": 0.0}}}}, "dram": {"All_Weights": {"Bias_Weight": 49.93588071965739, "Categorical_Variables": {}, "Numerical_Variables": {"bpf_block_irq": {"scale": 21.666666666666668, "mean": 0, "variance": 0, "weight": 2.2714435271716282}, "bpf_net_rx_irq": {"scale": 12680.666666666668, "mean": 0, "variance": 0, "weight": 0.0}, "bpf_net_tx_irq": {"scale": 1.6666666666666667, "mean": 0, "variance": 0, "weight": 0.0}, "cache_miss": {"scale": 1726446003.6666667, "mean": 0, "variance": 0, "weight": 56.51338991265949}, "cpu_cycles": {"scale": 149306295734.0, "mean": 0, "variance": 0, "weight": 4.8136351618401845}, "cpu_instructions": {"scale": 214099185926.3333, "mean": 0, "variance": 0, "weight": 0.0}}}}}