{"package": {"All_Weights": {"Bias_Weight": 330.5582976867028, "Categorical_Variables": {}, "Numerical_Variables": {"bpf_block_irq": {"mean": 0.0, "variance": 0.0, "weight": 0.0}, "bpf_cpu_time_us": {"mean": 7618.048399687744, "variance": 49503566191.24723, "weight": 1.158729994466539}, "bpf_net_rx_irq": {"mean": 0.0, "variance": 0.0, "weight": 0.0}, "bpf_net_tx_irq": {"mean": 0.0, "variance": 0.0, "weight": 0.0}}}}, "core": {"All_Weights": {"Bias_Weight": 0.0, "Categorical_Variables": {}, "Numerical_Variables": {"bpf_block_irq": {"mean": 0.0, "variance": 0.0, "weight": 0.0}, "bpf_cpu_time_us": {"mean": 7618.048399687744, "variance": 49503566191.24723, "weight": 0.0}, "bpf_net_rx_irq": {"mean": 0.0, "variance": 0.0, "weight": 0.0}, "bpf_net_tx_irq": {"mean": 0.0, "variance": 0.0, "weight": 0.0}}}}, "uncore": {"All_Weights": {"Bias_Weight": 0.0, "Categorical_Variables": {}, "Numerical_Variables": {"bpf_block_irq": {"mean": 0.0, "variance": 0.0, "weight": 0.0}, "bpf_cpu_time_us": {"mean": 7618.048399687744, "variance": 49503566191.24723, "weight": 0.0}, "bpf_net_rx_irq": {"mean": 0.0, "variance": 0.0, "weight": 0.0}, "bpf_net_tx_irq": {"mean": 0.0, "variance": 0.0, "weight": 0.0}}}}, "dram": {"All_Weights": {"Bias_Weight": 128.82047151727107, "Categorical_Variables": {}, "Numerical_Variables": {"bpf_block_irq": {"mean": 0.0, "variance": 0.0, "weight": 0.0}, "bpf_cpu_time_us": {"mean": 7618.048399687744, "variance": 49503566191.24723, "weight": 0.0008169317994325746}, "bpf_net_rx_irq": {"mean": 0.0, "variance": 0.0, "weight": 0.0}, "bpf_net_tx_irq": {"mean": 0.0, "variance": 0.0, "weight": 0.0}}}}}