{"model_name": "SVRRegressorTrainer_1", "model_class": "scikit", "model_file": "SVRRegressorTrainer_1.json", "features": ["bpf_cpu_time_us", "bpf_page_cache_hit", "cache_miss", "cgroupfs_cpu_usage_us", "cgroupfs_memory_usage_bytes", "cgroupfs_system_cpu_usage_us", "cgroupfs_user_cpu_usage_us", "cpu_cycles", "cpu_instructions", "kubelet_cpu_usage", "kubelet_memory_bytes"], "fe_files": [], "output_type": "AbsPower", "mae": 13.015650018236451, "mape": 4.5986119504532255, "platform_mae": 13.015650018236451, "platform_mape": 4.5986119504532255}