{"package": {"All_Weights": {"Bias_Weight": 104.4277012230422, "Categorical_Variables": {}, "Numerical_Variables": {"cache_miss": {"scale": 1726446003.6666665, "mean": 0, "variance": 0, "weight": 52.48861105064961}, "cpu_cycles": {"scale": 149306295734.0, "mean": 0, "variance": 0, "weight": 231.95892382715164}, "cpu_instructions": {"scale": 214099185926.3333, "mean": 0, "variance": 0, "weight": 95.89409930338707}}}}, "core": {"All_Weights": {"Bias_Weight": 0.0, "Categorical_Variables": {}, "Numerical_Variables": {"cache_miss": {"scale": 1726446003.6666665, "mean": 0, "variance": 0, "weight": 0.0}, "cpu_cycles": {"scale": 149306295734.0, "mean": 0, "variance": 0, "weight": 0.0}, "cpu_instructions": {"scale": 214099185926.3333, "mean": 0, "variance": 0, "weight": 0.0}}}}, "uncore": {"All_Weights": {"Bias_Weight": 0.0, "Categorical_Variables": {}, "Numerical_Variables": {"cache_miss": {"scale": 1726446003.6666665, "mean": 0, "variance": 0, "weight": 0.0}, "cpu_cycles": {"scale": 149306295734.0, "mean": 0, "variance": 0, "weight": 0.0}, "cpu_instructions": {"scale": 214099185926.3333, "mean": 0, "variance": 0, "weight": 0.0}}}}, "dram": {"All_Weights": {"Bias_Weight": 50.203240039448154, "Categorical_Variables": {}, "Numerical_Variables": {"cache_miss": {"scale": 1726446003.6666665, "mean": 0, "variance": 0, "weight": 51.06885295405645}, "cpu_cycles": {"scale": 149306295734.0, "mean": 0, "variance": 0, "weight": 13.571573937111987}, "cpu_instructions": {"scale": 214099185926.3333, "mean": 0, "variance": 0, "weight": -14.585091386445166}}}}}