{"model_name": "PolynomialRegressionTrainer_1", "model_class": "scikit", "model_file": "PolynomialRegressionTrainer_1.json", "features": ["bpf_cpu_time_us", "bpf_page_cache_hit", "cache_miss", "cgroupfs_cpu_usage_us", "cgroupfs_memory_usage_bytes", "cgroupfs_system_cpu_usage_us", "cgroupfs_user_cpu_usage_us", "cpu_cycles", "cpu_instructions", "kubelet_cpu_usage", "kubelet_memory_bytes"], "fe_files": ["poly_scaler.pkl"], "output_type": "DynPower", "mae": 9.219060781898849, "mape": 42.43054723011427, "platform_mae": 9.219060781898849, "platform_mape": 42.43054723011427}