{"package": {"All_Weights": {"Bias_Weight": 460593876.1735915, "Categorical_Variables": {}, "Numerical_Variables": {"cgroupfs_cpu_usage_us": {"mean": 0.0, "variance": 0.0, "weight": -1164356524623.265}, "cgroupfs_memory_usage_bytes": {"mean": 0.0, "variance": 0.0, "weight": -3953867063003.247}, "cgroupfs_system_cpu_usage_us": {"mean": 0.0, "variance": 0.0, "weight": 6251363440957.132}, "cgroupfs_user_cpu_usage_us": {"mean": 0.0, "variance": 0.0, "weight": -161583680133.41684}}}}, "core": {"All_Weights": {"Bias_Weight": 0.0, "Categorical_Variables": {}, "Numerical_Variables": {"cgroupfs_cpu_usage_us": {"mean": 0.0, "variance": 0.0, "weight": 0.0}, "cgroupfs_memory_usage_bytes": {"mean": 0.0, "variance": 0.0, "weight": 0.0}, "cgroupfs_system_cpu_usage_us": {"mean": 0.0, "variance": 0.0, "weight": 0.0}, "cgroupfs_user_cpu_usage_us": {"mean": 0.0, "variance": 0.0, "weight": 0.0}}}}, "uncore": {"All_Weights": {"Bias_Weight": 0.0, "Categorical_Variables": {}, "Numerical_Variables": {"cgroupfs_cpu_usage_us": {"mean": 0.0, "variance": 0.0, "weight": 0.0}, "cgroupfs_memory_usage_bytes": {"mean": 0.0, "variance": 0.0, "weight": 0.0}, "cgroupfs_system_cpu_usage_us": {"mean": 0.0, "variance": 0.0, "weight": 0.0}, "cgroupfs_user_cpu_usage_us": {"mean": 0.0, "variance": 0.0, "weight": 0.0}}}}, "dram": {"All_Weights": {"Bias_Weight": 3711791362.799036, "Categorical_Variables": {}, "Numerical_Variables": {"cgroupfs_cpu_usage_us": {"mean": 0.0, "variance": 0.0, "weight": 2272994049390.417}, "cgroupfs_memory_usage_bytes": {"mean": 0.0, "variance": 0.0, "weight": 7695404202247.164}, "cgroupfs_system_cpu_usage_us": {"mean": 0.0, "variance": 0.0, "weight": -4482883740766.6455}, "cgroupfs_user_cpu_usage_us": {"mean": 0.0, "variance": 0.0, "weight": 778180652872.6742}}}}}