{"package": {"All_Weights": {"Bias_Weight": 416.14787829303486, "Categorical_Variables": {}, "Numerical_Variables": {"kubelet_cpu_usage": {"mean": 6.123171961674231, "variance": 70.12909661204964, "weight": 104.16828642093333}, "kubelet_memory_bytes": {"mean": 9603123.638930913, "variance": 3745854878484309.5, "weight": 13.048063903027558}}}}, "core": {"All_Weights": {"Bias_Weight": 0.0, "Categorical_Variables": {}, "Numerical_Variables": {"kubelet_cpu_usage": {"mean": 6.123171961674231, "variance": 70.12909661204964, "weight": 0.0}, "kubelet_memory_bytes": {"mean": 9603123.638930913, "variance": 3745854878484309.5, "weight": 0.0}}}}, "uncore": {"All_Weights": {"Bias_Weight": 0.0, "Categorical_Variables": {}, "Numerical_Variables": {"kubelet_cpu_usage": {"mean": 6.123171961674231, "variance": 70.12909661204964, "weight": 0.0}, "kubelet_memory_bytes": {"mean": 9603123.638930913, "variance": 3745854878484309.5, "weight": 0.0}}}}, "dram": {"All_Weights": {"Bias_Weight": 167.66204125261555, "Categorical_Variables": {}, "Numerical_Variables": {"kubelet_cpu_usage": {"mean": 6.123171961674231, "variance": 70.12909661204964, "weight": 17.60846900144183}, "kubelet_memory_bytes": {"mean": 9603123.638930913, "variance": 3745854878484309.5, "weight": 7.760273211108421}}}}}