{"model_name": "PolynomialRegressionTrainer_1", "model_class": "scikit", "model_file": "PolynomialRegressionTrainer_1.json", "features": ["bpf_cpu_time_us", "bpf_page_cache_hit", "cache_miss", "cgroupfs_cpu_usage_us", "cgroupfs_memory_usage_bytes", "cgroupfs_system_cpu_usage_us", "cgroupfs_user_cpu_usage_us", "cpu_cycles", "cpu_instructions", "kubelet_cpu_usage", "kubelet_memory_bytes"], "fe_files": ["poly_scaler.pkl"], "output_type": "DynPower", "mae": 6.1396251262448365, "mape": 26538494639745.29, "package_mae": 6.1396251262448365, "core_mae": 0.0, "uncore_mae": 0.0, "dram_mae": 1.4427463273842172, "package_mape": 61.08789868345003, "core_mape": 0, "uncore_mape": 0, "dram_mape": 26538494639745.29}