{"platform": {"All_Weights": {"Bias_Weight": 1333.1872758343661, "Categorical_Variables": {}, "Numerical_Variables": {"bpf_cpu_time_us": {"scale": 91498.0, "mean": 0, "variance": 0, "weight": 0.0}, "cache_miss": {"scale": 1726446003.6666667, "mean": 0, "variance": 0, "weight": 76.46445162761574}, "cgroupfs_cpu_usage_us": {"scale": 12701836.666666666, "mean": 0, "variance": 0, "weight": 0.0}, "cgroupfs_memory_usage_bytes": {"scale": 4781397.333333334, "mean": 0, "variance": 0, "weight": 0.0}, "cgroupfs_system_cpu_usage_us": {"scale": 2793123.3333333335, "mean": 0, "variance": 0, "weight": 0.0}, "cgroupfs_user_cpu_usage_us": {"scale": 9953209.0, "mean": 0, "variance": 0, "weight": 0.0}, "cpu_cycles": {"scale": 149306295734.0, "mean": 0, "variance": 0, "weight": 207.36278349358608}, "cpu_instructions": {"scale": 214099185926.3333, "mean": 0, "variance": 0, "weight": 72.58774894470152}, "kubelet_cpu_usage": {"scale": 604.6666666666666, "mean": 0, "variance": 0, "weight": 0.0}, "kubelet_memory_bytes": {"scale": 14456564394.666668, "mean": 0, "variance": 0, "weight": 0.0}}}}}