{"platform": {"All_Weights": {"Bias_Weight": 890.2893264039751, "Categorical_Variables": {}, "Numerical_Variables": {"bpf_cpu_time_us": {"scale": 91457.0, "mean": 0, "variance": 0, "weight": -116.76114299191832}, "cache_miss": {"scale": 1721389657.0, "mean": 0, "variance": 0, "weight": 109.71027440871036}, "cgroupfs_cpu_usage_us": {"scale": 12288345.666666666, "mean": 0, "variance": 0, "weight": 10.633687511676454}, "cgroupfs_memory_usage_bytes": {"scale": 3384661.3333333335, "mean": 0, "variance": 0, "weight": -53.20668100578849}, "cgroupfs_system_cpu_usage_us": {"scale": 2701153.3333333335, "mean": 0, "variance": 0, "weight": 7.267726241928082}, "cgroupfs_user_cpu_usage_us": {"scale": 9587192.333333334, "mean": 0, "variance": 0, "weight": 11.58202900814068}, "cpu_cycles": {"scale": 148099636063.0, "mean": 0, "variance": 0, "weight": 354.3971252744524}, "cpu_instructions": {"scale": 213934713999.66666, "mean": 0, "variance": 0, "weight": 97.39391073455414}, "kubelet_cpu_usage": {"scale": 604.6666666666666, "mean": 0, "variance": 0, "weight": -76.01835526708314}, "kubelet_memory_bytes": {"scale": 14456362325.333334, "mean": 0, "variance": 0, "weight": -152.40702118745767}}}}}