{"model_name": "XgboostFitTrainer_1", "model_class": "xgboost", "model_file": "XgboostFitTrainer_1.json", "features": ["bpf_cpu_time_us", "bpf_page_cache_hit"], "fe_files": [], "output_type": "DynPower", "mae": 11.742373597978693, "mape": 472851625293660.75, "package_mae": 11.742373597978693, "core_mae": 1.3356274394027423e-05, "uncore_mae": 1.3356274394027423e-05, "dram_mae": 1.782054574387546, "package_mape": 64.24223901009822, "core_mape": 0, "uncore_mape": 0, "dram_mape": 472851625293660.75}