{"package": {"All_Weights": {"Bias_Weight": 79.98204833935351, "Categorical_Variables": {}, "Numerical_Variables": {"bpf_block_irq": {"scale": 3.3333333333333335, "mean": 0, "variance": 0, "weight": 29.067618136330918}, "bpf_net_rx_irq": {"scale": 122.33333333333333, "mean": 0, "variance": 0, "weight": 0.0}, "bpf_net_tx_irq": {"scale": 0.6666666666666666, "mean": 0, "variance": 0, "weight": 37.96572770608539}, "cache_miss": {"scale": 1721389657.0, "mean": 0, "variance": 0, "weight": 36.84639878464952}, "cpu_cycles": {"scale": 148099636063.0, "mean": 0, "variance": 0, "weight": 221.1789539385529}, "cpu_instructions": {"scale": 213934713999.66666, "mean": 0, "variance": 0, "weight": 76.11857613734871}}}}, "core": {"All_Weights": {"Bias_Weight": 0.0, "Categorical_Variables": {}, "Numerical_Variables": {"bpf_block_irq": {"scale": 3.3333333333333335, "mean": 0, "variance": 0, "weight": 0.0}, "bpf_net_rx_irq": {"scale": 122.33333333333333, "mean": 0, "variance": 0, "weight": 0.0}, "bpf_net_tx_irq": {"scale": 0.6666666666666666, "mean": 0, "variance": 0, "weight": 0.0}, "cache_miss": {"scale": 1721389657.0, "mean": 0, "variance": 0, "weight": 0.0}, "cpu_cycles": {"scale": 148099636063.0, "mean": 0, "variance": 0, "weight": 0.0}, "cpu_instructions": {"scale": 213934713999.66666, "mean": 0, "variance": 0, "weight": 0.0}}}}, "uncore": {"All_Weights": {"Bias_Weight": 0.0, "Categorical_Variables": {}, "Numerical_Variables": {"bpf_block_irq": {"scale": 3.3333333333333335, "mean": 0, "variance": 0, "weight": 0.0}, "bpf_net_rx_irq": {"scale": 122.33333333333333, "mean": 0, "variance": 0, "weight": 0.0}, "bpf_net_tx_irq": {"scale": 0.6666666666666666, "mean": 0, "variance": 0, "weight": 0.0}, "cache_miss": {"scale": 1721389657.0, "mean": 0, "variance": 0, "weight": 0.0}, "cpu_cycles": {"scale": 148099636063.0, "mean": 0, "variance": 0, "weight": 0.0}, "cpu_instructions": {"scale": 213934713999.66666, "mean": 0, "variance": 0, "weight": 0.0}}}}, "dram": {"All_Weights": {"Bias_Weight": 33.164217871116165, "Categorical_Variables": {}, "Numerical_Variables": {"bpf_block_irq": {"scale": 3.3333333333333335, "mean": 0, "variance": 0, "weight": 10.916210366623757}, "bpf_net_rx_irq": {"scale": 122.33333333333333, "mean": 0, "variance": 0, "weight": 0.0}, "bpf_net_tx_irq": {"scale": 0.6666666666666666, "mean": 0, "variance": 0, "weight": 0.04417718614989248}, "cache_miss": {"scale": 1721389657.0, "mean": 0, "variance": 0, "weight": 57.18685999228257}, "cpu_cycles": {"scale": 148099636063.0, "mean": 0, "variance": 0, "weight": 4.3235564824954285}, "cpu_instructions": {"scale": 213934713999.66666, "mean": 0, "variance": 0, "weight": 0.0}}}}}