{"package": {"All_Weights": {"Bias_Weight": 91.64510391068673, "Categorical_Variables": {}, "Numerical_Variables": {"bpf_block_irq": {"scale": 3.3333333333333335, "mean": 0, "variance": 0, "weight": -5.229120898417841}, "bpf_cpu_time_us": {"scale": 91457.0, "mean": 0, "variance": 0, "weight": 242.32835922655832}, "bpf_net_rx_irq": {"scale": 122.33333333333333, "mean": 0, "variance": 0, "weight": -266.67954297401656}, "bpf_net_tx_irq": {"scale": 0.6666666666666666, "mean": 0, "variance": 0, "weight": 42.4265587195112}}}}, "core": {"All_Weights": {"Bias_Weight": 0.0, "Categorical_Variables": {}, "Numerical_Variables": {"bpf_block_irq": {"scale": 3.3333333333333335, "mean": 0, "variance": 0, "weight": 0.0}, "bpf_cpu_time_us": {"scale": 91457.0, "mean": 0, "variance": 0, "weight": 0.0}, "bpf_net_rx_irq": {"scale": 122.33333333333333, "mean": 0, "variance": 0, "weight": 0.0}, "bpf_net_tx_irq": {"scale": 0.6666666666666666, "mean": 0, "variance": 0, "weight": 0.0}}}}, "uncore": {"All_Weights": {"Bias_Weight": 0.0, "Categorical_Variables": {}, "Numerical_Variables": {"bpf_block_irq": {"scale": 3.3333333333333335, "mean": 0, "variance": 0, "weight": 0.0}, "bpf_cpu_time_us": {"scale": 91457.0, "mean": 0, "variance": 0, "weight": 0.0}, "bpf_net_rx_irq": {"scale": 122.33333333333333, "mean": 0, "variance": 0, "weight": 0.0}, "bpf_net_tx_irq": {"scale": 0.6666666666666666, "mean": 0, "variance": 0, "weight": 0.0}}}}, "dram": {"All_Weights": {"Bias_Weight": 34.64911090830524, "Categorical_Variables": {}, "Numerical_Variables": {"bpf_block_irq": {"scale": 3.3333333333333335, "mean": 0, "variance": 0, "weight": 0.3482990619473852}, "bpf_cpu_time_us": {"scale": 91457.0, "mean": 0, "variance": 0, "weight": 14.764646397853603}, "bpf_net_rx_irq": {"scale": 122.33333333333333, "mean": 0, "variance": 0, "weight": -0.07212611974363667}, "bpf_net_tx_irq": {"scale": 0.6666666666666666, "mean": 0, "variance": 0, "weight": -0.019672931431440943}}}}}