{"model_name": "SGDRegressorTrainer_1", "model_class": "scikit", "model_file": "SGDRegressorTrainer_1.json", "features": ["bpf_block_irq", "bpf_cpu_time_us", "bpf_net_rx_irq", "bpf_net_tx_irq", "bpf_page_cache_hit"], "fe_files": [], "output_type": "AbsPower", "mae": 19.401024176022673, "mape": 7.7777850934707775, "package_mae": 19.401024176022673, "core_mae": 0.0, "uncore_mae": 0.0, "dram_mae": 4.459560158319237, "package_mape": 19.226546656568956, "core_mape": 0, "uncore_mape": 0, "dram_mape": 7.7777850934707775}