{"model_name": "KNeighborsRegressorTrainer_1", "model_class": "scikit", "model_file": "KNeighborsRegressorTrainer_1.json", "features": ["bpf_cpu_time_us", "bpf_page_cache_hit", "cache_miss", "cgroupfs_cpu_usage_us", "cgroupfs_memory_usage_bytes", "cgroupfs_system_cpu_usage_us", "cgroupfs_user_cpu_usage_us", "cpu_cycles", "cpu_instructions", "kubelet_cpu_usage", "kubelet_memory_bytes"], "fe_files": [], "output_type": "AbsPower", "mae": 6.224770642201835, "mape": 2.317517202997196, "platform_mae": 6.224770642201835, "platform_mape": 2.317517202997196}