{"model_name": "LinearRegressionTrainer_1", "model_class": "scikit", "model_file": "LinearRegressionTrainer_1.json", "features": ["bpf_block_irq", "bpf_net_rx_irq", "bpf_net_tx_irq", "cache_miss", "cpu_cycles", "cpu_instructions"], "fe_files": [], "output_type": "AbsPower", "mae": 11.884716069858687, "mape": 4.314469870080754, "package_mae": 11.884716069858687, "core_mae": 0.0, "uncore_mae": 0.0, "dram_mae": 2.5822206670021437, "package_mape": 13.267448479501057, "core_mape": 0, "uncore_mape": 0, "dram_mape": 4.314469870080754}