{"platform": {"All_Weights": {"Bias_Weight": 879.8165091047116, "Categorical_Variables": {}, "Numerical_Variables": {"bpf_block_irq": {"scale": 3.3333333333333335, "mean": 0, "variance": 0, "weight": 32.224936949054864}, "bpf_net_rx_irq": {"scale": 122.33333333333333, "mean": 0, "variance": 0, "weight": 0.0}, "bpf_net_tx_irq": {"scale": 0.6666666666666666, "mean": 0, "variance": 0, "weight": 41.343789254778436}, "cache_miss": {"scale": 1721389657.0, "mean": 0, "variance": 0, "weight": 91.4792619427166}, "cpu_cycles": {"scale": 148099636063.0, "mean": 0, "variance": 0, "weight": 214.11146219596642}, "cpu_instructions": {"scale": 213934713999.66666, "mean": 0, "variance": 0, "weight": 88.64639172159424}}}}}