{"package": {"All_Weights": {"Bias_Weight": 330.4702496868762, "Categorical_Variables": {}, "Numerical_Variables": {"cgroupfs_cpu_usage_us": {"mean": 0.0, "variance": 0.0, "weight": 0.0}, "cgroupfs_memory_usage_bytes": {"mean": 0.0, "variance": 0.0, "weight": 0.0}, "cgroupfs_system_cpu_usage_us": {"mean": 0.0, "variance": 0.0, "weight": 0.0}, "cgroupfs_user_cpu_usage_us": {"mean": 0.0, "variance": 0.0, "weight": 0.0}}}}, "core": {"All_Weights": {"Bias_Weight": 0.0, "Categorical_Variables": {}, "Numerical_Variables": {"cgroupfs_cpu_usage_us": {"mean": 0.0, "variance": 0.0, "weight": 0.0}, "cgroupfs_memory_usage_bytes": {"mean": 0.0, "variance": 0.0, "weight": 0.0}, "cgroupfs_system_cpu_usage_us": {"mean": 0.0, "variance": 0.0, "weight": 0.0}, "cgroupfs_user_cpu_usage_us": {"mean": 0.0, "variance": 0.0, "weight": 0.0}}}}, "uncore": {"All_Weights": {"Bias_Weight": 0.0, "Categorical_Variables": {}, "Numerical_Variables": {"cgroupfs_cpu_usage_us": {"mean": 0.0, "variance": 0.0, "weight": 0.0}, "cgroupfs_memory_usage_bytes": {"mean": 0.0, "variance": 0.0, "weight": 0.0}, "cgroupfs_system_cpu_usage_us": {"mean": 0.0, "variance": 0.0, "weight": 0.0}, "cgroupfs_user_cpu_usage_us": {"mean": 0.0, "variance": 0.0, "weight": 0.0}}}}, "dram": {"All_Weights": {"Bias_Weight": 129.04602348796706, "Categorical_Variables": {}, "Numerical_Variables": {"cgroupfs_cpu_usage_us": {"mean": 0.0, "variance": 0.0, "weight": 0.0}, "cgroupfs_memory_usage_bytes": {"mean": 0.0, "variance": 0.0, "weight": 0.0}, "cgroupfs_system_cpu_usage_us": {"mean": 0.0, "variance": 0.0, "weight": 0.0}, "cgroupfs_user_cpu_usage_us": {"mean": 0.0, "variance": 0.0, "weight": 0.0}}}}}