{"package": {"All_Weights": {"Bias_Weight": -1263036808.6356816, "Categorical_Variables": {}, "Numerical_Variables": {"cgroupfs_cpu_usage_us": {"mean": 0.0, "variance": 0.0, "weight": -3962827146002.2534}, "cgroupfs_memory_usage_bytes": {"mean": 0.0, "variance": 0.0, "weight": -16923921694337.988}, "cgroupfs_system_cpu_usage_us": {"mean": 0.0, "variance": 0.0, "weight": 986435784885.7106}, "cgroupfs_user_cpu_usage_us": {"mean": 0.0, "variance": 0.0, "weight": -351516135995.196}}}}, "core": {"All_Weights": {"Bias_Weight": 0.0, "Categorical_Variables": {}, "Numerical_Variables": {"cgroupfs_cpu_usage_us": {"mean": 0.0, "variance": 0.0, "weight": 0.0}, "cgroupfs_memory_usage_bytes": {"mean": 0.0, "variance": 0.0, "weight": 0.0}, "cgroupfs_system_cpu_usage_us": {"mean": 0.0, "variance": 0.0, "weight": 0.0}, "cgroupfs_user_cpu_usage_us": {"mean": 0.0, "variance": 0.0, "weight": 0.0}}}}, "uncore": {"All_Weights": {"Bias_Weight": 0.0, "Categorical_Variables": {}, "Numerical_Variables": {"cgroupfs_cpu_usage_us": {"mean": 0.0, "variance": 0.0, "weight": 0.0}, "cgroupfs_memory_usage_bytes": {"mean": 0.0, "variance": 0.0, "weight": 0.0}, "cgroupfs_system_cpu_usage_us": {"mean": 0.0, "variance": 0.0, "weight": 0.0}, "cgroupfs_user_cpu_usage_us": {"mean": 0.0, "variance": 0.0, "weight": 0.0}}}}, "dram": {"All_Weights": {"Bias_Weight": -5518154128.433736, "Categorical_Variables": {}, "Numerical_Variables": {"cgroupfs_cpu_usage_us": {"mean": 0.0, "variance": 0.0, "weight": 166051867533.58826}, "cgroupfs_memory_usage_bytes": {"mean": 0.0, "variance": 0.0, "weight": -16559240256988.84}, "cgroupfs_system_cpu_usage_us": {"mean": 0.0, "variance": 0.0, "weight": 11129818064.917984}, "cgroupfs_user_cpu_usage_us": {"mean": 0.0, "variance": 0.0, "weight": 4112856388809.2437}}}}}