{"name": "output_pipeline", "isolator": "ProfileBackgroundIsolator", "extractor": "SmoothExtractor", "abs_trainers": ["PolynomialRegressionTrainer", "GradientBoostingRegressorTrainer", "SGDRegressorTrainer", "KNeighborsRegressorTrainer", "LinearRegressionTrainer", "SVRRegressorTrainer", "PolynomialRegressionTrainer", "GradientBoostingRegressorTrainer", "SGDRegressorTrainer", "KNeighborsRegressorTrainer", "LinearRegressionTrainer", "SVRRegressorTrainer", "PolynomialRegressionTrainer", "GradientBoostingRegressorTrainer", "SGDRegressorTrainer", "KNeighborsRegressorTrainer", "LinearRegressionTrainer", "SVRRegressorTrainer", "PolynomialRegressionTrainer", "GradientBoostingRegressorTrainer", "SGDRegressorTrainer", "KNeighborsRegressorTrainer", "LinearRegressionTrainer", "SVRRegressorTrainer", "PolynomialRegressionTrainer", "GradientBoostingRegressorTrainer", "SGDRegressorTrainer", "KNeighborsRegressorTrainer", "LinearRegressionTrainer", "SVRRegressorTrainer", "PolynomialRegressionTrainer", "GradientBoostingRegressorTrainer", "SGDRegressorTrainer", "KNeighborsRegressorTrainer", "LinearRegressionTrainer", "SVRRegressorTrainer", "PolynomialRegressionTrainer", "GradientBoostingRegressorTrainer", "SGDRegressorTrainer", "KNeighborsRegressorTrainer", "LinearRegressionTrainer", "SVRRegressorTrainer", "PolynomialRegressionTrainer", "GradientBoostingRegressorTrainer", "SGDRegressorTrainer", "KNeighborsRegressorTrainer", "LinearRegressionTrainer", "SVRRegressorTrainer"], "dyn_trainers": ["PolynomialRegressionTrainer", "GradientBoostingRegressorTrainer", "SGDRegressorTrainer", "KNeighborsRegressorTrainer", "LinearRegressionTrainer", "SVRRegressorTrainer", "PolynomialRegressionTrainer", "GradientBoostingRegressorTrainer", "SGDRegressorTrainer", "KNeighborsRegressorTrainer", "LinearRegressionTrainer", "SVRRegressorTrainer", "PolynomialRegressionTrainer", "GradientBoostingRegressorTrainer", "SGDRegressorTrainer", "KNeighborsRegressorTrainer", "LinearRegressionTrainer", "SVRRegressorTrainer", "PolynomialRegressionTrainer", "GradientBoostingRegressorTrainer", "SGDRegressorTrainer", "KNeighborsRegressorTrainer", "LinearRegressionTrainer", "SVRRegressorTrainer", "PolynomialRegressionTrainer", "GradientBoostingRegressorTrainer", "SGDRegressorTrainer", "KNeighborsRegressorTrainer", "LinearRegressionTrainer", "SVRRegressorTrainer", "PolynomialRegressionTrainer", "GradientBoostingRegressorTrainer", "SGDRegressorTrainer", "KNeighborsRegressorTrainer", "LinearRegressionTrainer", "SVRRegressorTrainer", "PolynomialRegressionTrainer", "GradientBoostingRegressorTrainer", "SGDRegressorTrainer", "KNeighborsRegressorTrainer", "LinearRegressionTrainer", "SVRRegressorTrainer", "PolynomialRegressionTrainer", "GradientBoostingRegressorTrainer", "SGDRegressorTrainer", "KNeighborsRegressorTrainer", "LinearRegressionTrainer", "SVRRegressorTrainer"]}