,model_name,model_class,model_file,features,fe_files,output_type,mae,package_mae,core_mae,uncore_mae,dram_mae,feature_group
4,GradientBoostingRegressorTrainer_1,scikit,GradientBoostingRegressorTrainer_1.json,"['kubelet_cpu_usage', 'kubelet_memory_bytes']",[],AbsPower,8.595589054944032,8.595589054944032,0.0,0.0,4.439972081976485,KubeletOnly
2,KNeighborsRegressorTrainer_1,scikit,KNeighborsRegressorTrainer_1.json,"['kubelet_cpu_usage', 'kubelet_memory_bytes']",[],AbsPower,10.081209156785105,10.081209156785105,0.0,0.0,5.755862801932523,KubeletOnly
5,PolynomialRegressionTrainer_1,scikit,PolynomialRegressionTrainer_1.json,"['kubelet_cpu_usage', 'kubelet_memory_bytes']",['poly_scaler.pkl'],AbsPower,17.646303507226246,17.646303507226246,0.0,0.0,8.023132999688931,KubeletOnly
2,KNeighborsRegressorTrainer_1,scikit,KNeighborsRegressorTrainer_1.json,"['bpf_block_irq', 'bpf_cpu_time_us', 'bpf_net_rx_irq', 'bpf_net_tx_irq']",[],AbsPower,17.687809222661183,17.687809222661183,0.0,0.0,3.7585111769872768,BPFIRQ
1,SVRRegressorTrainer_1,scikit,SVRRegressorTrainer_1.json,"['kubelet_cpu_usage', 'kubelet_memory_bytes']",[],AbsPower,17.916106154799795,17.916106154799795,0.0,0.0,6.283123112052169,KubeletOnly
0,SGDRegressorTrainer_1,scikit,SGDRegressorTrainer_1.json,"['kubelet_cpu_usage', 'kubelet_memory_bytes']",[],AbsPower,18.135825583245964,18.135825583245964,0.0,0.0,7.96613984981729,KubeletOnly
3,LinearRegressionTrainer_1,scikit,LinearRegressionTrainer_1.json,"['kubelet_cpu_usage', 'kubelet_memory_bytes']",[],AbsPower,18.530037135149016,18.530037135149016,0.0,0.0,8.982437265867677,KubeletOnly
2,KNeighborsRegressorTrainer_1,scikit,KNeighborsRegressorTrainer_1.json,"['cgroupfs_cpu_usage_us', 'cgroupfs_memory_usage_bytes', 'cgroupfs_system_cpu_usage_us', 'cgroupfs_user_cpu_usage_us']",[],AbsPower,33.11744257795356,33.11744257795356,0.0,0.0,8.213548836188119,CgroupOnly
4,GradientBoostingRegressorTrainer_1,scikit,GradientBoostingRegressorTrainer_1.json,"['cgroupfs_cpu_usage_us', 'cgroupfs_memory_usage_bytes', 'cgroupfs_system_cpu_usage_us', 'cgroupfs_user_cpu_usage_us']",[],AbsPower,46.060110534970775,46.060110534970775,0.0,0.0,10.389311391201732,CgroupOnly
4,GradientBoostingRegressorTrainer_1,scikit,GradientBoostingRegressorTrainer_1.json,['bpf_cpu_time_us'],[],AbsPower,46.201115568815005,46.201115568815005,0.0,0.0,10.397102612326576,BPFOnly
4,GradientBoostingRegressorTrainer_1,scikit,GradientBoostingRegressorTrainer_1.json,"['bpf_block_irq', 'bpf_cpu_time_us', 'bpf_net_rx_irq', 'bpf_net_tx_irq']",[],AbsPower,47.331541187817905,47.331541187817905,0.0,0.0,8.5024505573888,BPFIRQ
5,PolynomialRegressionTrainer_1,scikit,PolynomialRegressionTrainer_1.json,"['cgroupfs_cpu_usage_us', 'cgroupfs_memory_usage_bytes', 'cgroupfs_system_cpu_usage_us', 'cgroupfs_user_cpu_usage_us']",['poly_scaler.pkl'],AbsPower,50.0065209518262,50.0065209518262,0.0,0.0,13.421773531236893,CgroupOnly
2,KNeighborsRegressorTrainer_1,scikit,KNeighborsRegressorTrainer_1.json,['bpf_cpu_time_us'],[],AbsPower,51.88430204216082,51.88430204216082,0.0,0.0,9.816318093983117,BPFOnly
1,SVRRegressorTrainer_1,scikit,SVRRegressorTrainer_1.json,"['cgroupfs_cpu_usage_us', 'cgroupfs_memory_usage_bytes', 'cgroupfs_system_cpu_usage_us', 'cgroupfs_user_cpu_usage_us']",[],AbsPower,52.13617690102326,52.13617690102326,0.0,0.0,9.673170834887872,CgroupOnly
0,SGDRegressorTrainer_1,scikit,SGDRegressorTrainer_1.json,"['cgroupfs_cpu_usage_us', 'cgroupfs_memory_usage_bytes', 'cgroupfs_system_cpu_usage_us', 'cgroupfs_user_cpu_usage_us']",[],AbsPower,57.24184024944633,57.24184024944633,0.0,0.0,13.77065839095541,CgroupOnly
1,SVRRegressorTrainer_1,scikit,SVRRegressorTrainer_1.json,['bpf_cpu_time_us'],[],AbsPower,57.349971021500124,57.349971021500124,0.0,0.0,9.843656372152797,BPFOnly
5,PolynomialRegressionTrainer_1,scikit,PolynomialRegressionTrainer_1.json,['bpf_cpu_time_us'],['poly_scaler.pkl'],AbsPower,60.52110685211804,60.52110685211804,0.0,0.0,12.874822178773748,BPFOnly
1,SVRRegressorTrainer_1,scikit,SVRRegressorTrainer_1.json,"['bpf_block_irq', 'bpf_cpu_time_us', 'bpf_net_rx_irq', 'bpf_net_tx_irq']",[],AbsPower,61.122797123502814,61.122797123502814,0.0,0.0,9.286008300522644,BPFIRQ
3,LinearRegressionTrainer_1,scikit,LinearRegressionTrainer_1.json,['bpf_cpu_time_us'],[],AbsPower,63.50901270659808,63.50901270659808,0.0,0.0,14.618614670257346,BPFOnly
3,LinearRegressionTrainer_1,scikit,LinearRegressionTrainer_1.json,"['cgroupfs_cpu_usage_us', 'cgroupfs_memory_usage_bytes', 'cgroupfs_system_cpu_usage_us', 'cgroupfs_user_cpu_usage_us']",[],AbsPower,65.81897461773016,65.81897461773016,0.0,0.0,13.487955852553288,CgroupOnly
3,LinearRegressionTrainer_1,scikit,LinearRegressionTrainer_1.json,"['bpf_block_irq', 'bpf_cpu_time_us', 'bpf_net_rx_irq', 'bpf_net_tx_irq']",[],AbsPower,65.92482502363093,65.92482502363093,0.0,0.0,13.670285533850377,BPFIRQ
5,PolynomialRegressionTrainer_1,scikit,PolynomialRegressionTrainer_1.json,"['bpf_block_irq', 'bpf_cpu_time_us', 'bpf_net_rx_irq', 'bpf_net_tx_irq']",['poly_scaler.pkl'],AbsPower,66.80075574644424,66.80075574644424,0.0,0.0,12.798077307564188,BPFIRQ
0,SGDRegressorTrainer_1,scikit,SGDRegressorTrainer_1.json,['bpf_cpu_time_us'],[],AbsPower,69.91867917041141,69.91867917041141,0.0,0.0,14.297694966655227,BPFOnly
0,SGDRegressorTrainer_1,scikit,SGDRegressorTrainer_1.json,"['bpf_block_irq', 'bpf_cpu_time_us', 'bpf_net_rx_irq', 'bpf_net_tx_irq']",[],AbsPower,17461083963392.021,17461083963392.021,0.0,0.0,9909224208313.605,BPFIRQ
