{"package": {"model_file": "package.json", "features": ["kubelet_cpu_usage", "kubelet_memory_bytes"], "fe_files": ["scaler.pkl"]}, "core": {"model_file": "core.json", "features": ["kubelet_cpu_usage", "kubelet_memory_bytes"], "fe_files": ["scaler.pkl"]}, "uncore": {"model_file": "uncore.json", "features": ["kubelet_cpu_usage", "kubelet_memory_bytes"], "fe_files": ["scaler.pkl"]}, "dram": {"model_file": "dram.json", "features": ["kubelet_cpu_usage", "kubelet_memory_bytes"], "fe_files": ["scaler.pkl"]}}