{"package": {"All_Weights": {"Bias_Weight": 85.40633780590775, "Categorical_Variables": {}, "Numerical_Variables": {"cache_miss": {"scale": 1721389657.0, "mean": 0, "variance": 0, "weight": 42.50275548214941}, "cpu_cycles": {"scale": 148099636063.0, "mean": 0, "variance": 0, "weight": 222.34660854154103}, "cpu_instructions": {"scale": 213934713999.66666, "mean": 0, "variance": 0, "weight": 85.22043076367306}}}}, "core": {"All_Weights": {"Bias_Weight": 0.0, "Categorical_Variables": {}, "Numerical_Variables": {"cache_miss": {"scale": 1721389657.0, "mean": 0, "variance": 0, "weight": 0.0}, "cpu_cycles": {"scale": 148099636063.0, "mean": 0, "variance": 0, "weight": 0.0}, "cpu_instructions": {"scale": 213934713999.66666, "mean": 0, "variance": 0, "weight": 0.0}}}}, "uncore": {"All_Weights": {"Bias_Weight": 0.0, "Categorical_Variables": {}, "Numerical_Variables": {"cache_miss": {"scale": 1721389657.0, "mean": 0, "variance": 0, "weight": 0.0}, "cpu_cycles": {"scale": 148099636063.0, "mean": 0, "variance": 0, "weight": 0.0}, "cpu_instructions": {"scale": 213934713999.66666, "mean": 0, "variance": 0, "weight": 0.0}}}}, "dram": {"All_Weights": {"Bias_Weight": 33.53239431076573, "Categorical_Variables": {}, "Numerical_Variables": {"cache_miss": {"scale": 1721389657.0, "mean": 0, "variance": 0, "weight": 50.525480578971106}, "cpu_cycles": {"scale": 148099636063.0, "mean": 0, "variance": 0, "weight": 13.719451061547172}, "cpu_instructions": {"scale": 213934713999.66666, "mean": 0, "variance": 0, "weight": -15.30689067822822}}}}}