{"model_name": "PolynomialRegressionTrainer_1", "model_class": "scikit", "model_file": "PolynomialRegressionTrainer_1.json", "features": ["bpf_cpu_time_us", "cache_miss", "cgroupfs_cpu_usage_us", "cgroupfs_memory_usage_bytes", "cgroupfs_system_cpu_usage_us", "cgroupfs_user_cpu_usage_us", "cpu_cycles", "cpu_instructions", "kubelet_cpu_usage", "kubelet_memory_bytes"], "fe_files": ["poly_scaler.pkl"], "output_type": "AbsPower", "mae": 43.991107483806346, "package_mae": 43.991107483806346, "core_mae": 0.0, "uncore_mae": 0.0, "dram_mae": 4.528251174503113}