{"model_name": "LinearRegressionTrainer_1", "model_class": "scikit", "model_file": "LinearRegressionTrainer_1.json", "features": ["bpf_block_irq", "bpf_cpu_time_us", "bpf_net_rx_irq", "bpf_net_tx_irq", "bpf_page_cache_hit"], "fe_files": [], "output_type": "DynPower", "mae": 18.589579832397998, "mape": 1754559228794.6152, "package_mae": 18.589579832397998, "core_mae": 0.0, "uncore_mae": 0.0, "dram_mae": 4.431180641270785, "package_mape": 225.21300801227582, "core_mape": 0, "uncore_mape": 0, "dram_mape": 1754559228794.6152}