{"model_name": "PolynomialRegressionTrainer_1", "model_class": "scikit", "model_file": "PolynomialRegressionTrainer_1.json", "features": ["cache_miss", "cpu_cycles", "cpu_instructions"], "fe_files": ["poly_scaler.pkl"], "output_type": "DynPower", "mae": 6.999083004361468, "mape": 69.33910980416167, "package_mae": 6.999083004361468, "core_mae": 0.0, "uncore_mae": 0.0, "dram_mae": 1.3925305857170434, "package_mape": 54.85027949100328, "core_mape": 0, "uncore_mape": 0, "dram_mape": 69.33910980416167}