{"package": {"All_Weights": {"Bias_Weight": 105.70384039830417, "Categorical_Variables": {}, "Numerical_Variables": {"bpf_block_irq": {"scale": 21.666666666666668, "mean": 0, "variance": 0, "weight": 1.6887504131013058}, "bpf_net_rx_irq": {"scale": 12680.666666666668, "mean": 0, "variance": 0, "weight": -9.739359068561708}, "bpf_net_tx_irq": {"scale": 1.6666666666666667, "mean": 0, "variance": 0, "weight": -4.184288195757974}, "cache_miss": {"scale": 1726446003.6666667, "mean": 0, "variance": 0, "weight": 43.409467079293805}, "cpu_cycles": {"scale": 149306295734.0, "mean": 0, "variance": 0, "weight": 236.36156163061827}, "cpu_instructions": {"scale": 214099185926.3333, "mean": 0, "variance": 0, "weight": 94.2450271063484}}}}, "core": {"All_Weights": {"Bias_Weight": 0.0, "Categorical_Variables": {}, "Numerical_Variables": {"bpf_block_irq": {"scale": 21.666666666666668, "mean": 0, "variance": 0, "weight": 0.0}, "bpf_net_rx_irq": {"scale": 12680.666666666668, "mean": 0, "variance": 0, "weight": 0.0}, "bpf_net_tx_irq": {"scale": 1.6666666666666667, "mean": 0, "variance": 0, "weight": 0.0}, "cache_miss": {"scale": 1726446003.6666667, "mean": 0, "variance": 0, "weight": 0.0}, "cpu_cycles": {"scale": 149306295734.0, "mean": 0, "variance": 0, "weight": 0.0}, "cpu_instructions": {"scale": 214099185926.3333, "mean": 0, "variance": 0, "weight": 0.0}}}}, "uncore": {"All_Weights": {"Bias_Weight": 0.0, "Categorical_Variables": {}, "Numerical_Variables": {"bpf_block_irq": {"scale": 21.666666666666668, "mean": 0, "variance": 0, "weight": 0.0}, "bpf_net_rx_irq": {"scale": 12680.666666666668, "mean": 0, "variance": 0, "weight": 0.0}, "bpf_net_tx_irq": {"scale": 1.6666666666666667, "mean": 0, "variance": 0, "weight": 0.0}, "cache_miss": {"scale": 1726446003.6666667, "mean": 0, "variance": 0, "weight": 0.0}, "cpu_cycles": {"scale": 149306295734.0, "mean": 0, "variance": 0, "weight": 0.0}, "cpu_instructions": {"scale": 214099185926.3333, "mean": 0, "variance": 0, "weight": 0.0}}}}, "dram": {"All_Weights": {"Bias_Weight": 50.286626561309504, "Categorical_Variables": {}, "Numerical_Variables": {"bpf_block_irq": {"scale": 21.666666666666668, "mean": 0, "variance": 0, "weight": 0.21720865938525308}, "bpf_net_rx_irq": {"scale": 12680.666666666668, "mean": 0, "variance": 0, "weight": 0.5059606244630788}, "bpf_net_tx_irq": {"scale": 1.6666666666666667, "mean": 0, "variance": 0, "weight": -0.3234078543257737}, "cache_miss": {"scale": 1726446003.6666667, "mean": 0, "variance": 0, "weight": 50.06898597521565}, "cpu_cycles": {"scale": 149306295734.0, "mean": 0, "variance": 0, "weight": 13.5140583721213}, "cpu_instructions": {"scale": 214099185926.3333, "mean": 0, "variance": 0, "weight": -14.559841819892684}}}}}