{"model_name": "SVRRegressorTrainer_1", "model_class": "scikit", "model_file": "SVRRegressorTrainer_1.json", "features": ["bpf_cpu_time_us", "bpf_page_cache_hit", "cache_miss", "cgroupfs_cpu_usage_us", "cgroupfs_memory_usage_bytes", "cgroupfs_system_cpu_usage_us", "cgroupfs_user_cpu_usage_us", "cpu_cycles", "cpu_instructions", "kubelet_cpu_usage", "kubelet_memory_bytes"], "fe_files": [], "output_type": "DynPower", "mae": 7.788893587114919, "mape": 68969688186387.3, "package_mae": 7.788893587114919, "core_mae": 0.0, "uncore_mae": 0.0, "dram_mae": 1.2339026015767436, "package_mape": 33.348695896865436, "core_mape": 0, "uncore_mape": 0, "dram_mape": 68969688186387.3}