,model_name,model_class,model_file,features,fe_files,output_type,mae,mape,platform_mae,platform_mape,feature_group
2,XgboostFitTrainer_1,xgboost,XgboostFitTrainer_1.json,"['bpf_block_irq', 'bpf_cpu_time_us', 'bpf_net_rx_irq', 'bpf_net_tx_irq', 'bpf_page_cache_hit']",[],AbsPower,14.01877279019137,5.155612961652817,14.01877279019137,5.155612961652817,BPFIRQ
5,GradientBoostingRegressorTrainer_1,scikit,GradientBoostingRegressorTrainer_1.json,"['bpf_block_irq', 'bpf_cpu_time_us', 'bpf_net_rx_irq', 'bpf_net_tx_irq', 'bpf_page_cache_hit']",[],AbsPower,16.06710290415698,5.810103183822231,16.06710290415698,5.810103183822231,BPFIRQ
3,KNeighborsRegressorTrainer_1,scikit,KNeighborsRegressorTrainer_1.json,"['bpf_block_irq', 'bpf_cpu_time_us', 'bpf_net_rx_irq', 'bpf_net_tx_irq', 'bpf_page_cache_hit']",[],AbsPower,20.17737003058104,7.291352272720571,20.17737003058104,7.291352272720571,BPFIRQ
6,PolynomialRegressionTrainer_1,scikit,PolynomialRegressionTrainer_1.json,"['bpf_block_irq', 'bpf_cpu_time_us', 'bpf_net_rx_irq', 'bpf_net_tx_irq', 'bpf_page_cache_hit']",['poly_scaler.pkl'],AbsPower,23.40647238747199,8.186799222490736,23.40647238747199,8.186799222490736,BPFIRQ
1,SVRRegressorTrainer_1,scikit,SVRRegressorTrainer_1.json,"['bpf_block_irq', 'bpf_cpu_time_us', 'bpf_net_rx_irq', 'bpf_net_tx_irq', 'bpf_page_cache_hit']",[],AbsPower,24.280079481438335,8.274732922912484,24.280079481438335,8.274732922912484,BPFIRQ
4,LinearRegressionTrainer_1,scikit,LinearRegressionTrainer_1.json,"['bpf_block_irq', 'bpf_cpu_time_us', 'bpf_net_rx_irq', 'bpf_net_tx_irq', 'bpf_page_cache_hit']",[],AbsPower,25.73845481029619,9.53550227057044,25.73845481029619,9.53550227057044,BPFIRQ
0,SGDRegressorTrainer_1,scikit,SGDRegressorTrainer_1.json,"['bpf_block_irq', 'bpf_cpu_time_us', 'bpf_net_rx_irq', 'bpf_net_tx_irq', 'bpf_page_cache_hit']",[],AbsPower,27.629936954806197,10.159745322603015,27.629936954806197,10.159745322603015,BPFIRQ
2,XgboostFitTrainer_1,xgboost,XgboostFitTrainer_1.json,"['bpf_cpu_time_us', 'bpf_page_cache_hit']",[],AbsPower,13.557404124408688,4.936612902114223,13.557404124408688,4.936612902114223,BPFOnly
5,GradientBoostingRegressorTrainer_1,scikit,GradientBoostingRegressorTrainer_1.json,"['bpf_cpu_time_us', 'bpf_page_cache_hit']",[],AbsPower,15.87508285755701,5.647576637396798,15.87508285755701,5.647576637396798,BPFOnly
3,KNeighborsRegressorTrainer_1,scikit,KNeighborsRegressorTrainer_1.json,"['bpf_cpu_time_us', 'bpf_page_cache_hit']",[],AbsPower,16.629969418960243,5.674257716485845,16.629969418960243,5.674257716485845,BPFOnly
6,PolynomialRegressionTrainer_1,scikit,PolynomialRegressionTrainer_1.json,"['bpf_cpu_time_us', 'bpf_page_cache_hit']",['poly_scaler.pkl'],AbsPower,20.57579885053095,7.594238181566722,20.57579885053095,7.594238181566722,BPFOnly
1,SVRRegressorTrainer_1,scikit,SVRRegressorTrainer_1.json,"['bpf_cpu_time_us', 'bpf_page_cache_hit']",[],AbsPower,23.45709937372504,8.461278872674976,23.45709937372504,8.461278872674976,BPFOnly
0,SGDRegressorTrainer_1,scikit,SGDRegressorTrainer_1.json,"['bpf_cpu_time_us', 'bpf_page_cache_hit']",[],AbsPower,26.99725148263589,10.131357424940004,26.99725148263589,10.131357424940004,BPFOnly
4,LinearRegressionTrainer_1,scikit,LinearRegressionTrainer_1.json,"['bpf_cpu_time_us', 'bpf_page_cache_hit']",[],AbsPower,28.39860445789611,10.309027235543924,28.39860445789611,10.309027235543924,BPFOnly
2,XgboostFitTrainer_1,xgboost,XgboostFitTrainer_1.json,"['bpf_cpu_time_us', 'bpf_page_cache_hit', 'cache_miss', 'cgroupfs_cpu_usage_us', 'cgroupfs_memory_usage_bytes', 'cgroupfs_system_cpu_usage_us', 'cgroupfs_user_cpu_usage_us', 'cpu_cycles', 'cpu_instructions', 'kubelet_cpu_usage', 'kubelet_memory_bytes']",[],AbsPower,4.443538280802035,1.6789026238944635,4.443538280802035,1.6789026238944635,Basic
5,GradientBoostingRegressorTrainer_1,scikit,GradientBoostingRegressorTrainer_1.json,"['bpf_cpu_time_us', 'bpf_page_cache_hit', 'cache_miss', 'cgroupfs_cpu_usage_us', 'cgroupfs_memory_usage_bytes', 'cgroupfs_system_cpu_usage_us', 'cgroupfs_user_cpu_usage_us', 'cpu_cycles', 'cpu_instructions', 'kubelet_cpu_usage', 'kubelet_memory_bytes']",[],AbsPower,4.842137597299404,1.8090376674255264,4.842137597299404,1.8090376674255264,Basic
3,KNeighborsRegressorTrainer_1,scikit,KNeighborsRegressorTrainer_1.json,"['bpf_cpu_time_us', 'bpf_page_cache_hit', 'cache_miss', 'cgroupfs_cpu_usage_us', 'cgroupfs_memory_usage_bytes', 'cgroupfs_system_cpu_usage_us', 'cgroupfs_user_cpu_usage_us', 'cpu_cycles', 'cpu_instructions', 'kubelet_cpu_usage', 'kubelet_memory_bytes']",[],AbsPower,6.224770642201835,2.317517202997196,6.224770642201835,2.317517202997196,Basic
6,PolynomialRegressionTrainer_1,scikit,PolynomialRegressionTrainer_1.json,"['bpf_cpu_time_us', 'bpf_page_cache_hit', 'cache_miss', 'cgroupfs_cpu_usage_us', 'cgroupfs_memory_usage_bytes', 'cgroupfs_system_cpu_usage_us', 'cgroupfs_user_cpu_usage_us', 'cpu_cycles', 'cpu_instructions', 'kubelet_cpu_usage', 'kubelet_memory_bytes']",['poly_scaler.pkl'],AbsPower,9.317741044070743,3.369823465355845,9.317741044070743,3.369823465355845,Basic
1,SVRRegressorTrainer_1,scikit,SVRRegressorTrainer_1.json,"['bpf_cpu_time_us', 'bpf_page_cache_hit', 'cache_miss', 'cgroupfs_cpu_usage_us', 'cgroupfs_memory_usage_bytes', 'cgroupfs_system_cpu_usage_us', 'cgroupfs_user_cpu_usage_us', 'cpu_cycles', 'cpu_instructions', 'kubelet_cpu_usage', 'kubelet_memory_bytes']",[],AbsPower,13.015650018236451,4.5986119504532255,13.015650018236451,4.5986119504532255,Basic
0,SGDRegressorTrainer_1,scikit,SGDRegressorTrainer_1.json,"['bpf_cpu_time_us', 'bpf_page_cache_hit', 'cache_miss', 'cgroupfs_cpu_usage_us', 'cgroupfs_memory_usage_bytes', 'cgroupfs_system_cpu_usage_us', 'cgroupfs_user_cpu_usage_us', 'cpu_cycles', 'cpu_instructions', 'kubelet_cpu_usage', 'kubelet_memory_bytes']",[],AbsPower,17.168947589816472,6.20968184669616,17.168947589816472,6.20968184669616,Basic
4,LinearRegressionTrainer_1,scikit,LinearRegressionTrainer_1.json,"['bpf_cpu_time_us', 'bpf_page_cache_hit', 'cache_miss', 'cgroupfs_cpu_usage_us', 'cgroupfs_memory_usage_bytes', 'cgroupfs_system_cpu_usage_us', 'cgroupfs_user_cpu_usage_us', 'cpu_cycles', 'cpu_instructions', 'kubelet_cpu_usage', 'kubelet_memory_bytes']",[],AbsPower,17.538673244519444,6.390940312721363,17.538673244519444,6.390940312721363,Basic
2,XgboostFitTrainer_1,xgboost,XgboostFitTrainer_1.json,"['cgroupfs_cpu_usage_us', 'cgroupfs_memory_usage_bytes', 'cgroupfs_system_cpu_usage_us', 'cgroupfs_user_cpu_usage_us']",[],AbsPower,43.83908522019693,16.801205790817143,43.83908522019693,16.801205790817143,CgroupOnly
5,GradientBoostingRegressorTrainer_1,scikit,GradientBoostingRegressorTrainer_1.json,"['cgroupfs_cpu_usage_us', 'cgroupfs_memory_usage_bytes', 'cgroupfs_system_cpu_usage_us', 'cgroupfs_user_cpu_usage_us']",[],AbsPower,44.08142693274415,16.62518287672165,44.08142693274415,16.62518287672165,CgroupOnly
6,PolynomialRegressionTrainer_1,scikit,PolynomialRegressionTrainer_1.json,"['cgroupfs_cpu_usage_us', 'cgroupfs_memory_usage_bytes', 'cgroupfs_system_cpu_usage_us', 'cgroupfs_user_cpu_usage_us']",['poly_scaler.pkl'],AbsPower,46.291177785416245,17.465574235080258,46.291177785416245,17.465574235080258,CgroupOnly
3,KNeighborsRegressorTrainer_1,scikit,KNeighborsRegressorTrainer_1.json,"['cgroupfs_cpu_usage_us', 'cgroupfs_memory_usage_bytes', 'cgroupfs_system_cpu_usage_us', 'cgroupfs_user_cpu_usage_us']",[],AbsPower,46.38455657492354,18.58978148804271,46.38455657492354,18.58978148804271,CgroupOnly
1,SVRRegressorTrainer_1,scikit,SVRRegressorTrainer_1.json,"['cgroupfs_cpu_usage_us', 'cgroupfs_memory_usage_bytes', 'cgroupfs_system_cpu_usage_us', 'cgroupfs_user_cpu_usage_us']",[],AbsPower,47.48074230497879,16.83742674768128,47.48074230497879,16.83742674768128,CgroupOnly
0,SGDRegressorTrainer_1,scikit,SGDRegressorTrainer_1.json,"['cgroupfs_cpu_usage_us', 'cgroupfs_memory_usage_bytes', 'cgroupfs_system_cpu_usage_us', 'cgroupfs_user_cpu_usage_us']",[],AbsPower,47.88185932041988,17.96430682325661,47.88185932041988,17.96430682325661,CgroupOnly
4,LinearRegressionTrainer_1,scikit,LinearRegressionTrainer_1.json,"['cgroupfs_cpu_usage_us', 'cgroupfs_memory_usage_bytes', 'cgroupfs_system_cpu_usage_us', 'cgroupfs_user_cpu_usage_us']",[],AbsPower,49.555835790598785,18.393238310463804,49.555835790598785,18.393238310463804,CgroupOnly
2,XgboostFitTrainer_1,xgboost,XgboostFitTrainer_1.json,"['bpf_block_irq', 'bpf_net_rx_irq', 'bpf_net_tx_irq', 'cache_miss', 'cpu_cycles', 'cpu_instructions']",[],AbsPower,5.261462080369302,2.0395178101992415,5.261462080369302,2.0395178101992415,CounterIRQCombined
3,KNeighborsRegressorTrainer_1,scikit,KNeighborsRegressorTrainer_1.json,"['bpf_block_irq', 'bpf_net_rx_irq', 'bpf_net_tx_irq', 'cache_miss', 'cpu_cycles', 'cpu_instructions']",[],AbsPower,6.5642201834862375,2.411354416239119,6.5642201834862375,2.411354416239119,CounterIRQCombined
5,GradientBoostingRegressorTrainer_1,scikit,GradientBoostingRegressorTrainer_1.json,"['bpf_block_irq', 'bpf_net_rx_irq', 'bpf_net_tx_irq', 'cache_miss', 'cpu_cycles', 'cpu_instructions']",[],AbsPower,7.363588413002459,2.7769422976238904,7.363588413002459,2.7769422976238904,CounterIRQCombined
6,PolynomialRegressionTrainer_1,scikit,PolynomialRegressionTrainer_1.json,"['bpf_block_irq', 'bpf_net_rx_irq', 'bpf_net_tx_irq', 'cache_miss', 'cpu_cycles', 'cpu_instructions']",['poly_scaler.pkl'],AbsPower,7.964897852698733,2.889689740481022,7.964897852698733,2.889689740481022,CounterIRQCombined
1,SVRRegressorTrainer_1,scikit,SVRRegressorTrainer_1.json,"['bpf_block_irq', 'bpf_net_rx_irq', 'bpf_net_tx_irq', 'cache_miss', 'cpu_cycles', 'cpu_instructions']",[],AbsPower,11.85606882546818,4.0849602095785364,11.85606882546818,4.0849602095785364,CounterIRQCombined
0,SGDRegressorTrainer_1,scikit,SGDRegressorTrainer_1.json,"['bpf_block_irq', 'bpf_net_rx_irq', 'bpf_net_tx_irq', 'cache_miss', 'cpu_cycles', 'cpu_instructions']",[],AbsPower,16.060788228221984,6.157260756592388,16.060788228221984,6.157260756592388,CounterIRQCombined
4,LinearRegressionTrainer_1,scikit,LinearRegressionTrainer_1.json,"['bpf_block_irq', 'bpf_net_rx_irq', 'bpf_net_tx_irq', 'cache_miss', 'cpu_cycles', 'cpu_instructions']",[],AbsPower,16.499692941274667,6.240880012004466,16.499692941274667,6.240880012004466,CounterIRQCombined
5,GradientBoostingRegressorTrainer_1,scikit,GradientBoostingRegressorTrainer_1.json,"['cache_miss', 'cpu_cycles', 'cpu_instructions']",[],AbsPower,5.166555482752207,1.9156133995248117,5.166555482752207,1.9156133995248117,CounterOnly
3,KNeighborsRegressorTrainer_1,scikit,KNeighborsRegressorTrainer_1.json,"['cache_miss', 'cpu_cycles', 'cpu_instructions']",[],AbsPower,5.853975535168195,2.267312237056717,5.853975535168195,2.267312237056717,CounterOnly
2,XgboostFitTrainer_1,xgboost,XgboostFitTrainer_1.json,"['cache_miss', 'cpu_cycles', 'cpu_instructions']",[],AbsPower,5.899038892273509,2.2382760843837235,5.899038892273509,2.2382760843837235,CounterOnly
1,SVRRegressorTrainer_1,scikit,SVRRegressorTrainer_1.json,"['cache_miss', 'cpu_cycles', 'cpu_instructions']",[],AbsPower,8.370629454263085,2.950093367728082,8.370629454263085,2.950093367728082,CounterOnly
6,PolynomialRegressionTrainer_1,scikit,PolynomialRegressionTrainer_1.json,"['cache_miss', 'cpu_cycles', 'cpu_instructions']",['poly_scaler.pkl'],AbsPower,10.403395357971474,3.7210749253399578,10.403395357971474,3.7210749253399578,CounterOnly
4,LinearRegressionTrainer_1,scikit,LinearRegressionTrainer_1.json,"['cache_miss', 'cpu_cycles', 'cpu_instructions']",[],AbsPower,17.187893071148252,6.395208389088123,17.187893071148252,6.395208389088123,CounterOnly
0,SGDRegressorTrainer_1,scikit,SGDRegressorTrainer_1.json,"['cache_miss', 'cpu_cycles', 'cpu_instructions']",[],AbsPower,17.300296320263147,6.189587976724305,17.300296320263147,6.189587976724305,CounterOnly
1,SVRRegressorTrainer_1,scikit,SVRRegressorTrainer_1.json,"['kubelet_cpu_usage', 'kubelet_memory_bytes']",[],AbsPower,37.683160762143146,12.84874852331112,37.683160762143146,12.84874852331112,KubeletOnly
5,GradientBoostingRegressorTrainer_1,scikit,GradientBoostingRegressorTrainer_1.json,"['kubelet_cpu_usage', 'kubelet_memory_bytes']",[],AbsPower,39.18703614919649,14.882731943173578,39.18703614919649,14.882731943173578,KubeletOnly
3,KNeighborsRegressorTrainer_1,scikit,KNeighborsRegressorTrainer_1.json,"['kubelet_cpu_usage', 'kubelet_memory_bytes']",[],AbsPower,40.555810397553515,15.198969742736688,40.555810397553515,15.198969742736688,KubeletOnly
2,XgboostFitTrainer_1,xgboost,XgboostFitTrainer_1.json,"['kubelet_cpu_usage', 'kubelet_memory_bytes']",[],AbsPower,40.63527035494463,15.496613611751737,40.63527035494463,15.496613611751737,KubeletOnly
0,SGDRegressorTrainer_1,scikit,SGDRegressorTrainer_1.json,"['kubelet_cpu_usage', 'kubelet_memory_bytes']",[],AbsPower,42.19869828210058,16.426097957029455,42.19869828210058,16.426097957029455,KubeletOnly
4,LinearRegressionTrainer_1,scikit,LinearRegressionTrainer_1.json,"['kubelet_cpu_usage', 'kubelet_memory_bytes']",[],AbsPower,42.31739813488634,16.018966512746108,42.31739813488634,16.018966512746108,KubeletOnly
6,PolynomialRegressionTrainer_1,scikit,PolynomialRegressionTrainer_1.json,"['kubelet_cpu_usage', 'kubelet_memory_bytes']",['poly_scaler.pkl'],AbsPower,43.547732957199706,16.10513176006626,43.547732957199706,16.10513176006626,KubeletOnly
