,model_name,model_class,model_file,features,fe_files,output_type,mae,mape,platform_mae,platform_mape,feature_group
2,XgboostFitTrainer_1,xgboost,XgboostFitTrainer_1.json,"['bpf_block_irq', 'bpf_cpu_time_us', 'bpf_net_rx_irq', 'bpf_net_tx_irq', 'bpf_page_cache_hit']",[],DynPower,15.392511494252659,57.02911951708476,15.392511494252659,57.02911951708476,BPFIRQ
5,GradientBoostingRegressorTrainer_1,scikit,GradientBoostingRegressorTrainer_1.json,"['bpf_block_irq', 'bpf_cpu_time_us', 'bpf_net_rx_irq', 'bpf_net_tx_irq', 'bpf_page_cache_hit']",[],DynPower,16.141005426276568,62.59705767274739,16.141005426276568,62.59705767274739,BPFIRQ
3,KNeighborsRegressorTrainer_1,scikit,KNeighborsRegressorTrainer_1.json,"['bpf_block_irq', 'bpf_cpu_time_us', 'bpf_net_rx_irq', 'bpf_net_tx_irq', 'bpf_page_cache_hit']",[],DynPower,19.26605504587156,58.99181727924046,19.26605504587156,58.99181727924046,BPFIRQ
6,PolynomialRegressionTrainer_1,scikit,PolynomialRegressionTrainer_1.json,"['bpf_block_irq', 'bpf_cpu_time_us', 'bpf_net_rx_irq', 'bpf_net_tx_irq', 'bpf_page_cache_hit']",['poly_scaler.pkl'],DynPower,22.62133868457868,99.80266237877387,22.62133868457868,99.80266237877387,BPFIRQ
1,SVRRegressorTrainer_1,scikit,SVRRegressorTrainer_1.json,"['bpf_block_irq', 'bpf_cpu_time_us', 'bpf_net_rx_irq', 'bpf_net_tx_irq', 'bpf_page_cache_hit']",[],DynPower,22.644645491372003,92.22327538520301,22.644645491372003,92.22327538520301,BPFIRQ
4,LinearRegressionTrainer_1,scikit,LinearRegressionTrainer_1.json,"['bpf_block_irq', 'bpf_cpu_time_us', 'bpf_net_rx_irq', 'bpf_net_tx_irq', 'bpf_page_cache_hit']",[],DynPower,26.35418626012195,200.80610119094538,26.35418626012195,200.80610119094538,BPFIRQ
0,SGDRegressorTrainer_1,scikit,SGDRegressorTrainer_1.json,"['bpf_block_irq', 'bpf_cpu_time_us', 'bpf_net_rx_irq', 'bpf_net_tx_irq', 'bpf_page_cache_hit']",[],DynPower,28.430293008728192,212.3297999129505,28.430293008728192,212.3297999129505,BPFIRQ
2,XgboostFitTrainer_1,xgboost,XgboostFitTrainer_1.json,"['bpf_cpu_time_us', 'bpf_page_cache_hit']",[],DynPower,14.080879563585334,62.02783729283566,14.080879563585334,62.02783729283566,BPFOnly
5,GradientBoostingRegressorTrainer_1,scikit,GradientBoostingRegressorTrainer_1.json,"['bpf_cpu_time_us', 'bpf_page_cache_hit']",[],DynPower,14.863509355344805,75.16798953239801,14.863509355344805,75.16798953239801,BPFOnly
3,KNeighborsRegressorTrainer_1,scikit,KNeighborsRegressorTrainer_1.json,"['bpf_cpu_time_us', 'bpf_page_cache_hit']",[],DynPower,15.452599388379205,62.32843117968335,15.452599388379205,62.32843117968335,BPFOnly
6,PolynomialRegressionTrainer_1,scikit,PolynomialRegressionTrainer_1.json,"['bpf_cpu_time_us', 'bpf_page_cache_hit']",['poly_scaler.pkl'],DynPower,23.235695790271762,95.17842589343792,23.235695790271762,95.17842589343792,BPFOnly
4,LinearRegressionTrainer_1,scikit,LinearRegressionTrainer_1.json,"['bpf_cpu_time_us', 'bpf_page_cache_hit']",[],DynPower,25.923016909810205,179.6998781208572,25.923016909810205,179.6998781208572,BPFOnly
0,SGDRegressorTrainer_1,scikit,SGDRegressorTrainer_1.json,"['bpf_cpu_time_us', 'bpf_page_cache_hit']",[],DynPower,26.11950350195496,207.18575189174157,26.11950350195496,207.18575189174157,BPFOnly
1,SVRRegressorTrainer_1,scikit,SVRRegressorTrainer_1.json,"['bpf_cpu_time_us', 'bpf_page_cache_hit']",[],DynPower,26.535046203642604,74.14746183465387,26.535046203642604,74.14746183465387,BPFOnly
2,XgboostFitTrainer_1,xgboost,XgboostFitTrainer_1.json,"['bpf_cpu_time_us', 'bpf_page_cache_hit', 'cache_miss', 'cgroupfs_cpu_usage_us', 'cgroupfs_memory_usage_bytes', 'cgroupfs_system_cpu_usage_us', 'cgroupfs_user_cpu_usage_us', 'cpu_cycles', 'cpu_instructions', 'kubelet_cpu_usage', 'kubelet_memory_bytes']",[],DynPower,4.044874161755273,21.627279405570633,4.044874161755273,21.627279405570633,Basic
5,GradientBoostingRegressorTrainer_1,scikit,GradientBoostingRegressorTrainer_1.json,"['bpf_cpu_time_us', 'bpf_page_cache_hit', 'cache_miss', 'cgroupfs_cpu_usage_us', 'cgroupfs_memory_usage_bytes', 'cgroupfs_system_cpu_usage_us', 'cgroupfs_user_cpu_usage_us', 'cpu_cycles', 'cpu_instructions', 'kubelet_cpu_usage', 'kubelet_memory_bytes']",[],DynPower,6.167819825180615,32.31259807584751,6.167819825180615,32.31259807584751,Basic
3,KNeighborsRegressorTrainer_1,scikit,KNeighborsRegressorTrainer_1.json,"['bpf_cpu_time_us', 'bpf_page_cache_hit', 'cache_miss', 'cgroupfs_cpu_usage_us', 'cgroupfs_memory_usage_bytes', 'cgroupfs_system_cpu_usage_us', 'cgroupfs_user_cpu_usage_us', 'cpu_cycles', 'cpu_instructions', 'kubelet_cpu_usage', 'kubelet_memory_bytes']",[],DynPower,6.43348623853211,29.93922286027949,6.43348623853211,29.93922286027949,Basic
6,PolynomialRegressionTrainer_1,scikit,PolynomialRegressionTrainer_1.json,"['bpf_cpu_time_us', 'bpf_page_cache_hit', 'cache_miss', 'cgroupfs_cpu_usage_us', 'cgroupfs_memory_usage_bytes', 'cgroupfs_system_cpu_usage_us', 'cgroupfs_user_cpu_usage_us', 'cpu_cycles', 'cpu_instructions', 'kubelet_cpu_usage', 'kubelet_memory_bytes']",['poly_scaler.pkl'],DynPower,9.219060781898849,42.43054723011427,9.219060781898849,42.43054723011427,Basic
1,SVRRegressorTrainer_1,scikit,SVRRegressorTrainer_1.json,"['bpf_cpu_time_us', 'bpf_page_cache_hit', 'cache_miss', 'cgroupfs_cpu_usage_us', 'cgroupfs_memory_usage_bytes', 'cgroupfs_system_cpu_usage_us', 'cgroupfs_user_cpu_usage_us', 'cpu_cycles', 'cpu_instructions', 'kubelet_cpu_usage', 'kubelet_memory_bytes']",[],DynPower,15.770284473412376,32.31603257073106,15.770284473412376,32.31603257073106,Basic
4,LinearRegressionTrainer_1,scikit,LinearRegressionTrainer_1.json,"['bpf_cpu_time_us', 'bpf_page_cache_hit', 'cache_miss', 'cgroupfs_cpu_usage_us', 'cgroupfs_memory_usage_bytes', 'cgroupfs_system_cpu_usage_us', 'cgroupfs_user_cpu_usage_us', 'cpu_cycles', 'cpu_instructions', 'kubelet_cpu_usage', 'kubelet_memory_bytes']",[],DynPower,17.182519831580347,108.06540310766373,17.182519831580347,108.06540310766373,Basic
0,SGDRegressorTrainer_1,scikit,SGDRegressorTrainer_1.json,"['bpf_cpu_time_us', 'bpf_page_cache_hit', 'cache_miss', 'cgroupfs_cpu_usage_us', 'cgroupfs_memory_usage_bytes', 'cgroupfs_system_cpu_usage_us', 'cgroupfs_user_cpu_usage_us', 'cpu_cycles', 'cpu_instructions', 'kubelet_cpu_usage', 'kubelet_memory_bytes']",[],DynPower,17.476602657408986,79.90491418024446,17.476602657408986,79.90491418024446,Basic
1,SVRRegressorTrainer_1,scikit,SVRRegressorTrainer_1.json,"['cgroupfs_cpu_usage_us', 'cgroupfs_memory_usage_bytes', 'cgroupfs_system_cpu_usage_us', 'cgroupfs_user_cpu_usage_us']",[],DynPower,42.516416328122546,422.1876573892277,42.516416328122546,422.1876573892277,CgroupOnly
2,XgboostFitTrainer_1,xgboost,XgboostFitTrainer_1.json,"['cgroupfs_cpu_usage_us', 'cgroupfs_memory_usage_bytes', 'cgroupfs_system_cpu_usage_us', 'cgroupfs_user_cpu_usage_us']",[],DynPower,44.802091603022106,570.8315727163505,44.802091603022106,570.8315727163505,CgroupOnly
6,PolynomialRegressionTrainer_1,scikit,PolynomialRegressionTrainer_1.json,"['cgroupfs_cpu_usage_us', 'cgroupfs_memory_usage_bytes', 'cgroupfs_system_cpu_usage_us', 'cgroupfs_user_cpu_usage_us']",['poly_scaler.pkl'],DynPower,46.65804125759151,563.8165443921464,46.65804125759151,563.8165443921464,CgroupOnly
5,GradientBoostingRegressorTrainer_1,scikit,GradientBoostingRegressorTrainer_1.json,"['cgroupfs_cpu_usage_us', 'cgroupfs_memory_usage_bytes', 'cgroupfs_system_cpu_usage_us', 'cgroupfs_user_cpu_usage_us']",[],DynPower,46.95665199040252,527.8909172824852,46.95665199040252,527.8909172824852,CgroupOnly
3,KNeighborsRegressorTrainer_1,scikit,KNeighborsRegressorTrainer_1.json,"['cgroupfs_cpu_usage_us', 'cgroupfs_memory_usage_bytes', 'cgroupfs_system_cpu_usage_us', 'cgroupfs_user_cpu_usage_us']",[],DynPower,47.01299694189603,331.8207776383897,47.01299694189603,331.8207776383897,CgroupOnly
4,LinearRegressionTrainer_1,scikit,LinearRegressionTrainer_1.json,"['cgroupfs_cpu_usage_us', 'cgroupfs_memory_usage_bytes', 'cgroupfs_system_cpu_usage_us', 'cgroupfs_user_cpu_usage_us']",[],DynPower,48.49332670770184,701.4859400059016,48.49332670770184,701.4859400059016,CgroupOnly
0,SGDRegressorTrainer_1,scikit,SGDRegressorTrainer_1.json,"['cgroupfs_cpu_usage_us', 'cgroupfs_memory_usage_bytes', 'cgroupfs_system_cpu_usage_us', 'cgroupfs_user_cpu_usage_us']",[],DynPower,48.9485948584031,683.8835462568917,48.9485948584031,683.8835462568917,CgroupOnly
2,XgboostFitTrainer_1,xgboost,XgboostFitTrainer_1.json,"['bpf_block_irq', 'bpf_net_rx_irq', 'bpf_net_tx_irq', 'cache_miss', 'cpu_cycles', 'cpu_instructions']",[],DynPower,5.822598177358644,27.629146896450905,5.822598177358644,27.629146896450905,CounterIRQCombined
3,KNeighborsRegressorTrainer_1,scikit,KNeighborsRegressorTrainer_1.json,"['bpf_block_irq', 'bpf_net_rx_irq', 'bpf_net_tx_irq', 'cache_miss', 'cpu_cycles', 'cpu_instructions']",[],DynPower,6.005351681957187,28.774311007379765,6.005351681957187,28.774311007379765,CounterIRQCombined
5,GradientBoostingRegressorTrainer_1,scikit,GradientBoostingRegressorTrainer_1.json,"['bpf_block_irq', 'bpf_net_rx_irq', 'bpf_net_tx_irq', 'cache_miss', 'cpu_cycles', 'cpu_instructions']",[],DynPower,6.286152821033935,30.91290985441579,6.286152821033935,30.91290985441579,CounterIRQCombined
6,PolynomialRegressionTrainer_1,scikit,PolynomialRegressionTrainer_1.json,"['bpf_block_irq', 'bpf_net_rx_irq', 'bpf_net_tx_irq', 'cache_miss', 'cpu_cycles', 'cpu_instructions']",['poly_scaler.pkl'],DynPower,8.137133047232908,34.545788939954214,8.137133047232908,34.545788939954214,CounterIRQCombined
1,SVRRegressorTrainer_1,scikit,SVRRegressorTrainer_1.json,"['bpf_block_irq', 'bpf_net_rx_irq', 'bpf_net_tx_irq', 'cache_miss', 'cpu_cycles', 'cpu_instructions']",[],DynPower,12.32816001286464,31.38480232286978,12.32816001286464,31.38480232286978,CounterIRQCombined
4,LinearRegressionTrainer_1,scikit,LinearRegressionTrainer_1.json,"['bpf_block_irq', 'bpf_net_rx_irq', 'bpf_net_tx_irq', 'cache_miss', 'cpu_cycles', 'cpu_instructions']",[],DynPower,15.963771536193114,100.33899125999051,15.963771536193114,100.33899125999051,CounterIRQCombined
0,SGDRegressorTrainer_1,scikit,SGDRegressorTrainer_1.json,"['bpf_block_irq', 'bpf_net_rx_irq', 'bpf_net_tx_irq', 'cache_miss', 'cpu_cycles', 'cpu_instructions']",[],DynPower,16.451370581740424,82.74498424474936,16.451370581740424,82.74498424474936,CounterIRQCombined
3,KNeighborsRegressorTrainer_1,scikit,KNeighborsRegressorTrainer_1.json,"['cache_miss', 'cpu_cycles', 'cpu_instructions']",[],DynPower,5.450305810397553,32.31380908397349,5.450305810397553,32.31380908397349,CounterOnly
2,XgboostFitTrainer_1,xgboost,XgboostFitTrainer_1.json,"['cache_miss', 'cpu_cycles', 'cpu_instructions']",[],DynPower,6.255967099732215,27.16268986410569,6.255967099732215,27.16268986410569,CounterOnly
5,GradientBoostingRegressorTrainer_1,scikit,GradientBoostingRegressorTrainer_1.json,"['cache_miss', 'cpu_cycles', 'cpu_instructions']",[],DynPower,6.72561064932755,35.61636227388899,6.72561064932755,35.61636227388899,CounterOnly
6,PolynomialRegressionTrainer_1,scikit,PolynomialRegressionTrainer_1.json,"['cache_miss', 'cpu_cycles', 'cpu_instructions']",['poly_scaler.pkl'],DynPower,8.516146088675862,31.836544114409232,8.516146088675862,31.836544114409232,CounterOnly
1,SVRRegressorTrainer_1,scikit,SVRRegressorTrainer_1.json,"['cache_miss', 'cpu_cycles', 'cpu_instructions']",[],DynPower,10.911083183162804,30.346297105781446,10.911083183162804,30.346297105781446,CounterOnly
0,SGDRegressorTrainer_1,scikit,SGDRegressorTrainer_1.json,"['cache_miss', 'cpu_cycles', 'cpu_instructions']",[],DynPower,16.63937357048962,90.44571830446768,16.63937357048962,90.44571830446768,CounterOnly
4,LinearRegressionTrainer_1,scikit,LinearRegressionTrainer_1.json,"['cache_miss', 'cpu_cycles', 'cpu_instructions']",[],DynPower,16.919276034524596,125.62671908450578,16.919276034524596,125.62671908450578,CounterOnly
2,XgboostFitTrainer_1,xgboost,XgboostFitTrainer_1.json,"['kubelet_cpu_usage', 'kubelet_memory_bytes']",[],DynPower,37.952989118908526,466.68298564403193,37.952989118908526,466.68298564403193,KubeletOnly
1,SVRRegressorTrainer_1,scikit,SVRRegressorTrainer_1.json,"['kubelet_cpu_usage', 'kubelet_memory_bytes']",[],DynPower,38.021280395297694,237.24019338056993,38.021280395297694,237.24019338056993,KubeletOnly
5,GradientBoostingRegressorTrainer_1,scikit,GradientBoostingRegressorTrainer_1.json,"['kubelet_cpu_usage', 'kubelet_memory_bytes']",[],DynPower,39.68557320761943,473.2772766704817,39.68557320761943,473.2772766704817,KubeletOnly
3,KNeighborsRegressorTrainer_1,scikit,KNeighborsRegressorTrainer_1.json,"['kubelet_cpu_usage', 'kubelet_memory_bytes']",[],DynPower,40.12079510703364,475.298247710271,40.12079510703364,475.298247710271,KubeletOnly
6,PolynomialRegressionTrainer_1,scikit,PolynomialRegressionTrainer_1.json,"['kubelet_cpu_usage', 'kubelet_memory_bytes']",['poly_scaler.pkl'],DynPower,40.249440860530086,406.6470815675825,40.249440860530086,406.6470815675825,KubeletOnly
0,SGDRegressorTrainer_1,scikit,SGDRegressorTrainer_1.json,"['kubelet_cpu_usage', 'kubelet_memory_bytes']",[],DynPower,42.87750425957981,531.6801944138587,42.87750425957981,531.6801944138587,KubeletOnly
4,LinearRegressionTrainer_1,scikit,LinearRegressionTrainer_1.json,"['kubelet_cpu_usage', 'kubelet_memory_bytes']",[],DynPower,43.62702193441207,447.590929666087,43.62702193441207,447.590929666087,KubeletOnly
