{"name": "std_v0.7_stressng", "isolator": "min", "extractor": "default", "abs_trainers": ["PolynomialRegressionTrainer", "GradientBoostingRegressorTrainer", "SGDRegressorTrainer", "KNeighborsRegressorTrainer", "LinearRegressionTrainer", "SVRRegressorTrainer", "XgboostFitTrainer", "PolynomialRegressionTrainer", "GradientBoostingRegressorTrainer", "SGDRegressorTrainer", "KNeighborsRegressorTrainer", "LinearRegressionTrainer", "SVRRegressorTrainer", "XgboostFitTrainer", "PolynomialRegressionTrainer", "GradientBoostingRegressorTrainer", "SGDRegressorTrainer", "KNeighborsRegressorTrainer", "LinearRegressionTrainer", "SVRRegressorTrainer", "XgboostFitTrainer", "PolynomialRegressionTrainer", "GradientBoostingRegressorTrainer", "SGDRegressorTrainer", "KNeighborsRegressorTrainer", "LinearRegressionTrainer", "SVRRegressorTrainer", "XgboostFitTrainer", "PolynomialRegressionTrainer", "GradientBoostingRegressorTrainer", "SGDRegressorTrainer", "KNeighborsRegressorTrainer", "LinearRegressionTrainer", "SVRRegressorTrainer", "XgboostFitTrainer", "PolynomialRegressionTrainer", "GradientBoostingRegressorTrainer", "SGDRegressorTrainer", "KNeighborsRegressorTrainer", "LinearRegressionTrainer", "SVRRegressorTrainer", "XgboostFitTrainer", "PolynomialRegressionTrainer", "GradientBoostingRegressorTrainer", "SGDRegressorTrainer", "KNeighborsRegressorTrainer", "LinearRegressionTrainer", "SVRRegressorTrainer", "XgboostFitTrainer", "PolynomialRegressionTrainer", "GradientBoostingRegressorTrainer", "SGDRegressorTrainer", "KNeighborsRegressorTrainer", "LinearRegressionTrainer", "SVRRegressorTrainer", "XgboostFitTrainer", "PolynomialRegressionTrainer", "GradientBoostingRegressorTrainer", "SGDRegressorTrainer", "KNeighborsRegressorTrainer", "LinearRegressionTrainer", "SVRRegressorTrainer", "XgboostFitTrainer", "PolynomialRegressionTrainer", "GradientBoostingRegressorTrainer", "SGDRegressorTrainer", "KNeighborsRegressorTrainer", "LinearRegressionTrainer", "SVRRegressorTrainer", "XgboostFitTrainer", "PolynomialRegressionTrainer", "GradientBoostingRegressorTrainer", "SGDRegressorTrainer", "KNeighborsRegressorTrainer", "LinearRegressionTrainer", "SVRRegressorTrainer", "XgboostFitTrainer", "PolynomialRegressionTrainer", "GradientBoostingRegressorTrainer", "SGDRegressorTrainer", "KNeighborsRegressorTrainer", "LinearRegressionTrainer", "SVRRegressorTrainer", "XgboostFitTrainer", "PolynomialRegressionTrainer", "GradientBoostingRegressorTrainer", "SGDRegressorTrainer", "KNeighborsRegressorTrainer", "LinearRegressionTrainer", "SVRRegressorTrainer", "XgboostFitTrainer", "PolynomialRegressionTrainer", "GradientBoostingRegressorTrainer", "SGDRegressorTrainer", "KNeighborsRegressorTrainer", "LinearRegressionTrainer", "SVRRegressorTrainer", "XgboostFitTrainer"], "dyn_trainers": ["PolynomialRegressionTrainer", "GradientBoostingRegressorTrainer", "SGDRegressorTrainer", "KNeighborsRegressorTrainer", "LinearRegressionTrainer", "SVRRegressorTrainer", "XgboostFitTrainer", "PolynomialRegressionTrainer", "GradientBoostingRegressorTrainer", "SGDRegressorTrainer", "KNeighborsRegressorTrainer", "LinearRegressionTrainer", "SVRRegressorTrainer", "XgboostFitTrainer", "PolynomialRegressionTrainer", "GradientBoostingRegressorTrainer", "SGDRegressorTrainer", "KNeighborsRegressorTrainer", "LinearRegressionTrainer", "SVRRegressorTrainer", "XgboostFitTrainer", "PolynomialRegressionTrainer", "GradientBoostingRegressorTrainer", "SGDRegressorTrainer", "KNeighborsRegressorTrainer", "LinearRegressionTrainer", "SVRRegressorTrainer", "XgboostFitTrainer", "PolynomialRegressionTrainer", "GradientBoostingRegressorTrainer", "SGDRegressorTrainer", "KNeighborsRegressorTrainer", "LinearRegressionTrainer", "SVRRegressorTrainer", "XgboostFitTrainer", "PolynomialRegressionTrainer", "GradientBoostingRegressorTrainer", "SGDRegressorTrainer", "KNeighborsRegressorTrainer", "LinearRegressionTrainer", "SVRRegressorTrainer", "XgboostFitTrainer", "PolynomialRegressionTrainer", "GradientBoostingRegressorTrainer", "SGDRegressorTrainer", "KNeighborsRegressorTrainer", "LinearRegressionTrainer", "SVRRegressorTrainer", "XgboostFitTrainer", "PolynomialRegressionTrainer", "GradientBoostingRegressorTrainer", "SGDRegressorTrainer", "KNeighborsRegressorTrainer", "LinearRegressionTrainer", "SVRRegressorTrainer", "XgboostFitTrainer", "PolynomialRegressionTrainer", "GradientBoostingRegressorTrainer", "SGDRegressorTrainer", "KNeighborsRegressorTrainer", "LinearRegressionTrainer", "SVRRegressorTrainer", "XgboostFitTrainer", "PolynomialRegressionTrainer", "GradientBoostingRegressorTrainer", "SGDRegressorTrainer", "KNeighborsRegressorTrainer", "LinearRegressionTrainer", "SVRRegressorTrainer", "XgboostFitTrainer", "PolynomialRegressionTrainer", "GradientBoostingRegressorTrainer", "SGDRegressorTrainer", "KNeighborsRegressorTrainer", "LinearRegressionTrainer", "SVRRegressorTrainer", "XgboostFitTrainer", "PolynomialRegressionTrainer", "GradientBoostingRegressorTrainer", "SGDRegressorTrainer", "KNeighborsRegressorTrainer", "LinearRegressionTrainer", "SVRRegressorTrainer", "XgboostFitTrainer", "PolynomialRegressionTrainer", "GradientBoostingRegressorTrainer", "SGDRegressorTrainer", "KNeighborsRegressorTrainer", "LinearRegressionTrainer", "SVRRegressorTrainer", "XgboostFitTrainer", "PolynomialRegressionTrainer", "GradientBoostingRegressorTrainer", "SGDRegressorTrainer", "KNeighborsRegressorTrainer", "LinearRegressionTrainer", "SVRRegressorTrainer", "XgboostFitTrainer"], "init_time": "2023-11-17 02:14:47", "last_update_time": "2023-11-17 02:17:53"}