,model_name,model_class,model_file,features,fe_files,output_type,mae,mape,package_mae,core_mae,uncore_mae,dram_mae,package_mape,core_mape,uncore_mape,dram_mape,feature_group
2,XgboostFitTrainer_1,xgboost,XgboostFitTrainer_1.json,"['bpf_block_irq', 'bpf_cpu_time_us', 'bpf_net_rx_irq', 'bpf_net_tx_irq', 'bpf_page_cache_hit']",[],AbsPower,10.432987372302833,3.0016708707901656,10.432987372302833,1.3356274394027423e-05,1.3356274394027423e-05,1.7252291011044325,10.003808160443812,0,0,3.0016708707901656,BPFIRQ
5,GradientBoostingRegressorTrainer_1,scikit,GradientBoostingRegressorTrainer_1.json,"['bpf_block_irq', 'bpf_cpu_time_us', 'bpf_net_rx_irq', 'bpf_net_tx_irq', 'bpf_page_cache_hit']",[],AbsPower,12.378657410611419,3.8133097377246514,12.378657410611419,0.0,0.0,2.2033467561817783,11.800402768742691,0,0,3.8133097377246514,BPFIRQ
3,KNeighborsRegressorTrainer_1,scikit,KNeighborsRegressorTrainer_1.json,"['bpf_block_irq', 'bpf_cpu_time_us', 'bpf_net_rx_irq', 'bpf_net_tx_irq', 'bpf_page_cache_hit']",[],AbsPower,16.01637003058072,5.206965989470399,16.01637003058072,0.0,0.0,2.8860565749238556,14.480239794145128,0,0,5.206965989470399,BPFIRQ
6,PolynomialRegressionTrainer_1,scikit,PolynomialRegressionTrainer_1.json,"['bpf_block_irq', 'bpf_cpu_time_us', 'bpf_net_rx_irq', 'bpf_net_tx_irq', 'bpf_page_cache_hit']",['poly_scaler.pkl'],AbsPower,17.20891694900432,8.185648398906256,17.20891694900432,0.0,0.0,4.576939929096051,17.075445205934532,0,0,8.185648398906256,BPFIRQ
1,SVRRegressorTrainer_1,scikit,SVRRegressorTrainer_1.json,"['bpf_block_irq', 'bpf_cpu_time_us', 'bpf_net_rx_irq', 'bpf_net_tx_irq', 'bpf_page_cache_hit']",[],AbsPower,18.52237543344016,4.230878959085255,18.52237543344016,0.0,0.0,2.740713507660958,17.770498745871077,0,0,4.230878959085255,BPFIRQ
4,LinearRegressionTrainer_1,scikit,LinearRegressionTrainer_1.json,"['bpf_block_irq', 'bpf_cpu_time_us', 'bpf_net_rx_irq', 'bpf_net_tx_irq', 'bpf_page_cache_hit']",[],AbsPower,19.18413869449486,8.001864988910356,19.18413869449486,0.0,0.0,4.676215645939534,20.306508154012512,0,0,8.001864988910356,BPFIRQ
0,SGDRegressorTrainer_1,scikit,SGDRegressorTrainer_1.json,"['bpf_block_irq', 'bpf_cpu_time_us', 'bpf_net_rx_irq', 'bpf_net_tx_irq', 'bpf_page_cache_hit']",[],AbsPower,19.401024176022673,7.7777850934707775,19.401024176022673,0.0,0.0,4.459560158319237,19.226546656568956,0,0,7.7777850934707775,BPFIRQ
5,GradientBoostingRegressorTrainer_1,scikit,GradientBoostingRegressorTrainer_1.json,"['bpf_cpu_time_us', 'bpf_page_cache_hit']",[],AbsPower,10.648133954117062,3.2856765056312027,10.648133954117062,0.0,0.0,1.7742373257911765,10.711841756860757,0,0,3.2856765056312027,BPFOnly
2,XgboostFitTrainer_1,xgboost,XgboostFitTrainer_1.json,"['bpf_cpu_time_us', 'bpf_page_cache_hit']",[],AbsPower,10.914265751595964,2.8783093279117016,10.914265751595964,1.3356274394027423e-05,1.3356274394027423e-05,1.6716997692795397,10.164405962532504,0,0,2.8783093279117016,BPFOnly
3,KNeighborsRegressorTrainer_1,scikit,KNeighborsRegressorTrainer_1.json,"['bpf_cpu_time_us', 'bpf_page_cache_hit']",[],AbsPower,11.463464067279032,2.4844422836679483,11.463464067279032,0.0,0.0,1.3500382262997943,10.66742903282716,0,0,2.4844422836679483,BPFOnly
6,PolynomialRegressionTrainer_1,scikit,PolynomialRegressionTrainer_1.json,"['bpf_cpu_time_us', 'bpf_page_cache_hit']",['poly_scaler.pkl'],AbsPower,16.037937867035495,7.406583588178625,16.037937867035495,0.0,0.0,4.1681710290105105,16.444087734240146,0,0,7.406583588178625,BPFOnly
4,LinearRegressionTrainer_1,scikit,LinearRegressionTrainer_1.json,"['bpf_cpu_time_us', 'bpf_page_cache_hit']",[],AbsPower,18.507613251712108,7.931935955671598,18.507613251712108,0.0,0.0,4.586167561090655,20.071008563454548,0,0,7.931935955671598,BPFOnly
0,SGDRegressorTrainer_1,scikit,SGDRegressorTrainer_1.json,"['bpf_cpu_time_us', 'bpf_page_cache_hit']",[],AbsPower,19.174837222420372,8.385984971211483,19.174837222420372,0.0,0.0,4.661517609944106,20.245084456642097,0,0,8.385984971211483,BPFOnly
1,SVRRegressorTrainer_1,scikit,SVRRegressorTrainer_1.json,"['bpf_cpu_time_us', 'bpf_page_cache_hit']",[],AbsPower,19.453294407762574,5.629205789076837,19.453294407762574,0.0,0.0,3.7368690473888293,19.108165391430877,0,0,5.629205789076837,BPFOnly
2,XgboostFitTrainer_1,xgboost,XgboostFitTrainer_1.json,"['bpf_cpu_time_us', 'bpf_page_cache_hit', 'cache_miss', 'cgroupfs_cpu_usage_us', 'cgroupfs_memory_usage_bytes', 'cgroupfs_system_cpu_usage_us', 'cgroupfs_user_cpu_usage_us', 'cpu_cycles', 'cpu_instructions', 'kubelet_cpu_usage', 'kubelet_memory_bytes']",[],AbsPower,3.245838531308084,1.4668856801390102,3.245838531308084,1.3356274394027423e-05,1.3356274394027423e-05,0.8430183239857403,3.6985943024707444,0,0,1.4668856801390102,Basic
3,KNeighborsRegressorTrainer_1,scikit,KNeighborsRegressorTrainer_1.json,"['bpf_cpu_time_us', 'bpf_page_cache_hit', 'cache_miss', 'cgroupfs_cpu_usage_us', 'cgroupfs_memory_usage_bytes', 'cgroupfs_system_cpu_usage_us', 'cgroupfs_user_cpu_usage_us', 'cpu_cycles', 'cpu_instructions', 'kubelet_cpu_usage', 'kubelet_memory_bytes']",[],AbsPower,3.634599898065083,1.402470977440707,3.634599898065083,0.0,0.0,0.809641437308827,4.243688812115407,0,0,1.402470977440707,Basic
5,GradientBoostingRegressorTrainer_1,scikit,GradientBoostingRegressorTrainer_1.json,"['bpf_cpu_time_us', 'bpf_page_cache_hit', 'cache_miss', 'cgroupfs_cpu_usage_us', 'cgroupfs_memory_usage_bytes', 'cgroupfs_system_cpu_usage_us', 'cgroupfs_user_cpu_usage_us', 'cpu_cycles', 'cpu_instructions', 'kubelet_cpu_usage', 'kubelet_memory_bytes']",[],AbsPower,3.814689609705087,1.6010414279385854,3.814689609705087,0.0,0.0,0.9219331171303828,4.222618338863521,0,0,1.6010414279385854,Basic
6,PolynomialRegressionTrainer_1,scikit,PolynomialRegressionTrainer_1.json,"['bpf_cpu_time_us', 'bpf_page_cache_hit', 'cache_miss', 'cgroupfs_cpu_usage_us', 'cgroupfs_memory_usage_bytes', 'cgroupfs_system_cpu_usage_us', 'cgroupfs_user_cpu_usage_us', 'cpu_cycles', 'cpu_instructions', 'kubelet_cpu_usage', 'kubelet_memory_bytes']",['poly_scaler.pkl'],AbsPower,5.209046424199468,2.680393011296211,5.209046424199468,0.0,0.0,1.4939496328733206,5.262688634809551,0,0,2.680393011296211,Basic
1,SVRRegressorTrainer_1,scikit,SVRRegressorTrainer_1.json,"['bpf_cpu_time_us', 'bpf_page_cache_hit', 'cache_miss', 'cgroupfs_cpu_usage_us', 'cgroupfs_memory_usage_bytes', 'cgroupfs_system_cpu_usage_us', 'cgroupfs_user_cpu_usage_us', 'cpu_cycles', 'cpu_instructions', 'kubelet_cpu_usage', 'kubelet_memory_bytes']",[],AbsPower,8.334994223949364,2.5007556058358587,8.334994223949364,0.0,0.0,1.5400116336855285,7.982570925149221,0,0,2.5007556058358587,Basic
0,SGDRegressorTrainer_1,scikit,SGDRegressorTrainer_1.json,"['bpf_cpu_time_us', 'bpf_page_cache_hit', 'cache_miss', 'cgroupfs_cpu_usage_us', 'cgroupfs_memory_usage_bytes', 'cgroupfs_system_cpu_usage_us', 'cgroupfs_user_cpu_usage_us', 'cpu_cycles', 'cpu_instructions', 'kubelet_cpu_usage', 'kubelet_memory_bytes']",[],AbsPower,12.080590396666251,3.602899837220315,12.080590396666251,0.0,0.0,2.0312346843300486,12.697700632625562,0,0,3.602899837220315,Basic
4,LinearRegressionTrainer_1,scikit,LinearRegressionTrainer_1.json,"['bpf_cpu_time_us', 'bpf_page_cache_hit', 'cache_miss', 'cgroupfs_cpu_usage_us', 'cgroupfs_memory_usage_bytes', 'cgroupfs_system_cpu_usage_us', 'cgroupfs_user_cpu_usage_us', 'cpu_cycles', 'cpu_instructions', 'kubelet_cpu_usage', 'kubelet_memory_bytes']",[],AbsPower,13.028572632213667,3.795950533805689,13.028572632213667,0.0,0.0,2.298863291552292,13.66450979946993,0,0,3.795950533805689,Basic
6,PolynomialRegressionTrainer_1,scikit,PolynomialRegressionTrainer_1.json,"['cgroupfs_cpu_usage_us', 'cgroupfs_memory_usage_bytes', 'cgroupfs_system_cpu_usage_us', 'cgroupfs_user_cpu_usage_us']",['poly_scaler.pkl'],AbsPower,32.559933548265505,10.97579205165552,32.559933548265505,0.0,0.0,6.389305122539585,41.06760678506624,0,0,10.97579205165552,CgroupOnly
0,SGDRegressorTrainer_1,scikit,SGDRegressorTrainer_1.json,"['cgroupfs_cpu_usage_us', 'cgroupfs_memory_usage_bytes', 'cgroupfs_system_cpu_usage_us', 'cgroupfs_user_cpu_usage_us']",[],AbsPower,33.19581257944836,10.825275895620878,33.19581257944836,0.0,0.0,6.10944361380319,39.9717986405965,0,0,10.825275895620878,CgroupOnly
2,XgboostFitTrainer_1,xgboost,XgboostFitTrainer_1.json,"['cgroupfs_cpu_usage_us', 'cgroupfs_memory_usage_bytes', 'cgroupfs_system_cpu_usage_us', 'cgroupfs_user_cpu_usage_us']",[],AbsPower,33.514424467360534,10.14954440365837,33.514424467360534,1.3356274394027423e-05,1.3356274394027423e-05,5.920546639258634,41.9184227469471,0,0,10.14954440365837,CgroupOnly
4,LinearRegressionTrainer_1,scikit,LinearRegressionTrainer_1.json,"['cgroupfs_cpu_usage_us', 'cgroupfs_memory_usage_bytes', 'cgroupfs_system_cpu_usage_us', 'cgroupfs_user_cpu_usage_us']",[],AbsPower,33.99126561516027,10.783453667907462,33.99126561516027,0.0,0.0,6.182916767936935,40.02193956913526,0,0,10.783453667907462,CgroupOnly
5,GradientBoostingRegressorTrainer_1,scikit,GradientBoostingRegressorTrainer_1.json,"['cgroupfs_cpu_usage_us', 'cgroupfs_memory_usage_bytes', 'cgroupfs_system_cpu_usage_us', 'cgroupfs_user_cpu_usage_us']",[],AbsPower,35.14714325205254,9.813681621823461,35.14714325205254,0.0,0.0,5.564773328732062,39.6977157360284,0,0,9.813681621823461,CgroupOnly
1,SVRRegressorTrainer_1,scikit,SVRRegressorTrainer_1.json,"['cgroupfs_cpu_usage_us', 'cgroupfs_memory_usage_bytes', 'cgroupfs_system_cpu_usage_us', 'cgroupfs_user_cpu_usage_us']",[],AbsPower,36.1923511862333,7.618907383514576,36.1923511862333,0.0,0.0,5.119959326582956,36.60568846716257,0,0,7.618907383514576,CgroupOnly
3,KNeighborsRegressorTrainer_1,scikit,KNeighborsRegressorTrainer_1.json,"['cgroupfs_cpu_usage_us', 'cgroupfs_memory_usage_bytes', 'cgroupfs_system_cpu_usage_us', 'cgroupfs_user_cpu_usage_us']",[],AbsPower,41.205677115187946,12.871685944901731,41.205677115187946,0.0,0.0,7.023008154943064,34.58570665028191,0,0,12.871685944901731,CgroupOnly
5,GradientBoostingRegressorTrainer_1,scikit,GradientBoostingRegressorTrainer_1.json,"['bpf_block_irq', 'bpf_net_rx_irq', 'bpf_net_tx_irq', 'cache_miss', 'cpu_cycles', 'cpu_instructions']",[],AbsPower,3.594444812076598,1.6594201196975638,3.594444812076598,0.0,0.0,0.9525359997765569,4.1325611081157,0,0,1.6594201196975638,CounterIRQCombined
2,XgboostFitTrainer_1,xgboost,XgboostFitTrainer_1.json,"['bpf_block_irq', 'bpf_net_rx_irq', 'bpf_net_tx_irq', 'cache_miss', 'cpu_cycles', 'cpu_instructions']",[],AbsPower,3.751903794595036,1.6013358525554415,3.751903794595036,1.3356274394027423e-05,1.3356274394027423e-05,0.9144835336666538,4.249962795392676,0,0,1.6013358525554415,CounterIRQCombined
3,KNeighborsRegressorTrainer_1,scikit,KNeighborsRegressorTrainer_1.json,"['bpf_block_irq', 'bpf_net_rx_irq', 'bpf_net_tx_irq', 'cache_miss', 'cpu_cycles', 'cpu_instructions']",[],AbsPower,4.630667176350349,2.4453206082782715,4.630667176350349,0.0,0.0,1.4326368501525137,4.741261732603352,0,0,2.4453206082782715,CounterIRQCombined
6,PolynomialRegressionTrainer_1,scikit,PolynomialRegressionTrainer_1.json,"['bpf_block_irq', 'bpf_net_rx_irq', 'bpf_net_tx_irq', 'cache_miss', 'cpu_cycles', 'cpu_instructions']",['poly_scaler.pkl'],AbsPower,6.978268603250266,2.295801592881137,6.978268603250266,0.0,0.0,1.3434065951895353,7.127131971849626,0,0,2.295801592881137,CounterIRQCombined
1,SVRRegressorTrainer_1,scikit,SVRRegressorTrainer_1.json,"['bpf_block_irq', 'bpf_net_rx_irq', 'bpf_net_tx_irq', 'cache_miss', 'cpu_cycles', 'cpu_instructions']",[],AbsPower,8.530025306753153,2.3526819859987613,8.530025306753153,0.0,0.0,1.4224313964176127,7.310004270264459,0,0,2.3526819859987613,CounterIRQCombined
4,LinearRegressionTrainer_1,scikit,LinearRegressionTrainer_1.json,"['bpf_block_irq', 'bpf_net_rx_irq', 'bpf_net_tx_irq', 'cache_miss', 'cpu_cycles', 'cpu_instructions']",[],AbsPower,11.884716069858687,4.314469870080754,11.884716069858687,0.0,0.0,2.5822206670021437,13.267448479501057,0,0,4.314469870080754,CounterIRQCombined
0,SGDRegressorTrainer_1,scikit,SGDRegressorTrainer_1.json,"['bpf_block_irq', 'bpf_net_rx_irq', 'bpf_net_tx_irq', 'cache_miss', 'cpu_cycles', 'cpu_instructions']",[],AbsPower,12.048649035180985,3.5122620654967087,12.048649035180985,0.0,0.0,1.9233277977655932,13.47437929778563,0,0,3.5122620654967087,CounterIRQCombined
3,KNeighborsRegressorTrainer_1,scikit,KNeighborsRegressorTrainer_1.json,"['cache_miss', 'cpu_cycles', 'cpu_instructions']",[],AbsPower,3.9577079510689908,1.6766588912177838,3.9577079510689908,0.0,0.0,0.9646495922534605,4.707248962346655,0,0,1.6766588912177838,CounterOnly
5,GradientBoostingRegressorTrainer_1,scikit,GradientBoostingRegressorTrainer_1.json,"['cache_miss', 'cpu_cycles', 'cpu_instructions']",[],AbsPower,4.0463824557559525,2.0884594001160526,4.0463824557559525,0.0,0.0,1.2118721180220706,4.545348625180436,0,0,2.0884594001160526,CounterOnly
2,XgboostFitTrainer_1,xgboost,XgboostFitTrainer_1.json,"['cache_miss', 'cpu_cycles', 'cpu_instructions']",[],AbsPower,4.068664756238685,1.9672522803720565,4.068664756238685,1.3356274394027423e-05,1.3356274394027423e-05,1.1197200204926603,4.4663234993542185,0,0,1.9672522803720565,CounterOnly
6,PolynomialRegressionTrainer_1,scikit,PolynomialRegressionTrainer_1.json,"['cache_miss', 'cpu_cycles', 'cpu_instructions']",['poly_scaler.pkl'],AbsPower,6.761730823226082,2.203105971372136,6.761730823226082,0.0,0.0,1.3021614977488407,7.376899780019957,0,0,2.203105971372136,CounterOnly
1,SVRRegressorTrainer_1,scikit,SVRRegressorTrainer_1.json,"['cache_miss', 'cpu_cycles', 'cpu_instructions']",[],AbsPower,7.1489178539273,2.0948848641489035,7.1489178539273,0.0,0.0,1.2612816291607312,6.603840170122531,0,0,2.0948848641489035,CounterOnly
4,LinearRegressionTrainer_1,scikit,LinearRegressionTrainer_1.json,"['cache_miss', 'cpu_cycles', 'cpu_instructions']",[],AbsPower,11.486646302402967,3.636243132037446,11.486646302402967,0.0,0.0,2.1558538325661734,12.76979970765453,0,0,3.636243132037446,CounterOnly
0,SGDRegressorTrainer_1,scikit,SGDRegressorTrainer_1.json,"['cache_miss', 'cpu_cycles', 'cpu_instructions']",[],AbsPower,12.1779709552478,4.019769038767284,12.1779709552478,0.0,0.0,2.2947806495957317,13.307484162203409,0,0,4.019769038767284,CounterOnly
1,SVRRegressorTrainer_1,scikit,SVRRegressorTrainer_1.json,"['kubelet_cpu_usage', 'kubelet_memory_bytes']",[],AbsPower,26.43560995911503,4.0492396038133665,26.43560995911503,0.0,0.0,2.533371213431745,26.002284590444724,0,0,4.0492396038133665,KubeletOnly
5,GradientBoostingRegressorTrainer_1,scikit,GradientBoostingRegressorTrainer_1.json,"['kubelet_cpu_usage', 'kubelet_memory_bytes']",[],AbsPower,28.426639036348252,8.90917079230779,28.426639036348252,0.0,0.0,5.16399250401124,32.950703068645595,0,0,8.90917079230779,KubeletOnly
6,PolynomialRegressionTrainer_1,scikit,PolynomialRegressionTrainer_1.json,"['kubelet_cpu_usage', 'kubelet_memory_bytes']",['poly_scaler.pkl'],AbsPower,29.42817114486482,9.498412690997231,29.42817114486482,0.0,0.0,5.2976670588848345,32.99550933134268,0,0,9.498412690997231,KubeletOnly
2,XgboostFitTrainer_1,xgboost,XgboostFitTrainer_1.json,"['kubelet_cpu_usage', 'kubelet_memory_bytes']",[],AbsPower,29.775424936884658,8.58413349794466,29.775424936884658,1.3356274394027423e-05,1.3356274394027423e-05,4.790955633180616,31.572060701492017,0,0,8.58413349794466,KubeletOnly
3,KNeighborsRegressorTrainer_1,scikit,KNeighborsRegressorTrainer_1.json,"['kubelet_cpu_usage', 'kubelet_memory_bytes']",[],AbsPower,30.019760958205737,8.0165963938668,30.019760958205737,0.0,0.0,4.643310907238033,35.349887154964954,0,0,8.0165963938668,KubeletOnly
0,SGDRegressorTrainer_1,scikit,SGDRegressorTrainer_1.json,"['kubelet_cpu_usage', 'kubelet_memory_bytes']",[],AbsPower,33.333483690846535,10.443149556449654,33.333483690846535,0.0,0.0,5.930846683864538,38.99187923223972,0,0,10.443149556449654,KubeletOnly
4,LinearRegressionTrainer_1,scikit,LinearRegressionTrainer_1.json,"['kubelet_cpu_usage', 'kubelet_memory_bytes']",[],AbsPower,35.19854581112135,10.771199357582704,35.19854581112135,0.0,0.0,6.19088799770819,38.15275019831357,0,0,10.771199357582704,KubeletOnly
