,model_name,model_class,model_file,features,fe_files,output_type,mae,mape,package_mae,core_mae,uncore_mae,dram_mae,package_mape,core_mape,uncore_mape,dram_mape,feature_group
2,XgboostFitTrainer_1,xgboost,XgboostFitTrainer_1.json,"['bpf_block_irq', 'bpf_cpu_time_us', 'bpf_net_rx_irq', 'bpf_net_tx_irq', 'bpf_page_cache_hit']",[],DynPower,11.279477503576299,832906757925985.9,11.279477503576299,1.3356274394027423e-05,1.3356274394027423e-05,1.6061029801950442,50.3337963056464,0,0,832906757925985.9,BPFIRQ
5,GradientBoostingRegressorTrainer_1,scikit,GradientBoostingRegressorTrainer_1.json,"['bpf_block_irq', 'bpf_cpu_time_us', 'bpf_net_rx_irq', 'bpf_net_tx_irq', 'bpf_page_cache_hit']",[],DynPower,12.396571334114896,137159599911.9091,12.396571334114896,0.0,0.0,1.8751495245455108,75.40258121429446,0,0,137159599911.9091,BPFIRQ
3,KNeighborsRegressorTrainer_1,scikit,KNeighborsRegressorTrainer_1.json,"['bpf_block_irq', 'bpf_cpu_time_us', 'bpf_net_rx_irq', 'bpf_net_tx_irq', 'bpf_page_cache_hit']",[],DynPower,15.364509683995644,103035335512029.75,15.364509683995644,0.0,0.0,2.1293549949038413,88.62752334586091,0,0,103035335512029.75,BPFIRQ
0,SGDRegressorTrainer_1,scikit,SGDRegressorTrainer_1.json,"['bpf_block_irq', 'bpf_cpu_time_us', 'bpf_net_rx_irq', 'bpf_net_tx_irq', 'bpf_page_cache_hit']",[],DynPower,18.283529314430442,455311768880126.9,18.283529314430442,0.0,0.0,4.53318591013926,265.3794857712431,0,0,455311768880126.9,BPFIRQ
6,PolynomialRegressionTrainer_1,scikit,PolynomialRegressionTrainer_1.json,"['bpf_block_irq', 'bpf_cpu_time_us', 'bpf_net_rx_irq', 'bpf_net_tx_irq', 'bpf_page_cache_hit']",['poly_scaler.pkl'],DynPower,18.383671954215256,360368807581341.44,18.383671954215256,0.0,0.0,3.7888842542036145,178.96608380181223,0,0,360368807581341.44,BPFIRQ
4,LinearRegressionTrainer_1,scikit,LinearRegressionTrainer_1.json,"['bpf_block_irq', 'bpf_cpu_time_us', 'bpf_net_rx_irq', 'bpf_net_tx_irq', 'bpf_page_cache_hit']",[],DynPower,18.589579832397998,1754559228794.6152,18.589579832397998,0.0,0.0,4.431180641270785,225.21300801227582,0,0,1754559228794.6152,BPFIRQ
1,SVRRegressorTrainer_1,scikit,SVRRegressorTrainer_1.json,"['bpf_block_irq', 'bpf_cpu_time_us', 'bpf_net_rx_irq', 'bpf_net_tx_irq', 'bpf_page_cache_hit']",[],DynPower,18.905311840846302,191702580585733.2,18.905311840846302,0.0,0.0,3.8311773715526964,142.59016225325973,0,0,191702580585733.2,BPFIRQ
3,KNeighborsRegressorTrainer_1,scikit,KNeighborsRegressorTrainer_1.json,"['bpf_cpu_time_us', 'bpf_page_cache_hit']",[],DynPower,8.726205912334658,1549381497679012.8,8.726205912334658,0.0,0.0,1.81839678899081,59.37003005560717,0,0,1549381497679012.8,BPFOnly
2,XgboostFitTrainer_1,xgboost,XgboostFitTrainer_1.json,"['bpf_cpu_time_us', 'bpf_page_cache_hit']",[],DynPower,11.742373597978693,472851625293660.75,11.742373597978693,1.3356274394027423e-05,1.3356274394027423e-05,1.782054574387546,64.24223901009822,0,0,472851625293660.75,BPFOnly
5,GradientBoostingRegressorTrainer_1,scikit,GradientBoostingRegressorTrainer_1.json,"['bpf_cpu_time_us', 'bpf_page_cache_hit']",[],DynPower,12.001864927963972,853576375471.4823,12.001864927963972,0.0,0.0,2.0848588223830964,89.08406638297298,0,0,853576375471.4823,BPFOnly
6,PolynomialRegressionTrainer_1,scikit,PolynomialRegressionTrainer_1.json,"['bpf_cpu_time_us', 'bpf_page_cache_hit']",['poly_scaler.pkl'],DynPower,16.60004969801481,1833615079650.9846,16.60004969801481,0.0,0.0,4.563001018076597,122.76246178920404,0,0,1833615079650.9846,BPFOnly
1,SVRRegressorTrainer_1,scikit,SVRRegressorTrainer_1.json,"['bpf_cpu_time_us', 'bpf_page_cache_hit']",[],DynPower,19.460481537499614,131787601593.2415,19.460481537499614,0.0,0.0,3.7684230502331486,179.4578693341285,0,0,131787601593.2415,BPFOnly
0,SGDRegressorTrainer_1,scikit,SGDRegressorTrainer_1.json,"['bpf_cpu_time_us', 'bpf_page_cache_hit']",[],DynPower,20.800074683832385,2048883226178.8926,20.800074683832385,0.0,0.0,4.108924596318754,220.78582505560183,0,0,2048883226178.8926,BPFOnly
4,LinearRegressionTrainer_1,scikit,LinearRegressionTrainer_1.json,"['bpf_cpu_time_us', 'bpf_page_cache_hit']",[],DynPower,21.26683303727803,333.16057694688914,21.26683303727803,0.0,0.0,4.207642525174222,283.15221773187284,0,0,333.16057694688914,BPFOnly
2,XgboostFitTrainer_1,xgboost,XgboostFitTrainer_1.json,"['bpf_cpu_time_us', 'bpf_page_cache_hit', 'cache_miss', 'cgroupfs_cpu_usage_us', 'cgroupfs_memory_usage_bytes', 'cgroupfs_system_cpu_usage_us', 'cgroupfs_user_cpu_usage_us', 'cpu_cycles', 'cpu_instructions', 'kubelet_cpu_usage', 'kubelet_memory_bytes']",[],DynPower,2.841602242969178,44213818714.28422,2.841602242969178,1.3356274394027423e-05,1.3356274394027423e-05,0.7190889865258113,25.541511589900274,0,0,44213818714.28422,Basic
5,GradientBoostingRegressorTrainer_1,scikit,GradientBoostingRegressorTrainer_1.json,"['bpf_cpu_time_us', 'bpf_page_cache_hit', 'cache_miss', 'cgroupfs_cpu_usage_us', 'cgroupfs_memory_usage_bytes', 'cgroupfs_system_cpu_usage_us', 'cgroupfs_user_cpu_usage_us', 'cpu_cycles', 'cpu_instructions', 'kubelet_cpu_usage', 'kubelet_memory_bytes']",[],DynPower,3.5191258482033048,65959980516322.94,3.5191258482033048,0.0,0.0,0.763784450290648,43.076921893849686,0,0,65959980516322.94,Basic
3,KNeighborsRegressorTrainer_1,scikit,KNeighborsRegressorTrainer_1.json,"['bpf_cpu_time_us', 'bpf_page_cache_hit', 'cache_miss', 'cgroupfs_cpu_usage_us', 'cgroupfs_memory_usage_bytes', 'cgroupfs_system_cpu_usage_us', 'cgroupfs_user_cpu_usage_us', 'cpu_cycles', 'cpu_instructions', 'kubelet_cpu_usage', 'kubelet_memory_bytes']",[],DynPower,4.882865953108394,78122637545483.89,4.882865953108394,0.0,0.0,0.974586646279488,42.98090147519646,0,0,78122637545483.89,Basic
6,PolynomialRegressionTrainer_1,scikit,PolynomialRegressionTrainer_1.json,"['bpf_cpu_time_us', 'bpf_page_cache_hit', 'cache_miss', 'cgroupfs_cpu_usage_us', 'cgroupfs_memory_usage_bytes', 'cgroupfs_system_cpu_usage_us', 'cgroupfs_user_cpu_usage_us', 'cpu_cycles', 'cpu_instructions', 'kubelet_cpu_usage', 'kubelet_memory_bytes']",['poly_scaler.pkl'],DynPower,6.1396251262448365,26538494639745.29,6.1396251262448365,0.0,0.0,1.4427463273842172,61.08789868345003,0,0,26538494639745.29,Basic
1,SVRRegressorTrainer_1,scikit,SVRRegressorTrainer_1.json,"['bpf_cpu_time_us', 'bpf_page_cache_hit', 'cache_miss', 'cgroupfs_cpu_usage_us', 'cgroupfs_memory_usage_bytes', 'cgroupfs_system_cpu_usage_us', 'cgroupfs_user_cpu_usage_us', 'cpu_cycles', 'cpu_instructions', 'kubelet_cpu_usage', 'kubelet_memory_bytes']",[],DynPower,7.788893587114919,68969688186387.3,7.788893587114919,0.0,0.0,1.2339026015767436,33.348695896865436,0,0,68969688186387.3,Basic
4,LinearRegressionTrainer_1,scikit,LinearRegressionTrainer_1.json,"['bpf_cpu_time_us', 'bpf_page_cache_hit', 'cache_miss', 'cgroupfs_cpu_usage_us', 'cgroupfs_memory_usage_bytes', 'cgroupfs_system_cpu_usage_us', 'cgroupfs_user_cpu_usage_us', 'cpu_cycles', 'cpu_instructions', 'kubelet_cpu_usage', 'kubelet_memory_bytes']",[],DynPower,11.776397133757083,112509214277.42459,11.776397133757083,0.0,0.0,2.3457007374623733,121.65048791546145,0,0,112509214277.42459,Basic
0,SGDRegressorTrainer_1,scikit,SGDRegressorTrainer_1.json,"['bpf_cpu_time_us', 'bpf_page_cache_hit', 'cache_miss', 'cgroupfs_cpu_usage_us', 'cgroupfs_memory_usage_bytes', 'cgroupfs_system_cpu_usage_us', 'cgroupfs_user_cpu_usage_us', 'cpu_cycles', 'cpu_instructions', 'kubelet_cpu_usage', 'kubelet_memory_bytes']",[],DynPower,12.444500305384109,319830723417666.3,12.444500305384109,0.0,0.0,2.0559874199559207,96.56445051306906,0,0,319830723417666.3,Basic
2,XgboostFitTrainer_1,xgboost,XgboostFitTrainer_1.json,"['cgroupfs_cpu_usage_us', 'cgroupfs_memory_usage_bytes', 'cgroupfs_system_cpu_usage_us', 'cgroupfs_user_cpu_usage_us']",[],DynPower,31.178959819217077,385842351716933.0,31.178959819217077,1.3356274394027423e-05,1.3356274394027423e-05,6.2621971613237575,585.1619419647152,0,0,385842351716933.0,CgroupOnly
1,SVRRegressorTrainer_1,scikit,SVRRegressorTrainer_1.json,"['cgroupfs_cpu_usage_us', 'cgroupfs_memory_usage_bytes', 'cgroupfs_system_cpu_usage_us', 'cgroupfs_user_cpu_usage_us']",[],DynPower,33.98600600285368,83131298418244.94,33.98600600285368,0.0,0.0,4.891230720199779,448.6129463143325,0,0,83131298418244.94,CgroupOnly
5,GradientBoostingRegressorTrainer_1,scikit,GradientBoostingRegressorTrainer_1.json,"['cgroupfs_cpu_usage_us', 'cgroupfs_memory_usage_bytes', 'cgroupfs_system_cpu_usage_us', 'cgroupfs_user_cpu_usage_us']",[],DynPower,34.05447930994601,574447072413.552,34.05447930994601,0.0,0.0,5.079986800821354,746.1601694174831,0,0,574447072413.552,CgroupOnly
6,PolynomialRegressionTrainer_1,scikit,PolynomialRegressionTrainer_1.json,"['cgroupfs_cpu_usage_us', 'cgroupfs_memory_usage_bytes', 'cgroupfs_system_cpu_usage_us', 'cgroupfs_user_cpu_usage_us']",['poly_scaler.pkl'],DynPower,36.127483954173904,375582241352079.56,36.127483954173904,0.0,0.0,6.005808413962121,1080.6118794137035,0,0,375582241352079.56,CgroupOnly
0,SGDRegressorTrainer_1,scikit,SGDRegressorTrainer_1.json,"['cgroupfs_cpu_usage_us', 'cgroupfs_memory_usage_bytes', 'cgroupfs_system_cpu_usage_us', 'cgroupfs_user_cpu_usage_us']",[],DynPower,37.05291712160212,240279565279.0505,37.05291712160212,0.0,0.0,6.6249127169565805,672.7373391543144,0,0,240279565279.0505,CgroupOnly
3,KNeighborsRegressorTrainer_1,scikit,KNeighborsRegressorTrainer_1.json,"['cgroupfs_cpu_usage_us', 'cgroupfs_memory_usage_bytes', 'cgroupfs_system_cpu_usage_us', 'cgroupfs_user_cpu_usage_us']",[],DynPower,37.649030071357586,106370857024734.23,37.649030071357586,0.0,0.0,4.232568807339071,899.9454750372562,0,0,106370857024734.23,CgroupOnly
4,LinearRegressionTrainer_1,scikit,LinearRegressionTrainer_1.json,"['cgroupfs_cpu_usage_us', 'cgroupfs_memory_usage_bytes', 'cgroupfs_system_cpu_usage_us', 'cgroupfs_user_cpu_usage_us']",[],DynPower,37.69957916770082,710579804228463.5,37.69957916770082,0.0,0.0,6.480208663075377,852.1930070182636,0,0,710579804228463.5,CgroupOnly
2,XgboostFitTrainer_1,xgboost,XgboostFitTrainer_1.json,"['bpf_block_irq', 'bpf_net_rx_irq', 'bpf_net_tx_irq', 'cache_miss', 'cpu_cycles', 'cpu_instructions']",[],DynPower,4.038506139065621,49814771929125.27,4.038506139065621,1.3356274394027423e-05,1.3356274394027423e-05,0.9901499017558508,33.145852125366915,0,0,49814771929125.27,CounterIRQCombined
5,GradientBoostingRegressorTrainer_1,scikit,GradientBoostingRegressorTrainer_1.json,"['bpf_block_irq', 'bpf_net_rx_irq', 'bpf_net_tx_irq', 'cache_miss', 'cpu_cycles', 'cpu_instructions']",[],DynPower,4.1409246772053745,75342134837483.36,4.1409246772053745,0.0,0.0,0.9751547468325217,29.960748465229802,0,0,75342134837483.36,CounterIRQCombined
3,KNeighborsRegressorTrainer_1,scikit,KNeighborsRegressorTrainer_1.json,"['bpf_block_irq', 'bpf_net_rx_irq', 'bpf_net_tx_irq', 'cache_miss', 'cpu_cycles', 'cpu_instructions']",[],DynPower,4.607446738022548,181781451693909.56,4.607446738022548,0.0,0.0,1.0119704383283739,39.01307327399774,0,0,181781451693909.56,CounterIRQCombined
6,PolynomialRegressionTrainer_1,scikit,PolynomialRegressionTrainer_1.json,"['bpf_block_irq', 'bpf_net_rx_irq', 'bpf_net_tx_irq', 'cache_miss', 'cpu_cycles', 'cpu_instructions']",['poly_scaler.pkl'],DynPower,6.168879335261481,43840473864683.445,6.168879335261481,0.0,0.0,1.3087748285645004,56.08284808122917,0,0,43840473864683.445,CounterIRQCombined
1,SVRRegressorTrainer_1,scikit,SVRRegressorTrainer_1.json,"['bpf_block_irq', 'bpf_net_rx_irq', 'bpf_net_tx_irq', 'cache_miss', 'cpu_cycles', 'cpu_instructions']",[],DynPower,7.954681650095069,114744600440424.14,7.954681650095069,0.0,0.0,1.5424395129173207,36.90864663166154,0,0,114744600440424.14,CounterIRQCombined
4,LinearRegressionTrainer_1,scikit,LinearRegressionTrainer_1.json,"['bpf_block_irq', 'bpf_net_rx_irq', 'bpf_net_tx_irq', 'cache_miss', 'cpu_cycles', 'cpu_instructions']",[],DynPower,10.41390715027108,88.05505057056753,10.41390715027108,0.0,0.0,2.6294791759773566,115.8987958287276,0,0,88.05505057056753,CounterIRQCombined
0,SGDRegressorTrainer_1,scikit,SGDRegressorTrainer_1.json,"['bpf_block_irq', 'bpf_net_rx_irq', 'bpf_net_tx_irq', 'cache_miss', 'cpu_cycles', 'cpu_instructions']",[],DynPower,11.617495035257084,53188990227840.63,11.617495035257084,0.0,0.0,2.0466735650160808,88.88292015347486,0,0,53188990227840.63,CounterIRQCombined
2,XgboostFitTrainer_1,xgboost,XgboostFitTrainer_1.json,"['cache_miss', 'cpu_cycles', 'cpu_instructions']",[],DynPower,4.099977427881713,77328020466551.3,4.099977427881713,1.3356274394027423e-05,1.3356274394027423e-05,0.9434890869199832,38.38876858887224,0,0,77328020466551.3,CounterOnly
3,KNeighborsRegressorTrainer_1,scikit,KNeighborsRegressorTrainer_1.json,"['cache_miss', 'cpu_cycles', 'cpu_instructions']",[],DynPower,4.131976809378843,41.360594468793295,4.131976809378843,0.0,0.0,0.8203697757392273,42.60461664557175,0,0,41.360594468793295,CounterOnly
5,GradientBoostingRegressorTrainer_1,scikit,GradientBoostingRegressorTrainer_1.json,"['cache_miss', 'cpu_cycles', 'cpu_instructions']",[],DynPower,4.41381414215619,61699476777102.97,4.41381414215619,0.0,0.0,1.2190771446681448,26.549701794878676,0,0,61699476777102.97,CounterOnly
6,PolynomialRegressionTrainer_1,scikit,PolynomialRegressionTrainer_1.json,"['cache_miss', 'cpu_cycles', 'cpu_instructions']",['poly_scaler.pkl'],DynPower,6.999083004361468,69.33910980416167,6.999083004361468,0.0,0.0,1.3925305857170434,54.85027949100328,0,0,69.33910980416167,CounterOnly
1,SVRRegressorTrainer_1,scikit,SVRRegressorTrainer_1.json,"['cache_miss', 'cpu_cycles', 'cpu_instructions']",[],DynPower,7.813724281059479,78665525266168.66,7.813724281059479,0.0,0.0,1.2848273782143464,30.88145957338766,0,0,78665525266168.66,CounterOnly
4,LinearRegressionTrainer_1,scikit,LinearRegressionTrainer_1.json,"['cache_miss', 'cpu_cycles', 'cpu_instructions']",[],DynPower,11.563022038626379,170180331992677.56,11.563022038626379,0.0,0.0,2.0504692507232067,109.29858550120386,0,0,170180331992677.56,CounterOnly
0,SGDRegressorTrainer_1,scikit,SGDRegressorTrainer_1.json,"['cache_miss', 'cpu_cycles', 'cpu_instructions']",[],DynPower,12.351437299779164,131029311125613.12,12.351437299779164,0.0,0.0,2.5266599803581737,71.62335006970393,0,0,131029311125613.12,CounterOnly
3,KNeighborsRegressorTrainer_1,scikit,KNeighborsRegressorTrainer_1.json,"['kubelet_cpu_usage', 'kubelet_memory_bytes']",[],DynPower,27.766785168195245,188100373261815.25,27.766785168195245,0.0,0.0,5.407570591234059,486.9166143602879,0,0,188100373261815.25,KubeletOnly
2,XgboostFitTrainer_1,xgboost,XgboostFitTrainer_1.json,"['kubelet_cpu_usage', 'kubelet_memory_bytes']",[],DynPower,28.035387457229184,185494860352.78955,28.035387457229184,1.3356274394027423e-05,1.3356274394027423e-05,4.500415415147194,584.0581168590774,0,0,185494860352.78955,KubeletOnly
1,SVRRegressorTrainer_1,scikit,SVRRegressorTrainer_1.json,"['kubelet_cpu_usage', 'kubelet_memory_bytes']",[],DynPower,28.570472641946566,118653147284.78497,28.570472641946566,0.0,0.0,2.7657622032292877,286.75688851751505,0,0,118653147284.78497,KubeletOnly
6,PolynomialRegressionTrainer_1,scikit,PolynomialRegressionTrainer_1.json,"['kubelet_cpu_usage', 'kubelet_memory_bytes']",['poly_scaler.pkl'],DynPower,28.774298993777283,1080789058949.192,28.774298993777283,0.0,0.0,5.260911238528731,639.7451492736292,0,0,1080789058949.192,KubeletOnly
0,SGDRegressorTrainer_1,scikit,SGDRegressorTrainer_1.json,"['kubelet_cpu_usage', 'kubelet_memory_bytes']",[],DynPower,29.367570281504364,292964290003981.1,29.367570281504364,0.0,0.0,5.8299784344253744,686.172170117164,0,0,292964290003981.1,KubeletOnly
5,GradientBoostingRegressorTrainer_1,scikit,GradientBoostingRegressorTrainer_1.json,"['kubelet_cpu_usage', 'kubelet_memory_bytes']",[],DynPower,29.49643239731852,197228266816575.1,29.49643239731852,0.0,0.0,5.0237488112122355,567.6343629002921,0,0,197228266816575.1,KubeletOnly
4,LinearRegressionTrainer_1,scikit,LinearRegressionTrainer_1.json,"['kubelet_cpu_usage', 'kubelet_memory_bytes']",[],DynPower,31.904052721389785,280527563009647.4,31.904052721389785,0.0,0.0,6.0418075698209375,413.88526865829454,0,0,280527563009647.4,KubeletOnly
