{"command": "train", "input": "stressng_kepler_query", "output": "output", "server": "http://localhost:9090", "interval": 300, "start_time": "", "end_time": "", "step": 3, "metric_prefix": "kepler_", "thirdparty_metrics": "", "pipeline_name": "std_v0.7_stressng", "extractor": "default", "isolator": "min", "profile": null, "target_hints": null, "bg_hints": null, "energy_source": "rapl,acpi", "abs_trainers": "PolynomialRegressionTrainer,GradientBoostingRegressorTrainer,SGDRegressorTrainer,KNeighborsRegressorTrainer,LinearRegressionTrainer,SVRRegressorTrainer,XgboostFitTrainer", "dyn_trainers": "PolynomialRegressionTrainer,GradientBoostingRegressorTrainer,SGDRegressorTrainer,KNeighborsRegressorTrainer,LinearRegressionTrainer,SVRRegressorTrainer,XgboostFitTrainer", "benchmark": null, "output_type": "AbsPower", "feature_group": "", "model_name": null, "target_data": null, "scenario": null, "id": null, "version": "v0.7", "publisher": null, "include_raw": null}