{"model_name": "GradientBoostingRegressorTrainer_1", "model_class": "scikit", "model_file": "GradientBoostingRegressorTrainer_1.json", "features": ["bpf_block_irq", "bpf_cpu_time_us", "bpf_net_rx_irq", "bpf_net_tx_irq", "bpf_page_cache_hit"], "fe_files": [], "output_type": "DynPower", "mae": 12.396571334114896, "mape": 137159599911.9091, "package_mae": 12.396571334114896, "core_mae": 0.0, "uncore_mae": 0.0, "dram_mae": 1.8751495245455108, "package_mape": 75.40258121429446, "core_mape": 0, "uncore_mape": 0, "dram_mape": 137159599911.9091}