{"package": {"All_Weights": {"Bias_Weight": 417.361305251243, "Categorical_Variables": {}, "Numerical_Variables": {"bpf_cpu_time_us": {"mean": 417193.50479072117, "variance": 23137636021052.312, "weight": -0.08726832101248701}}}}, "core": {"All_Weights": {"Bias_Weight": 0.0, "Categorical_Variables": {}, "Numerical_Variables": {"bpf_cpu_time_us": {"mean": 417193.50479072117, "variance": 23137636021052.312, "weight": 0.0}}}}, "uncore": {"All_Weights": {"Bias_Weight": 0.0, "Categorical_Variables": {}, "Numerical_Variables": {"bpf_cpu_time_us": {"mean": 417193.50479072117, "variance": 23137636021052.312, "weight": 0.0}}}}, "dram": {"All_Weights": {"Bias_Weight": 165.90857618859883, "Categorical_Variables": {}, "Numerical_Variables": {"bpf_cpu_time_us": {"mean": 417193.50479072117, "variance": 23137636021052.312, "weight": -0.32530047929171496}}}}}