{"package": {"All_Weights": {"Bias_Weight": 445.1797477421783, "Categorical_Variables": {}, "Numerical_Variables": {"bpf_cpu_time_us": {"mean": 417193.50479072117, "variance": 23137636021052.312, "weight": -56.21320253292111}}}}, "core": {"All_Weights": {"Bias_Weight": 0.0, "Categorical_Variables": {}, "Numerical_Variables": {"bpf_cpu_time_us": {"mean": 417193.50479072117, "variance": 23137636021052.312, "weight": 0.0}}}}, "uncore": {"All_Weights": {"Bias_Weight": 0.0, "Categorical_Variables": {}, "Numerical_Variables": {"bpf_cpu_time_us": {"mean": 417193.50479072117, "variance": 23137636021052.312, "weight": 0.0}}}}, "dram": {"All_Weights": {"Bias_Weight": 172.63874003196975, "Categorical_Variables": {}, "Numerical_Variables": {"bpf_cpu_time_us": {"mean": 417193.50479072117, "variance": 23137636021052.312, "weight": -20.5962214132023}}}}}