{"package": {"All_Weights": {"Bias_Weight": 372.8223105643302, "Categorical_Variables": {}, "Numerical_Variables": {"kubelet_cpu_usage": {"mean": 6.450792199878123, "variance": 77.73254710754021, "weight": 102.68578222108502}, "kubelet_memory_bytes": {"mean": 8342362.63741621, "variance": 4511478508754909.0, "weight": 0.8389483851670948}}}}, "core": {"All_Weights": {"Bias_Weight": 0.0, "Categorical_Variables": {}, "Numerical_Variables": {"kubelet_cpu_usage": {"mean": 6.450792199878123, "variance": 77.73254710754021, "weight": 0.0}, "kubelet_memory_bytes": {"mean": 8342362.63741621, "variance": 4511478508754909.0, "weight": 0.0}}}}, "uncore": {"All_Weights": {"Bias_Weight": 0.0, "Categorical_Variables": {}, "Numerical_Variables": {"kubelet_cpu_usage": {"mean": 6.450792199878123, "variance": 77.73254710754021, "weight": 0.0}, "kubelet_memory_bytes": {"mean": 8342362.63741621, "variance": 4511478508754909.0, "weight": 0.0}}}}, "dram": {"All_Weights": {"Bias_Weight": 139.0378126078241, "Categorical_Variables": {}, "Numerical_Variables": {"kubelet_cpu_usage": {"mean": 6.450792199878123, "variance": 77.73254710754021, "weight": 15.539144967887113}, "kubelet_memory_bytes": {"mean": 8342362.63741621, "variance": 4511478508754909.0, "weight": 0.43054164838610826}}}}}