{"package": {"All_Weights": {"Bias_Weight": 1156.3273252935508, "Categorical_Variables": {}, "Numerical_Variables": {"kubelet_cpu_usage": {"mean": 6.450792199878123, "variance": 77.73254710754021, "weight": 1107.622949812251}, "kubelet_memory_bytes": {"mean": 8342362.63741621, "variance": 4511478508754909.0, "weight": -133.5838911067494}}}}, "core": {"All_Weights": {"Bias_Weight": 0.0, "Categorical_Variables": {}, "Numerical_Variables": {"kubelet_cpu_usage": {"mean": 6.450792199878123, "variance": 77.73254710754021, "weight": 0.0}, "kubelet_memory_bytes": {"mean": 8342362.63741621, "variance": 4511478508754909.0, "weight": 0.0}}}}, "uncore": {"All_Weights": {"Bias_Weight": 0.0, "Categorical_Variables": {}, "Numerical_Variables": {"kubelet_cpu_usage": {"mean": 6.450792199878123, "variance": 77.73254710754021, "weight": 0.0}, "kubelet_memory_bytes": {"mean": 8342362.63741621, "variance": 4511478508754909.0, "weight": 0.0}}}}, "dram": {"All_Weights": {"Bias_Weight": 240.86090752065917, "Categorical_Variables": {}, "Numerical_Variables": {"kubelet_cpu_usage": {"mean": 6.450792199878123, "variance": 77.73254710754021, "weight": 140.3735782554295}, "kubelet_memory_bytes": {"mean": 8342362.63741621, "variance": 4511478508754909.0, "weight": -21.834439001953356}}}}}