{"model_name": "PolynomialRegressionTrainer_1", "model_class": "scikit", "model_file": "PolynomialRegressionTrainer_1.json", "features": ["bpf_block_irq", "bpf_net_rx_irq", "bpf_net_tx_irq", "cache_miss", "cpu_cycles", "cpu_instructions"], "fe_files": ["poly_scaler.pkl"], "output_type": "DynPower", "mae": 6.168879335261481, "mape": 43840473864683.445, "package_mae": 6.168879335261481, "core_mae": 0.0, "uncore_mae": 0.0, "dram_mae": 1.3087748285645004, "package_mape": 56.08284808122917, "core_mape": 0, "uncore_mape": 0, "dram_mape": 43840473864683.445}