{"model_name": "LinearRegressionTrainer_1", "model_class": "scikit", "model_file": "LinearRegressionTrainer_1.json", "features": ["bpf_cpu_time_us", "bpf_page_cache_hit", "cache_miss", "cgroupfs_cpu_usage_us", "cgroupfs_memory_usage_bytes", "cgroupfs_system_cpu_usage_us", "cgroupfs_user_cpu_usage_us", "cpu_cycles", "cpu_instructions", "kubelet_cpu_usage", "kubelet_memory_bytes"], "fe_files": [], "output_type": "AbsPower", "mae": 13.028572632213667, "mape": 3.795950533805689, "package_mae": 13.028572632213667, "core_mae": 0.0, "uncore_mae": 0.0, "dram_mae": 2.298863291552292, "package_mape": 13.66450979946993, "core_mape": 0, "uncore_mape": 0, "dram_mape": 3.795950533805689}