{"package": {"All_Weights": {"Bias_Weight": -8268935007.357753, "Categorical_Variables": {}, "Numerical_Variables": {"bpf_block_irq": {"mean": 0.0, "variance": 0.0, "weight": -309599076376010.5}, "bpf_cpu_time_us": {"mean": 7618.048399687744, "variance": 49503566191.24723, "weight": 42045772549.372635}, "bpf_net_rx_irq": {"mean": 0.0, "variance": 0.0, "weight": -61214921145895.59}, "bpf_net_tx_irq": {"mean": 0.0, "variance": 0.0, "weight": 1029767827426.4386}}}}, "core": {"All_Weights": {"Bias_Weight": 0.0, "Categorical_Variables": {}, "Numerical_Variables": {"bpf_block_irq": {"mean": 0.0, "variance": 0.0, "weight": 0.0}, "bpf_cpu_time_us": {"mean": 7618.048399687744, "variance": 49503566191.24723, "weight": 0.0}, "bpf_net_rx_irq": {"mean": 0.0, "variance": 0.0, "weight": 0.0}, "bpf_net_tx_irq": {"mean": 0.0, "variance": 0.0, "weight": 0.0}}}}, "uncore": {"All_Weights": {"Bias_Weight": 0.0, "Categorical_Variables": {}, "Numerical_Variables": {"bpf_block_irq": {"mean": 0.0, "variance": 0.0, "weight": 0.0}, "bpf_cpu_time_us": {"mean": 7618.048399687744, "variance": 49503566191.24723, "weight": 0.0}, "bpf_net_rx_irq": {"mean": 0.0, "variance": 0.0, "weight": 0.0}, "bpf_net_tx_irq": {"mean": 0.0, "variance": 0.0, "weight": 0.0}}}}, "dram": {"All_Weights": {"Bias_Weight": 5292016247.685298, "Categorical_Variables": {}, "Numerical_Variables": {"bpf_block_irq": {"mean": 0.0, "variance": 0.0, "weight": -356860186838782.5}, "bpf_cpu_time_us": {"mean": 7618.048399687744, "variance": 49503566191.24723, "weight": 3321627332.523607}, "bpf_net_rx_irq": {"mean": 0.0, "variance": 0.0, "weight": -360039920117.14343}, "bpf_net_tx_irq": {"mean": 0.0, "variance": 0.0, "weight": 292985181495.54877}}}}}