{"model_name": "GradientBoostingRegressorTrainer_1", "model_class": "scikit", "model_file": "GradientBoostingRegressorTrainer_1.json", "features": ["bpf_block_irq", "bpf_net_rx_irq", "bpf_net_tx_irq", "cache_miss", "cpu_cycles", "cpu_instructions"], "fe_files": [], "output_type": "DynPower", "mae": 4.1409246772053745, "mape": 75342134837483.36, "package_mae": 4.1409246772053745, "core_mae": 0.0, "uncore_mae": 0.0, "dram_mae": 0.9751547468325217, "package_mape": 29.960748465229802, "core_mape": 0, "uncore_mape": 0, "dram_mape": 75342134837483.36}