{"model_name": "SGDRegressorTrainer_1", "model_class": "scikit", "model_file": "SGDRegressorTrainer_1.json", "features": ["bpf_block_irq", "bpf_net_rx_irq", "bpf_net_tx_irq", "cache_miss", "cpu_cycles", "cpu_instructions"], "fe_files": [], "output_type": "DynPower", "mae": 11.617495035257084, "mape": 53188990227840.63, "package_mae": 11.617495035257084, "core_mae": 0.0, "uncore_mae": 0.0, "dram_mae": 2.0466735650160808, "package_mape": 88.88292015347486, "core_mape": 0, "uncore_mape": 0, "dram_mape": 53188990227840.63}