{"model_name": "XgboostFitTrainer_1", "model_class": "xgboost", "model_file": "XgboostFitTrainer_1.json", "features": ["cgroupfs_cpu_usage_us", "cgroupfs_memory_usage_bytes", "cgroupfs_system_cpu_usage_us", "cgroupfs_user_cpu_usage_us"], "fe_files": [], "output_type": "AbsPower", "mae": 33.514424467360534, "mape": 10.14954440365837, "package_mae": 33.514424467360534, "core_mae": 1.3356274394027423e-05, "uncore_mae": 1.3356274394027423e-05, "dram_mae": 5.920546639258634, "package_mape": 41.9184227469471, "core_mape": 0, "uncore_mape": 0, "dram_mape": 10.14954440365837}