{"package": {"All_Weights": {"Bias_Weight": -968431611.7245307, "Categorical_Variables": {}, "Numerical_Variables": {"bpf_block_irq": {"mean": 194.75475475475477, "variance": 4545435.817398981, "weight": -108752971254.24342}, "bpf_cpu_time_us": {"mean": 100411.45145145144, "variance": 812219796422.7513, "weight": 20981824398.07269}, "bpf_net_rx_irq": {"mean": 129566.57991324658, "variance": 1890569901205.6882, "weight": -27944237809.878857}, "bpf_net_tx_irq": {"mean": 3.4167500834167503, "variance": 11650.83277026331, "weight": -3371313914.030944}}}}, "core": {"All_Weights": {"Bias_Weight": 0.0, "Categorical_Variables": {}, "Numerical_Variables": {"bpf_block_irq": {"mean": 194.75475475475477, "variance": 4545435.817398981, "weight": 0.0}, "bpf_cpu_time_us": {"mean": 100411.45145145144, "variance": 812219796422.7513, "weight": 0.0}, "bpf_net_rx_irq": {"mean": 129566.57991324658, "variance": 1890569901205.6882, "weight": 0.0}, "bpf_net_tx_irq": {"mean": 3.4167500834167503, "variance": 11650.83277026331, "weight": 0.0}}}}, "uncore": {"All_Weights": {"Bias_Weight": 0.0, "Categorical_Variables": {}, "Numerical_Variables": {"bpf_block_irq": {"mean": 194.75475475475477, "variance": 4545435.817398981, "weight": 0.0}, "bpf_cpu_time_us": {"mean": 100411.45145145144, "variance": 812219796422.7513, "weight": 0.0}, "bpf_net_rx_irq": {"mean": 129566.57991324658, "variance": 1890569901205.6882, "weight": 0.0}, "bpf_net_tx_irq": {"mean": 3.4167500834167503, "variance": 11650.83277026331, "weight": 0.0}}}}, "dram": {"All_Weights": {"Bias_Weight": 846597158.4941714, "Categorical_Variables": {}, "Numerical_Variables": {"bpf_block_irq": {"mean": 194.75475475475477, "variance": 4545435.817398981, "weight": -401588860632.5973}, "bpf_cpu_time_us": {"mean": 100411.45145145144, "variance": 812219796422.7513, "weight": 8979739553.157063}, "bpf_net_rx_irq": {"mean": 129566.57991324658, "variance": 1890569901205.6882, "weight": 11120414157.122255}, "bpf_net_tx_irq": {"mean": 3.4167500834167503, "variance": 11650.83277026331, "weight": 16219864997.306976}}}}}