{"model_name": "GradientBoostingRegressorTrainer_1", "model_class": "scikit", "model_file": "GradientBoostingRegressorTrainer_1.json", "features": ["cgroupfs_cpu_usage_us", "cgroupfs_memory_usage_bytes", "cgroupfs_system_cpu_usage_us", "cgroupfs_user_cpu_usage_us"], "fe_files": [], "output_type": "AbsPower", "mae": 35.14714325205254, "mape": 9.813681621823461, "package_mae": 35.14714325205254, "core_mae": 0.0, "uncore_mae": 0.0, "dram_mae": 5.564773328732062, "package_mape": 39.6977157360284, "core_mape": 0, "uncore_mape": 0, "dram_mape": 9.813681621823461}