{"model_name": "XgboostFitTrainer_1", "model_class": "xgboost", "model_file": "XgboostFitTrainer_1.json", "features": ["bpf_block_irq", "bpf_cpu_time_us", "bpf_net_rx_irq", "bpf_net_tx_irq", "bpf_page_cache_hit"], "fe_files": [], "output_type": "DynPower", "mae": 11.279477503576299, "mape": 832906757925985.9, "package_mae": 11.279477503576299, "core_mae": 1.3356274394027423e-05, "uncore_mae": 1.3356274394027423e-05, "dram_mae": 1.6061029801950442, "package_mape": 50.3337963056464, "core_mape": 0, "uncore_mape": 0, "dram_mape": 832906757925985.9}