{"package": {"All_Weights": {"Bias_Weight": 373.5339638091073, "Categorical_Variables": {}, "Numerical_Variables": {"bpf_cpu_time_us": {"mean": 7618.048399687744, "variance": 49503566191.24723, "weight": -5.583457197141831}}}}, "core": {"All_Weights": {"Bias_Weight": 0.0, "Categorical_Variables": {}, "Numerical_Variables": {"bpf_cpu_time_us": {"mean": 7618.048399687744, "variance": 49503566191.24723, "weight": 0.0}}}}, "uncore": {"All_Weights": {"Bias_Weight": 0.0, "Categorical_Variables": {}, "Numerical_Variables": {"bpf_cpu_time_us": {"mean": 7618.048399687744, "variance": 49503566191.24723, "weight": 0.0}}}}, "dram": {"All_Weights": {"Bias_Weight": 139.17293578121058, "Categorical_Variables": {}, "Numerical_Variables": {"bpf_cpu_time_us": {"mean": 7618.048399687744, "variance": 49503566191.24723, "weight": -3.9085201877707783}}}}}