{"package": {"All_Weights": {"Bias_Weight": 421.7296210187859, "Categorical_Variables": {}, "Numerical_Variables": {"bpf_cpu_time_us": {"mean": 100411.45145145144, "variance": 812219796422.7513, "weight": -3.863783303178404}}}}, "core": {"All_Weights": {"Bias_Weight": 0.0, "Categorical_Variables": {}, "Numerical_Variables": {"bpf_cpu_time_us": {"mean": 100411.45145145144, "variance": 812219796422.7513, "weight": 0.0}}}}, "uncore": {"All_Weights": {"Bias_Weight": 0.0, "Categorical_Variables": {}, "Numerical_Variables": {"bpf_cpu_time_us": {"mean": 100411.45145145144, "variance": 812219796422.7513, "weight": 0.0}}}}, "dram": {"All_Weights": {"Bias_Weight": 167.16697889321074, "Categorical_Variables": {}, "Numerical_Variables": {"bpf_cpu_time_us": {"mean": 100411.45145145144, "variance": 812219796422.7513, "weight": -2.1906178954486375}}}}}