{"model_name": "PolynomialRegressionTrainer_1", "model_class": "scikit", "model_file": "PolynomialRegressionTrainer_1.json", "features": ["bpf_block_irq", "bpf_net_rx_irq", "bpf_net_tx_irq", "cache_miss", "cpu_cycles", "cpu_instructions"], "fe_files": ["poly_scaler.pkl"], "output_type": "AbsPower", "mae": 6.978268603250266, "mape": 2.295801592881137, "package_mae": 6.978268603250266, "core_mae": 0.0, "uncore_mae": 0.0, "dram_mae": 1.3434065951895353, "package_mape": 7.127131971849626, "core_mape": 0, "uncore_mape": 0, "dram_mape": 2.295801592881137}