{"package": {"All_Weights": {"Bias_Weight": 86.747031199955, "Categorical_Variables": {}, "Numerical_Variables": {"bpf_block_irq": {"scale": 3.3333333333333335, "mean": 0, "variance": 0, "weight": 0.0}, "bpf_cpu_time_us": {"scale": 91457.0, "mean": 0, "variance": 0, "weight": 212.82063683022264}, "bpf_net_rx_irq": {"scale": 122.33333333333333, "mean": 0, "variance": 0, "weight": 0.0}, "bpf_net_tx_irq": {"scale": 0.6666666666666666, "mean": 0, "variance": 0, "weight": 51.21059064695182}}}}, "core": {"All_Weights": {"Bias_Weight": 0.0, "Categorical_Variables": {}, "Numerical_Variables": {"bpf_block_irq": {"scale": 3.3333333333333335, "mean": 0, "variance": 0, "weight": 0.0}, "bpf_cpu_time_us": {"scale": 91457.0, "mean": 0, "variance": 0, "weight": 0.0}, "bpf_net_rx_irq": {"scale": 122.33333333333333, "mean": 0, "variance": 0, "weight": 0.0}, "bpf_net_tx_irq": {"scale": 0.6666666666666666, "mean": 0, "variance": 0, "weight": 0.0}}}}, "uncore": {"All_Weights": {"Bias_Weight": 0.0, "Categorical_Variables": {}, "Numerical_Variables": {"bpf_block_irq": {"scale": 3.3333333333333335, "mean": 0, "variance": 0, "weight": 0.0}, "bpf_cpu_time_us": {"scale": 91457.0, "mean": 0, "variance": 0, "weight": 0.0}, "bpf_net_rx_irq": {"scale": 122.33333333333333, "mean": 0, "variance": 0, "weight": 0.0}, "bpf_net_tx_irq": {"scale": 0.6666666666666666, "mean": 0, "variance": 0, "weight": 0.0}}}}, "dram": {"All_Weights": {"Bias_Weight": 34.68529820822339, "Categorical_Variables": {}, "Numerical_Variables": {"bpf_block_irq": {"scale": 3.3333333333333335, "mean": 0, "variance": 0, "weight": 11.431717062370451}, "bpf_cpu_time_us": {"scale": 91457.0, "mean": 0, "variance": 0, "weight": 14.446829053990076}, "bpf_net_rx_irq": {"scale": 122.33333333333333, "mean": 0, "variance": 0, "weight": 0.0}, "bpf_net_tx_irq": {"scale": 0.6666666666666666, "mean": 0, "variance": 0, "weight": 0.045000858833626575}}}}}