{"model_name": "PolynomialRegressionTrainer_1", "model_class": "scikit", "model_file": "PolynomialRegressionTrainer_1.json", "features": ["cache_miss", "cpu_cycles", "cpu_instructions"], "fe_files": ["poly_scaler.pkl"], "output_type": "AbsPower", "mae": 6.761730823226082, "mape": 2.203105971372136, "package_mae": 6.761730823226082, "core_mae": 0.0, "uncore_mae": 0.0, "dram_mae": 1.3021614977488407, "package_mape": 7.376899780019957, "core_mape": 0, "uncore_mape": 0, "dram_mape": 2.203105971372136}