{"model_name": "LinearRegressionTrainer_1", "model_class": "scikit", "model_file": "LinearRegressionTrainer_1.json", "features": ["cgroupfs_cpu_usage_us", "cgroupfs_memory_usage_bytes", "cgroupfs_system_cpu_usage_us", "cgroupfs_user_cpu_usage_us"], "fe_files": [], "output_type": "AbsPower", "mae": 33.99126561516027, "mape": 10.783453667907462, "package_mae": 33.99126561516027, "core_mae": 0.0, "uncore_mae": 0.0, "dram_mae": 6.182916767936935, "package_mape": 40.02193956913526, "core_mape": 0, "uncore_mape": 0, "dram_mape": 10.783453667907462}