{"package": {"All_Weights": {"Bias_Weight": 97.81623266905117, "Categorical_Variables": {}, "Numerical_Variables": {"cgroupfs_cpu_usage_us": {"scale": 18441512.999999996, "weight": 0.0}, "cgroupfs_memory_usage_bytes": {"scale": 5829973.333333334, "weight": 0.0}, "cgroupfs_system_cpu_usage_us": {"scale": 4407750.666666666, "weight": 0.0}, "cgroupfs_user_cpu_usage_us": {"scale": 14033762.333333334, "weight": 0.0}}}}, "core": {"All_Weights": {"Bias_Weight": 0.0, "Categorical_Variables": {}, "Numerical_Variables": {"cgroupfs_cpu_usage_us": {"scale": 18441512.999999996, "weight": 0.0}, "cgroupfs_memory_usage_bytes": {"scale": 5829973.333333334, "weight": 0.0}, "cgroupfs_system_cpu_usage_us": {"scale": 4407750.666666666, "weight": 0.0}, "cgroupfs_user_cpu_usage_us": {"scale": 14033762.333333334, "weight": 0.0}}}}, "uncore": {"All_Weights": {"Bias_Weight": 0.0, "Categorical_Variables": {}, "Numerical_Variables": {"cgroupfs_cpu_usage_us": {"scale": 18441512.999999996, "weight": 0.0}, "cgroupfs_memory_usage_bytes": {"scale": 5829973.333333334, "weight": 0.0}, "cgroupfs_system_cpu_usage_us": {"scale": 4407750.666666666, "weight": 0.0}, "cgroupfs_user_cpu_usage_us": {"scale": 14033762.333333334, "weight": 0.0}}}}, "dram": {"All_Weights": {"Bias_Weight": 52.97872728234609, "Categorical_Variables": {}, "Numerical_Variables": {"cgroupfs_cpu_usage_us": {"scale": 18441512.999999996, "weight": 0.0}, "cgroupfs_memory_usage_bytes": {"scale": 5829973.333333334, "weight": 0.0}, "cgroupfs_system_cpu_usage_us": {"scale": 4407750.666666666, "weight": 0.0}, "cgroupfs_user_cpu_usage_us": {"scale": 14033762.333333334, "weight": 0.3873076735364673}}}}}